<?xml version="1.0" encoding="UTF-8" standalone="no"?>

<!DOCTYPE paula SYSTEM "paula_mark.dtd">
<paula version="1.0">

<header paula_id="Mark_4_edition_wordSeg"/>

<markList xmlns:xlink="http://www.w3.org/1999/xlink" type="edition_wordSeg" xml:base="Mark_4.tok.xml">
<mark id="edition_word_1" xlink:href="#xpointer(id('tok_1')/range-to(id('tok_3')))"/><!-- ⲁ...ⲁⲣⲭⲉⲥⲑⲁⲓ -->
<mark id="edition_word_4" xlink:href="#tok_4"/><!-- ⲟⲛ -->
<mark id="edition_word_5" xlink:href="#xpointer(id('tok_5')/range-to(id('tok_7')))"/><!-- ⲉ...ⲥⲃⲱ -->
<mark id="edition_word_8" xlink:href="#xpointer(id('tok_8')/range-to(id('tok_10')))"/><!-- ϩⲁ...ⲑⲁⲗⲁⲥⲥⲁ -->
<mark id="edition_word_11" xlink:href="#tok_11"/><!-- . -->
<mark id="edition_word_12" xlink:href="#tok_12"/><!-- ⲁⲩⲱ -->
<mark id="edition_word_13" xlink:href="#xpointer(id('tok_13')/range-to(id('tok_15')))"/><!-- ⲁ...ⲛⲟϭ -->
<mark id="edition_word_16" xlink:href="#xpointer(id('tok_16')/range-to(id('tok_17')))"/><!-- ⲙ...ⲙⲏⲏϣⲉ -->
<mark id="edition_word_18" xlink:href="#tok_18"/><!-- ⲥⲱⲟⲩϩ -->
<mark id="edition_word_19" xlink:href="#xpointer(id('tok_19')/range-to(id('tok_20')))"/><!-- ⲉⲣⲟ...ϥ -->
<mark id="edition_word_21" xlink:href="#tok_21"/><!-- ϩⲱⲥⲧⲉ -->
<mark id="edition_word_22" xlink:href="#xpointer(id('tok_22')/range-to(id('tok_25')))"/><!-- ⲉ...ⲁⲗⲉ -->
<mark id="edition_word_26" xlink:href="#xpointer(id('tok_26')/range-to(id('tok_28')))"/><!-- ⲉ...ϫⲟⲉⲓ -->
<mark id="edition_word_29" xlink:href="#xpointer(id('tok_29')/range-to(id('tok_31')))"/><!-- ⲛ...ϩⲙⲟⲟⲥ -->
<mark id="edition_word_32" xlink:href="#xpointer(id('tok_32')/range-to(id('tok_34')))"/><!-- ϩⲛ...ⲑⲁⲗⲁⲥⲥⲁ -->
<mark id="edition_word_35" xlink:href="#tok_35"/><!-- . -->
<mark id="edition_word_36" xlink:href="#tok_36"/><!-- ⲁⲩⲱ -->
<mark id="edition_word_37" xlink:href="#xpointer(id('tok_37')/range-to(id('tok_38')))"/><!-- ⲡ...ⲙⲏⲏϣⲉ -->
<mark id="edition_word_39" xlink:href="#xpointer(id('tok_39')/range-to(id('tok_40')))"/><!-- ⲧⲏⲣ...ϥ -->
<mark id="edition_word_41" xlink:href="#xpointer(id('tok_41')/range-to(id('tok_44')))"/><!-- ⲛⲉ...ϥ -->
<mark id="edition_word_45" xlink:href="#xpointer(id('tok_45')/range-to(id('tok_47')))"/><!-- ϩⲓ...ⲕⲣⲟ -->
<mark id="edition_word_48" xlink:href="#xpointer(id('tok_48')/range-to(id('tok_50')))"/><!-- ⲛ...ⲁⲗⲁⲥⲥⲁ -->
<mark id="edition_word_51" xlink:href="#xpointer(id('tok_51')/range-to(id('tok_53')))"/><!-- ⲁ...ϯⲥⲃⲱ -->
<mark id="edition_word_54" xlink:href="#tok_54"/><!-- ⲇⲉ -->
<mark id="edition_word_55" xlink:href="#xpointer(id('tok_55')/range-to(id('tok_56')))"/><!-- ⲛⲁ...ⲩ -->
<mark id="edition_word_57" xlink:href="#tok_57"/><!-- ⲉⲙⲁⲧⲉ -->
<mark id="edition_word_58" xlink:href="#xpointer(id('tok_58')/range-to(id('tok_60')))"/><!-- ϩⲛ...ⲡⲁⲣⲁⲃⲟⲗⲏ -->
<mark id="edition_word_61" xlink:href="#tok_61"/><!-- ⲁⲩⲱ -->
<mark id="edition_word_62" xlink:href="#xpointer(id('tok_62')/range-to(id('tok_64')))"/><!-- ⲛⲉ...ϫⲱ -->
<mark id="edition_word_65" xlink:href="#xpointer(id('tok_65')/range-to(id('tok_66')))"/><!-- ⲙⲙⲟ...ⲥ -->
<mark id="edition_word_67" xlink:href="#xpointer(id('tok_67')/range-to(id('tok_68')))"/><!-- ⲛⲁ...ⲩ -->
<mark id="edition_word_69" xlink:href="#xpointer(id('tok_69')/range-to(id('tok_71')))"/><!-- ϩⲛ...ⲥⲃⲱ -->
<mark id="edition_word_72" xlink:href="#xpointer(id('tok_72')/range-to(id('tok_73')))"/><!-- ϫⲉ...ⲥⲱⲧⲙ -->
<mark id="edition_word_74" xlink:href="#tok_74"/><!-- ⲉⲓⲥ -->
<mark id="edition_word_75" xlink:href="#tok_75"/><!-- ϩⲏⲏⲧⲉ -->
<mark id="edition_word_76" xlink:href="#xpointer(id('tok_76')/range-to(id('tok_78')))"/><!-- ⲁ...ⲉⲓ -->
<mark id="edition_word_79" xlink:href="#tok_79"/><!-- ⲉⲃⲟⲗ -->
<mark id="edition_word_80" xlink:href="#xpointer(id('tok_80')/range-to(id('tok_83')))"/><!-- ⲛϭⲓ...ϫⲟ -->
<mark id="edition_word_84" xlink:href="#xpointer(id('tok_84')/range-to(id('tok_85')))"/><!-- ⲉⲧ...ϫⲟ -->
<mark id="edition_word_86" xlink:href="#tok_86"/><!-- . -->
<mark id="edition_word_87" xlink:href="#tok_87"/><!-- ⲁⲩⲱ -->
<mark id="edition_word_88" xlink:href="#xpointer(id('tok_88')/range-to(id('tok_90')))"/><!-- ⲛⲧⲉⲣⲉ...ϫⲟ -->
<mark id="edition_word_91" xlink:href="#tok_91"/><!-- ⲟⲩⲁ -->
<mark id="edition_word_92" xlink:href="#tok_92"/><!-- ⲙⲉⲛ -->
<mark id="edition_word_93" xlink:href="#xpointer(id('tok_93')/range-to(id('tok_95')))"/><!-- ⲁ...ϩⲉ -->
<mark id="edition_word_96" xlink:href="#xpointer(id('tok_96')/range-to(id('tok_98')))"/><!-- ϩⲁⲧⲉ...ϩⲓⲏ -->
<mark id="edition_word_99" xlink:href="#tok_99"/><!-- ⲁⲩⲱ -->
<mark id="edition_word_100" xlink:href="#xpointer(id('tok_100')/range-to(id('tok_102')))"/><!-- ⲁ...ⲉⲓ -->
<mark id="edition_word_103" xlink:href="#xpointer(id('tok_103')/range-to(id('tok_105')))"/><!-- ⲛϭⲓ...ϩⲁⲗⲁⲧⲉ -->
<mark id="edition_word_106" xlink:href="#xpointer(id('tok_106')/range-to(id('tok_109')))"/><!-- ⲁ...ⲟⲩ -->
<mark id="edition_word_110" xlink:href="#tok_110"/><!-- ⲕⲉⲩⲁ -->
<mark id="edition_word_111" xlink:href="#tok_111"/><!-- ⲇⲉ -->
<mark id="edition_word_112" xlink:href="#xpointer(id('tok_112')/range-to(id('tok_114')))"/><!-- ⲁ...ϩⲉ -->
<mark id="edition_word_115" xlink:href="#tok_115"/><!-- ⲉϩⲣⲁⲓ -->
<mark id="edition_word_116" xlink:href="#xpointer(id('tok_116')/range-to(id('tok_118')))"/><!-- ⲉϫⲛ...ⲡⲉⲧⲣⲁ -->
<mark id="edition_word_119" xlink:href="#xpointer(id('tok_119')/range-to(id('tok_120')))"/><!-- ⲡ...ⲙⲁ -->
<mark id="edition_word_121" xlink:href="#xpointer(id('tok_121')/range-to(id('tok_123')))"/><!-- ⲉⲧⲉ...ϩⲁϩ -->
<mark id="edition_word_124" xlink:href="#xpointer(id('tok_124')/range-to(id('tok_125')))"/><!-- ⲛ...ⲕⲁϩ -->
<mark id="edition_word_126" xlink:href="#xpointer(id('tok_126')/range-to(id('tok_127')))"/><!-- ⲛϩⲏⲧ...ϥ -->
<mark id="edition_word_128" xlink:href="#tok_128"/><!-- ⲁⲩⲱ -->
<mark id="edition_word_129" xlink:href="#xpointer(id('tok_129')/range-to(id('tok_131')))"/><!-- ⲛ...ⲩⲛⲟⲩ -->
<mark id="edition_word_132" xlink:href="#xpointer(id('tok_132')/range-to(id('tok_134')))"/><!-- ⲁ...ϯⲟⲩⲱ -->
<mark id="edition_word_135" xlink:href="#tok_135"/><!-- ⲉϩⲣⲁⲉⲓ -->
<mark id="edition_word_136" xlink:href="#tok_136"/><!-- ⲉⲧⲃⲉ -->
<mark id="edition_word_139" xlink:href="#tok_139"/><!-- ϩⲁϩ -->
<mark id="edition_word_140" xlink:href="#xpointer(id('tok_140')/range-to(id('tok_141')))"/><!-- ⲛ...ⲕⲁϩ -->
<mark id="edition_word_142" xlink:href="#xpointer(id('tok_142')/range-to(id('tok_143')))"/><!-- ϩⲁⲣⲟ...ⲟⲩ -->
<mark id="edition_word_144" xlink:href="#tok_144"/><!-- ⲁⲩⲱ -->
<mark id="edition_word_145" xlink:href="#xpointer(id('tok_145')/range-to(id('tok_147')))"/><!-- ⲛⲧⲉⲣⲉ...ⲣⲏ -->
<mark id="edition_word_148" xlink:href="#xpointer(id('tok_148')/range-to(id('tok_151')))"/><!-- ϣⲁ...ϩⲱϭⲃ -->
<mark id="edition_word_152" xlink:href="#tok_152"/><!-- ⲁⲩⲱ -->
<mark id="edition_word_153" xlink:href="#tok_153"/><!-- ⲉⲧⲃⲉ -->
<mark id="edition_word_154" xlink:href="#xpointer(id('tok_154')/range-to(id('tok_158')))"/><!-- ϫⲉ...ⲛⲉ -->
<mark id="edition_word_159" xlink:href="#tok_159"/><!-- ⲉⲃⲟⲗ -->
<mark id="edition_word_160" xlink:href="#xpointer(id('tok_160')/range-to(id('tok_162')))"/><!-- ⲁ...ϣⲟⲟⲩⲉ -->
<mark id="edition_word_163" xlink:href="#tok_163"/><!-- ⲕⲉⲩⲁ -->
<mark id="edition_word_164" xlink:href="#xpointer(id('tok_164')/range-to(id('tok_166')))"/><!-- ⲁ...ϩⲉ -->
<mark id="edition_word_167" xlink:href="#tok_167"/><!-- ⲉϩⲣⲁⲉⲓ -->
<mark id="edition_word_168" xlink:href="#xpointer(id('tok_168')/range-to(id('tok_170')))"/><!-- ⲉϫⲛ...ϣⲟⲛⲧⲉ -->
<mark id="edition_word_171" xlink:href="#tok_171"/><!-- ⲁⲩⲱ -->
<mark id="edition_word_172" xlink:href="#xpointer(id('tok_172')/range-to(id('tok_174')))"/><!-- ⲁ...ⲉⲓ -->
<mark id="edition_word_175" xlink:href="#tok_175"/><!-- ⲉϩⲣⲁⲉⲓ -->
<mark id="edition_word_176" xlink:href="#xpointer(id('tok_176')/range-to(id('tok_178')))"/><!-- ⲛϭⲓ...ϣⲟⲛⲧⲉ -->
<mark id="edition_word_179" xlink:href="#xpointer(id('tok_179')/range-to(id('tok_182')))"/><!-- ⲁ...ⲟⲩ -->
<mark id="edition_word_183" xlink:href="#tok_183"/><!-- ⲁⲩⲱ -->
<mark id="edition_word_184" xlink:href="#xpointer(id('tok_184')/range-to(id('tok_187')))"/><!-- ⲙⲡ...ⲕⲁⲣⲡⲟⲥ -->
<mark id="edition_word_188" xlink:href="#xpointer(id('tok_188')/range-to(id('tok_189')))"/><!-- ϩⲉⲛ...ⲕⲟⲟⲩⲉ -->
<mark id="edition_word_190" xlink:href="#xpointer(id('tok_190')/range-to(id('tok_192')))"/><!-- ⲁ...ϩⲉ -->
<mark id="edition_word_193" xlink:href="#xpointer(id('tok_193')/range-to(id('tok_195')))"/><!-- ⲉϫⲙ...ⲕⲁϩ -->
<mark id="edition_word_196" xlink:href="#xpointer(id('tok_196')/range-to(id('tok_198')))"/><!-- ⲉⲧ...ϥ -->
<mark id="edition_word_199" xlink:href="#tok_199"/><!-- ⲁⲩⲱ -->
<mark id="edition_word_200" xlink:href="#xpointer(id('tok_200')/range-to(id('tok_202')))"/><!-- ⲁ...ⲉⲓ -->
<mark id="edition_word_203" xlink:href="#tok_203"/><!-- ⲉϩⲣⲁⲓ -->
<mark id="edition_word_204" xlink:href="#xpointer(id('tok_204')/range-to(id('tok_206')))"/><!-- ⲁ...ⲁⲩⲝⲁⲛⲉ -->
<mark id="edition_word_207" xlink:href="#xpointer(id('tok_207')/range-to(id('tok_210')))"/><!-- ⲁ...ⲕⲁⲣⲡⲟⲥ -->
<mark id="edition_word_211" xlink:href="#xpointer(id('tok_211')/range-to(id('tok_212')))"/><!-- ⲉ...ⲙⲁⲁⲃ -->
<mark id="edition_word_213" xlink:href="#tok_213"/><!-- ⲁⲩⲱ -->
<mark id="edition_word_214" xlink:href="#xpointer(id('tok_214')/range-to(id('tok_215')))"/><!-- ⲉ...ⲥⲉ -->
<mark id="edition_word_216" xlink:href="#tok_216"/><!-- ⲁⲩⲱ -->
<mark id="edition_word_217" xlink:href="#xpointer(id('tok_217')/range-to(id('tok_218')))"/><!-- ⲉ...ϣⲉ -->
<mark id="edition_word_219" xlink:href="#tok_219"/><!-- . -->
<mark id="edition_word_220" xlink:href="#xpointer(id('tok_220')/range-to(id('tok_222')))"/><!-- ⲛⲉ...ϫⲱ -->
<mark id="edition_word_223" xlink:href="#tok_223"/><!-- ⲇⲉ -->
<mark id="edition_word_224" xlink:href="#xpointer(id('tok_224')/range-to(id('tok_225')))"/><!-- ⲙⲙⲟ...ⲥ -->
<mark id="edition_word_226" xlink:href="#xpointer(id('tok_226')/range-to(id('tok_227')))"/><!-- ⲛⲁ...ⲩ -->
<mark id="edition_word_228" xlink:href="#xpointer(id('tok_228')/range-to(id('tok_234')))"/><!-- ϫⲉ...ⲙⲁⲁϫⲉ -->
<mark id="edition_word_235" xlink:href="#tok_235"/><!-- ⲙⲙⲁⲩ -->
<mark id="edition_word_236" xlink:href="#xpointer(id('tok_236')/range-to(id('tok_237')))"/><!-- ⲉ...ⲥⲱⲧⲙ -->
<mark id="edition_word_238" xlink:href="#xpointer(id('tok_238')/range-to(id('tok_240')))"/><!-- ⲙⲁⲣⲉ...ⲥⲱⲧⲙ -->
<mark id="edition_word_241" xlink:href="#tok_241"/><!-- . -->
<mark id="edition_word_242" xlink:href="#xpointer(id('tok_242')/range-to(id('tok_244')))"/><!-- ⲛⲧⲉⲣⲉ...ⲕⲁ -->
<mark id="edition_word_245" xlink:href="#xpointer(id('tok_245')/range-to(id('tok_246')))"/><!-- ⲡ...ⲙⲏⲏϣⲉ -->
<mark id="edition_word_247" xlink:href="#tok_247"/><!-- ⲇⲉ -->
<mark id="edition_word_248" xlink:href="#xpointer(id('tok_248')/range-to(id('tok_251')))"/><!-- ⲁ...ϥ -->
<mark id="edition_word_252" xlink:href="#xpointer(id('tok_252')/range-to(id('tok_256')))"/><!-- ⲛϭⲓ...ϥ -->
<mark id="edition_word_257" xlink:href="#xpointer(id('tok_257')/range-to(id('tok_259')))"/><!-- ⲛⲙ...ⲙⲛⲧⲥⲛⲟⲟⲩⲥ -->
<mark id="edition_word_260" xlink:href="#xpointer(id('tok_260')/range-to(id('tok_262')))"/><!-- ⲉ...ⲡⲁⲣⲁⲃⲟⲗⲏ -->
<mark id="edition_word_263" xlink:href="#xpointer(id('tok_263')/range-to(id('tok_264')))"/><!-- ⲡⲉϫⲁ...ϥ -->
<mark id="edition_word_265" xlink:href="#xpointer(id('tok_265')/range-to(id('tok_266')))"/><!-- ⲛⲁ...ⲩ -->
<mark id="edition_word_267" xlink:href="#tok_267"/><!-- . -->
<mark id="edition_word_268" xlink:href="#xpointer(id('tok_268')/range-to(id('tok_269')))"/><!-- ϫⲉ...ⲛⲧⲱⲧⲛ -->
<mark id="edition_word_270" xlink:href="#xpointer(id('tok_270')/range-to(id('tok_273')))"/><!-- ⲛⲧ...ϯ -->
<mark id="edition_word_274" xlink:href="#xpointer(id('tok_274')/range-to(id('tok_275')))"/><!-- ⲛⲏ...ⲧⲛ -->
<mark id="edition_word_276" xlink:href="#xpointer(id('tok_276')/range-to(id('tok_278')))"/><!-- ⲙ...ⲙⲩⲥⲧⲏⲣⲓⲟⲛ -->
<mark id="edition_word_279" xlink:href="#xpointer(id('tok_279')/range-to(id('tok_281')))"/><!-- ⲛ...ⲙⲛⲧⲣⲣⲟ -->
<mark id="edition_word_282" xlink:href="#xpointer(id('tok_282')/range-to(id('tok_284')))"/><!-- ⲙ...ⲛⲟⲩⲧⲉ -->
<mark id="edition_word_285" xlink:href="#tok_285"/><!-- ⲛⲏ -->
<mark id="edition_word_286" xlink:href="#tok_286"/><!-- ⲇⲉ -->
<mark id="edition_word_287" xlink:href="#xpointer(id('tok_287')/range-to(id('tok_288')))"/><!-- ⲉⲧ...ϩⲓⲃⲟⲗ -->
<mark id="edition_word_289" xlink:href="#xpointer(id('tok_289')/range-to(id('tok_293')))"/><!-- ⲉ...ϩⲱⲃ -->
<mark id="edition_word_294" xlink:href="#tok_294"/><!-- ⲛⲓⲙ -->
<mark id="edition_word_295" xlink:href="#xpointer(id('tok_295')/range-to(id('tok_296')))"/><!-- ⲉⲣⲟ...ⲟⲩ -->
<mark id="edition_word_297" xlink:href="#xpointer(id('tok_297')/range-to(id('tok_299')))"/><!-- ϩⲛ...ⲡⲁⲣⲁⲃⲟⲗⲏ -->
<mark id="edition_word_300" xlink:href="#tok_300"/><!-- ϫⲉⲕⲁⲁⲥ -->
<mark id="edition_word_301" xlink:href="#xpointer(id('tok_301')/range-to(id('tok_303')))"/><!-- ⲉ...ⲛⲁⲩ -->
<mark id="edition_word_304" xlink:href="#xpointer(id('tok_304')/range-to(id('tok_307')))"/><!-- ⲉ...ⲛⲁⲩ -->
<mark id="edition_word_308" xlink:href="#tok_308"/><!-- ⲁⲩⲱ -->
<mark id="edition_word_309" xlink:href="#xpointer(id('tok_309')/range-to(id('tok_312')))"/><!-- ⲛ...ⲛⲁⲩ -->
<mark id="edition_word_313" xlink:href="#tok_313"/><!-- ⲁⲩⲱ -->
<mark id="edition_word_314" xlink:href="#xpointer(id('tok_314')/range-to(id('tok_316')))"/><!-- ⲉ...ⲥⲱⲧⲙ -->
<mark id="edition_word_317" xlink:href="#xpointer(id('tok_317')/range-to(id('tok_320')))"/><!-- ⲉ...ⲥⲱⲧⲙ -->
<mark id="edition_word_321" xlink:href="#xpointer(id('tok_321')/range-to(id('tok_324')))"/><!-- ⲛ...ⲛⲟⲉⲓ -->
<mark id="edition_word_325" xlink:href="#tok_325"/><!-- . -->
<mark id="edition_word_326" xlink:href="#tok_326"/><!-- ⲙⲏⲡⲱⲥ -->
<mark id="edition_word_327" xlink:href="#xpointer(id('tok_327')/range-to(id('tok_330')))"/><!-- ⲛ...ⲟⲩ -->
<mark id="edition_word_331" xlink:href="#xpointer(id('tok_331')/range-to(id('tok_333')))"/><!-- ⲛ...ⲕⲱ -->
<mark id="edition_word_334" xlink:href="#xpointer(id('tok_334')/range-to(id('tok_335')))"/><!-- ⲛⲁ...ⲩ -->
<mark id="edition_word_336" xlink:href="#tok_336"/><!-- ⲉⲃⲟⲗ -->
<mark id="edition_word_337" xlink:href="#tok_337"/><!-- . -->
<mark id="edition_word_338" xlink:href="#tok_338"/><!-- ⲁⲩⲱ -->
<mark id="edition_word_339" xlink:href="#xpointer(id('tok_339')/range-to(id('tok_340')))"/><!-- ⲡⲉϫⲁ...ϥ -->
<mark id="edition_word_341" xlink:href="#xpointer(id('tok_341')/range-to(id('tok_342')))"/><!-- ⲛⲁ...ⲩ -->
<mark id="edition_word_343" xlink:href="#xpointer(id('tok_343')/range-to(id('tok_346')))"/><!-- ϫⲉ...ⲥⲟⲟⲩⲛ -->
<mark id="edition_word_347" xlink:href="#tok_347"/><!-- ⲁⲛ -->
<mark id="edition_word_348" xlink:href="#xpointer(id('tok_348')/range-to(id('tok_350')))"/><!-- ⲛ...ⲡⲁⲣⲁⲃⲟⲗⲏ -->
<mark id="edition_word_351" xlink:href="#tok_351"/><!-- . -->
<mark id="edition_word_352" xlink:href="#tok_352"/><!-- ⲁⲩⲱ -->
<mark id="edition_word_353" xlink:href="#tok_353"/><!-- ⲡⲱⲥ -->
<mark id="edition_word_354" xlink:href="#xpointer(id('tok_354')/range-to(id('tok_356')))"/><!-- ⲛ...ⲡⲁⲣⲁⲃⲟⲗⲏ -->
<mark id="edition_word_357" xlink:href="#xpointer(id('tok_357')/range-to(id('tok_358')))"/><!-- ⲧⲏⲣ...ⲟⲩ -->
<mark id="edition_word_359" xlink:href="#xpointer(id('tok_359')/range-to(id('tok_362')))"/><!-- ⲧⲉⲧ...ⲟⲩ -->
<mark id="edition_word_363" xlink:href="#xpointer(id('tok_363')/range-to(id('tok_365')))"/><!-- ⲡ...ϫⲟ -->
<mark id="edition_word_366" xlink:href="#xpointer(id('tok_366')/range-to(id('tok_368')))"/><!-- ⲉ...ϫⲟ -->
<mark id="edition_word_369" xlink:href="#xpointer(id('tok_369')/range-to(id('tok_371')))"/><!-- ⲙ...ϣⲁϫⲉ -->
<mark id="edition_word_372" xlink:href="#tok_372"/><!-- . -->
<mark id="edition_word_373" xlink:href="#tok_373"/><!-- ⲛⲁⲓ -->
<mark id="edition_word_374" xlink:href="#tok_374"/><!-- ⲇⲉ -->
<mark id="edition_word_375" xlink:href="#tok_375"/><!-- ⲛⲉ -->
<mark id="edition_word_376" xlink:href="#xpointer(id('tok_376')/range-to(id('tok_379')))"/><!-- ⲉⲧ...ϩⲓⲏ -->
<mark id="edition_word_380" xlink:href="#xpointer(id('tok_380')/range-to(id('tok_382')))"/><!-- ⲙ...ⲙⲁ -->
<mark id="edition_word_383" xlink:href="#xpointer(id('tok_383')/range-to(id('tok_388')))"/><!-- ⲉ...ϣⲁϫⲉ -->
<mark id="edition_word_389" xlink:href="#xpointer(id('tok_389')/range-to(id('tok_390')))"/><!-- ⲛϩⲏⲧ...ϥ -->
<mark id="edition_word_391" xlink:href="#tok_391"/><!-- . -->
<mark id="edition_word_392" xlink:href="#tok_392"/><!-- ⲁⲩⲱ -->
<mark id="edition_word_393" xlink:href="#xpointer(id('tok_393')/range-to(id('tok_396')))"/><!-- ⲉ...ⲥⲱⲧⲙ -->
<mark id="edition_word_397" xlink:href="#xpointer(id('tok_397')/range-to(id('tok_399')))"/><!-- ⲛ...ⲩⲛⲟⲩ -->
<mark id="edition_word_400" xlink:href="#xpointer(id('tok_400')/range-to(id('tok_402')))"/><!-- ϣⲁ...ⲉⲓ -->
<mark id="edition_word_403" xlink:href="#xpointer(id('tok_403')/range-to(id('tok_405')))"/><!-- ⲛϭⲓ...ⲥⲁⲧⲁⲛⲁⲥ -->
<mark id="edition_word_406" xlink:href="#xpointer(id('tok_406')/range-to(id('tok_410')))"/><!-- ⲛ...ϣⲁϫⲉ -->
<mark id="edition_word_411" xlink:href="#xpointer(id('tok_411')/range-to(id('tok_415')))"/><!-- ⲉⲛⲧ...ϥ -->
<mark id="edition_word_416" xlink:href="#xpointer(id('tok_416')/range-to(id('tok_417')))"/><!-- ⲛϩⲏⲧ...ⲟⲩ -->
<mark id="edition_word_418" xlink:href="#tok_418"/><!-- ⲁⲩⲱ -->
<mark id="edition_word_419" xlink:href="#tok_419"/><!-- ⲛⲁⲓ -->
<mark id="edition_word_420" xlink:href="#xpointer(id('tok_420')/range-to(id('tok_421')))"/><!-- ϩⲱ...ⲟⲩ -->
<mark id="edition_word_422" xlink:href="#xpointer(id('tok_422')/range-to(id('tok_426')))"/><!-- ⲛ...ϫⲟⲟⲩ -->
<mark id="edition_word_427" xlink:href="#xpointer(id('tok_427')/range-to(id('tok_429')))"/><!-- ϩⲓϫⲛ...ⲙⲁ -->
<mark id="edition_word_430" xlink:href="#xpointer(id('tok_430')/range-to(id('tok_431')))"/><!-- ⲙ...ⲡⲉⲧⲣⲁ -->
<mark id="edition_word_432" xlink:href="#xpointer(id('tok_432')/range-to(id('tok_435')))"/><!-- ⲉ...ⲥⲱⲧⲙ -->
<mark id="edition_word_436" xlink:href="#xpointer(id('tok_436')/range-to(id('tok_438')))"/><!-- ⲉ...ϣⲁϫⲉ -->
<mark id="edition_word_439" xlink:href="#xpointer(id('tok_439')/range-to(id('tok_441')))"/><!-- ⲛ...ⲩⲛⲟⲩ -->
<mark id="edition_word_442" xlink:href="#xpointer(id('tok_442')/range-to(id('tok_445')))"/><!-- ϣⲁ...ϥ -->
<mark id="edition_word_446" xlink:href="#xpointer(id('tok_446')/range-to(id('tok_449')))"/><!-- ϩⲛ...ⲁϣⲉ -->
<mark id="edition_word_450" xlink:href="#xpointer(id('tok_450')/range-to(id('tok_451')))"/><!-- ⲙⲙⲛ...ⲛⲟⲩⲛⲉ -->
<mark id="edition_word_452" xlink:href="#tok_452"/><!-- ⲇⲉ -->
<mark id="edition_word_453" xlink:href="#tok_453"/><!-- ϩⲣⲁⲓ -->
<mark id="edition_word_454" xlink:href="#xpointer(id('tok_454')/range-to(id('tok_455')))"/><!-- ⲛϩⲏⲧ...ⲟⲩ -->
<mark id="edition_word_456" xlink:href="#tok_456"/><!-- ⲁⲗⲗⲁ -->
<mark id="edition_word_457" xlink:href="#xpointer(id('tok_457')/range-to(id('tok_458')))"/><!-- ϩⲛ...ⲡⲣⲟⲥⲟⲩⲟⲉⲓϣ -->
<mark id="edition_word_459" xlink:href="#tok_459"/><!-- ⲛⲉ -->
<mark id="edition_word_460" xlink:href="#xpointer(id('tok_460')/range-to(id('tok_462')))"/><!-- ⲉⲣϣⲁⲛ...ⲑⲗⲓⲯⲓⲥ -->
<mark id="edition_word_463" xlink:href="#tok_463"/><!-- ⲇⲉ -->
<mark id="edition_word_464" xlink:href="#tok_464"/><!-- ϣⲱⲡⲉ -->
<mark id="edition_word_465" xlink:href="#tok_465"/><!-- ⲏ -->
<mark id="edition_word_466" xlink:href="#xpointer(id('tok_466')/range-to(id('tok_467')))"/><!-- ⲟⲩ...ⲇⲓⲱⲅⲙⲟⲥ -->
<mark id="edition_word_468" xlink:href="#tok_468"/><!-- ⲉⲧⲃⲉ -->
<mark id="edition_word_469" xlink:href="#xpointer(id('tok_469')/range-to(id('tok_470')))"/><!-- ⲡ...ϣⲁϫⲉ -->
<mark id="edition_word_471" xlink:href="#xpointer(id('tok_471')/range-to(id('tok_473')))"/><!-- ⲛ...ⲩⲛⲟⲩ -->
<mark id="edition_word_474" xlink:href="#xpointer(id('tok_474')/range-to(id('tok_476')))"/><!-- ϣⲁ...ⲥⲕⲁⲛⲇⲁⲗⲓⲍⲉ -->
<mark id="edition_word_477" xlink:href="#tok_477"/><!-- . -->
<mark id="edition_word_478" xlink:href="#tok_478"/><!-- ⲁⲩⲱ -->
<mark id="edition_word_479" xlink:href="#xpointer(id('tok_479')/range-to(id('tok_480')))"/><!-- ϩⲉⲛ...ⲕⲟⲟⲩⲉ -->
<mark id="edition_word_481" xlink:href="#xpointer(id('tok_481')/range-to(id('tok_485')))"/><!-- ⲛ...ϫⲟⲟⲩ -->
<mark id="edition_word_486" xlink:href="#tok_486"/><!-- ⲉϩⲣⲁⲓ -->
<mark id="edition_word_487" xlink:href="#xpointer(id('tok_487')/range-to(id('tok_489')))"/><!-- ⲉ...ϣⲟⲛⲧⲉ -->
<mark id="edition_word_490" xlink:href="#xpointer(id('tok_490')/range-to(id('tok_491')))"/><!-- ⲉⲧⲉ...ⲛⲁⲓ -->
<mark id="edition_word_492" xlink:href="#tok_492"/><!-- ⲛⲉ -->
<mark id="edition_word_493" xlink:href="#xpointer(id('tok_493')/range-to(id('tok_496')))"/><!-- ⲛⲧ...ⲥⲱⲧⲙ -->
<mark id="edition_word_497" xlink:href="#xpointer(id('tok_497')/range-to(id('tok_499')))"/><!-- ⲉ...ϣⲁϫⲉ -->
<mark id="edition_word_500" xlink:href="#tok_500"/><!-- ⲁⲩⲱ -->
<mark id="edition_word_501" xlink:href="#xpointer(id('tok_501')/range-to(id('tok_502')))"/><!-- ⲡ...ⲣⲟⲟⲩϣ -->
<mark id="edition_word_503" xlink:href="#xpointer(id('tok_503')/range-to(id('tok_505')))"/><!-- ⲙ...ⲁⲓⲱⲛ -->
<mark id="edition_word_506" xlink:href="#xpointer(id('tok_506')/range-to(id('tok_508')))"/><!-- ⲛⲙ...ⲁⲡⲁⲧⲏ -->
<mark id="edition_word_509" xlink:href="#xpointer(id('tok_509')/range-to(id('tok_511')))"/><!-- ⲛ...ⲙⲛⲧⲣⲙⲙⲁⲟ -->
<mark id="edition_word_512" xlink:href="#tok_512"/><!-- ⲁⲩⲱ -->
<mark id="edition_word_513" xlink:href="#xpointer(id('tok_513')/range-to(id('tok_515')))"/><!-- ⲛ...ⲉⲡⲓⲑⲩⲙⲓⲁ -->
<mark id="edition_word_516" xlink:href="#xpointer(id('tok_516')/range-to(id('tok_517')))"/><!-- ⲉⲧ...ⲃⲏⲕ -->
<mark id="edition_word_518" xlink:href="#tok_518"/><!-- ⲉϩⲟⲩⲛ -->
<mark id="edition_word_519" xlink:href="#xpointer(id('tok_519')/range-to(id('tok_520')))"/><!-- ⲉⲣⲟ...ⲟⲩ -->
<mark id="edition_word_521" xlink:href="#xpointer(id('tok_521')/range-to(id('tok_522')))"/><!-- ⲥⲉ...ⲱϭⲧ -->
<mark id="edition_word_523" xlink:href="#xpointer(id('tok_523')/range-to(id('tok_525')))"/><!-- ⲙ...ϣⲁϫⲉ -->
<mark id="edition_word_526" xlink:href="#tok_526"/><!-- ⲁⲩⲱ -->
<mark id="edition_word_527" xlink:href="#xpointer(id('tok_527')/range-to(id('tok_530')))"/><!-- ⲛ...ⲕⲁⲣⲡⲟⲥ -->
<mark id="edition_word_531" xlink:href="#tok_531"/><!-- ⲁⲛ -->
<mark id="edition_word_532" xlink:href="#tok_532"/><!-- ⲉⲃⲟⲗ -->
<mark id="edition_word_533" xlink:href="#tok_533"/><!-- ⲁⲩⲱ -->
<mark id="edition_word_534" xlink:href="#tok_534"/><!-- ⲛⲏ -->
<mark id="edition_word_535" xlink:href="#tok_535"/><!-- ⲛⲉ -->
<mark id="edition_word_536" xlink:href="#xpointer(id('tok_536')/range-to(id('tok_540')))"/><!-- ⲛⲧ...ⲟⲩ -->
<mark id="edition_word_541" xlink:href="#xpointer(id('tok_541')/range-to(id('tok_543')))"/><!-- ⲉϫⲙ...ⲕⲁϩ -->
<mark id="edition_word_544" xlink:href="#tok_544"/><!-- ⲉⲧⲛⲁⲛⲟⲩϥ -->
<mark id="edition_word_545" xlink:href="#xpointer(id('tok_545')/range-to(id('tok_547')))"/><!-- ⲉ...ⲥⲱⲧⲙ -->
<mark id="edition_word_548" xlink:href="#xpointer(id('tok_548')/range-to(id('tok_550')))"/><!-- ⲉ...ϣⲁϫⲉ -->
<mark id="edition_word_551" xlink:href="#xpointer(id('tok_551')/range-to(id('tok_552')))"/><!-- ⲥⲉ...ϣⲱⲡ -->
<mark id="edition_word_553" xlink:href="#xpointer(id('tok_553')/range-to(id('tok_554')))"/><!-- ⲙⲙⲟ...ϥ -->
<mark id="edition_word_555" xlink:href="#xpointer(id('tok_555')/range-to(id('tok_556')))"/><!-- ⲉⲣⲟ...ⲟⲩ -->
<mark id="edition_word_557" xlink:href="#tok_557"/><!-- ⲁⲩⲱ -->
<mark id="edition_word_558" xlink:href="#xpointer(id('tok_558')/range-to(id('tok_560')))"/><!-- ⲥⲉ...ⲕⲁⲣⲡⲟⲥ -->
<mark id="edition_word_561" xlink:href="#tok_561"/><!-- ⲉⲃⲟⲗ -->
<mark id="edition_word_562" xlink:href="#xpointer(id('tok_562')/range-to(id('tok_563')))"/><!-- ϩⲛ...ⲙⲁⲁⲃ -->
<mark id="edition_word_564" xlink:href="#tok_564"/><!-- ⲁⲩⲱ -->
<mark id="edition_word_565" xlink:href="#xpointer(id('tok_565')/range-to(id('tok_566')))"/><!-- ϩⲛ...ⲥⲉ -->
<mark id="edition_word_567" xlink:href="#tok_567"/><!-- ⲁⲩⲱ -->
<mark id="edition_word_568" xlink:href="#xpointer(id('tok_568')/range-to(id('tok_569')))"/><!-- ϩⲛ...ϣⲉ -->
<mark id="edition_word_570" xlink:href="#tok_570"/><!-- . -->
<mark id="edition_word_571" xlink:href="#xpointer(id('tok_571')/range-to(id('tok_572')))"/><!-- ⲡⲉϫⲁ...ϥ -->
<mark id="edition_word_573" xlink:href="#tok_573"/><!-- ⲇⲉ -->
<mark id="edition_word_574" xlink:href="#xpointer(id('tok_574')/range-to(id('tok_575')))"/><!-- ⲛⲁ...ⲩ -->
<mark id="edition_word_576" xlink:href="#xpointer(id('tok_576')/range-to(id('tok_577')))"/><!-- ϫⲉ...ⲙⲏ -->
<mark id="edition_word_578" xlink:href="#xpointer(id('tok_578')/range-to(id('tok_580')))"/><!-- ⲉⲣⲉ...ϩⲏⲃⲥ -->
<mark id="edition_word_581" xlink:href="#xpointer(id('tok_581')/range-to(id('tok_582')))"/><!-- ⲛⲁ...ⲉⲓ -->
<mark id="edition_word_583" xlink:href="#xpointer(id('tok_583')/range-to(id('tok_588')))"/><!-- ϫⲉ...ϥ -->
<mark id="edition_word_589" xlink:href="#xpointer(id('tok_589')/range-to(id('tok_591')))"/><!-- ϩⲁ...ϣⲓ -->
<mark id="edition_word_592" xlink:href="#tok_592"/><!-- . -->
<mark id="edition_word_593" xlink:href="#tok_593"/><!-- ⲏ -->
<mark id="edition_word_594" xlink:href="#xpointer(id('tok_594')/range-to(id('tok_596')))"/><!-- ϩⲁ...ϭⲗⲟϭ -->
<mark id="edition_word_597" xlink:href="#tok_597"/><!-- ⲙⲏ -->
<mark id="edition_word_598" xlink:href="#xpointer(id('tok_598')/range-to(id('tok_602')))"/><!-- ⲛⲉ...ϥ -->
<mark id="edition_word_603" xlink:href="#tok_603"/><!-- ⲁⲛ -->
<mark id="edition_word_604" xlink:href="#xpointer(id('tok_604')/range-to(id('tok_606')))"/><!-- ϩⲓϫⲛ...ⲗⲩⲭⲛⲓⲁ -->
<mark id="edition_word_607" xlink:href="#tok_607"/><!-- . -->
<mark id="edition_word_608" xlink:href="#xpointer(id('tok_608')/range-to(id('tok_611')))"/><!-- ⲙⲙⲛ...ϩⲟⲃⲥ -->
<mark id="edition_word_612" xlink:href="#tok_612"/><!-- ⲅⲁⲣ -->
<mark id="edition_word_613" xlink:href="#xpointer(id('tok_613')/range-to(id('tok_618')))"/><!-- ⲉ...ϥ -->
<mark id="edition_word_619" xlink:href="#tok_619"/><!-- ⲁⲛ -->
<mark id="edition_word_620" xlink:href="#tok_620"/><!-- ⲉⲃⲟⲗ -->
<mark id="edition_word_621" xlink:href="#tok_621"/><!-- . -->
<mark id="edition_word_622" xlink:href="#tok_622"/><!-- ⲟⲩⲇⲉ -->
<mark id="edition_word_623" xlink:href="#xpointer(id('tok_623')/range-to(id('tok_626')))"/><!-- ⲙⲙⲛ...ϩⲏⲡ -->
<mark id="edition_word_627" xlink:href="#xpointer(id('tok_627')/range-to(id('tok_631')))"/><!-- ⲉ...ⲟⲩⲱⲛϩ -->
<mark id="edition_word_632" xlink:href="#tok_632"/><!-- ⲁⲛ -->
<mark id="edition_word_633" xlink:href="#tok_633"/><!-- ⲉⲃⲟⲗ -->
<mark id="edition_word_634" xlink:href="#tok_634"/><!-- . -->
<mark id="edition_word_635" xlink:href="#xpointer(id('tok_635')/range-to(id('tok_639')))"/><!-- ⲡ...ⲙⲁⲁϫⲉ -->
<mark id="edition_word_640" xlink:href="#tok_640"/><!-- ⲙⲙⲁⲩ -->
<mark id="edition_word_641" xlink:href="#xpointer(id('tok_641')/range-to(id('tok_642')))"/><!-- ⲉ...ⲥⲱⲧⲙ -->
<mark id="edition_word_643" xlink:href="#xpointer(id('tok_643')/range-to(id('tok_645')))"/><!-- ⲙⲁⲣⲉ...ⲥⲱⲧⲙ -->
<mark id="edition_word_646" xlink:href="#tok_646"/><!-- ⲁⲩⲱ -->
<mark id="edition_word_647" xlink:href="#xpointer(id('tok_647')/range-to(id('tok_649')))"/><!-- ⲛⲉ...ϫⲱ -->
<mark id="edition_word_650" xlink:href="#xpointer(id('tok_650')/range-to(id('tok_651')))"/><!-- ⲙⲙⲟ...ⲥ -->
<mark id="edition_word_652" xlink:href="#xpointer(id('tok_652')/range-to(id('tok_655')))"/><!-- ϫⲉ...ⲧⲛ -->
<mark id="edition_word_656" xlink:href="#xpointer(id('tok_656')/range-to(id('tok_657')))"/><!-- ϫⲉ...ⲟⲩ -->
<mark id="edition_word_658" xlink:href="#xpointer(id('tok_658')/range-to(id('tok_661')))"/><!-- ⲡ...ⲥⲱⲧⲙ -->
<mark id="edition_word_662" xlink:href="#xpointer(id('tok_662')/range-to(id('tok_663')))"/><!-- ⲉⲣⲟ...ϥ -->
<mark id="edition_word_664" xlink:href="#tok_664"/><!-- . -->
<mark id="edition_word_665" xlink:href="#xpointer(id('tok_665')/range-to(id('tok_667')))"/><!-- ϩⲙ...ϣⲓ -->
<mark id="edition_word_668" xlink:href="#xpointer(id('tok_668')/range-to(id('tok_672')))"/><!-- ⲉ...ϣⲓ -->
<mark id="edition_word_673" xlink:href="#xpointer(id('tok_673')/range-to(id('tok_674')))"/><!-- ⲙⲙⲟ...ϥ -->
<mark id="edition_word_675" xlink:href="#xpointer(id('tok_675')/range-to(id('tok_678')))"/><!-- ⲥⲉ...ⲓ -->
<mark id="edition_word_679" xlink:href="#xpointer(id('tok_679')/range-to(id('tok_680')))"/><!-- ⲛⲏ...ⲧⲛ -->
<mark id="edition_word_681" xlink:href="#xpointer(id('tok_681')/range-to(id('tok_682')))"/><!-- ⲛϩⲏⲧ...ϥ -->
<mark id="edition_word_683" xlink:href="#tok_683"/><!-- . -->
<mark id="edition_word_684" xlink:href="#xpointer(id('tok_684')/range-to(id('tok_687')))"/><!-- ⲡ...ϥ -->
<mark id="edition_word_688" xlink:href="#tok_688"/><!-- ⲅⲁⲣ -->
<mark id="edition_word_689" xlink:href="#xpointer(id('tok_689')/range-to(id('tok_691')))"/><!-- ⲥⲉ...ϯ -->
<mark id="edition_word_692" xlink:href="#xpointer(id('tok_692')/range-to(id('tok_693')))"/><!-- ⲛⲁ...ϥ -->
<mark id="edition_word_694" xlink:href="#tok_694"/><!-- . -->
<mark id="edition_word_695" xlink:href="#tok_695"/><!-- ⲁⲩⲱ -->
<mark id="edition_word_696" xlink:href="#xpointer(id('tok_696')/range-to(id('tok_699')))"/><!-- ⲡ...ϥ -->
<mark id="edition_word_700" xlink:href="#tok_700"/><!-- ⲁⲩⲱ -->
<mark id="edition_word_701" xlink:href="#xpointer(id('tok_701')/range-to(id('tok_705')))"/><!-- ⲡ...ⲥϥ -->
<mark id="edition_word_706" xlink:href="#xpointer(id('tok_706')/range-to(id('tok_709')))"/><!-- ⲥⲉ...ϥ -->
<mark id="edition_word_710" xlink:href="#xpointer(id('tok_710')/range-to(id('tok_711')))"/><!-- ⲛⲧⲟⲟⲧ...ϥ -->
<mark id="edition_word_712" xlink:href="#tok_712"/><!-- . -->
<mark id="edition_word_713" xlink:href="#xpointer(id('tok_713')/range-to(id('tok_715')))"/><!-- ⲛⲉ...ϫⲱ -->
<mark id="edition_word_716" xlink:href="#tok_716"/><!-- ⲇⲉ -->
<mark id="edition_word_717" xlink:href="#xpointer(id('tok_717')/range-to(id('tok_718')))"/><!-- ⲙⲙⲟ...ⲥ -->
<mark id="edition_word_719" xlink:href="#xpointer(id('tok_719')/range-to(id('tok_720')))"/><!-- ⲛⲁ...ⲩ -->
<mark id="edition_word_721" xlink:href="#xpointer(id('tok_721')/range-to(id('tok_722')))"/><!-- ϫⲉ...ⲧⲁⲓ -->
<mark id="edition_word_723" xlink:href="#tok_723"/><!-- ⲧⲉ -->
<mark id="edition_word_724" xlink:href="#xpointer(id('tok_724')/range-to(id('tok_725')))"/><!-- ⲧ...ϩⲉ -->
<mark id="edition_word_726" xlink:href="#xpointer(id('tok_726')/range-to(id('tok_728')))"/><!-- ⲛ...ⲙⲛⲧⲣⲣⲟ -->
<mark id="edition_word_729" xlink:href="#xpointer(id('tok_729')/range-to(id('tok_731')))"/><!-- ⲙ...ⲛⲟⲩⲧⲉ -->
<mark id="edition_word_732" xlink:href="#xpointer(id('tok_732')/range-to(id('tok_734')))"/><!-- ⲉ...ⲟ -->
<mark id="edition_word_735" xlink:href="#xpointer(id('tok_735')/range-to(id('tok_737')))"/><!-- ⲛ...ϩⲉ -->
<mark id="edition_word_738" xlink:href="#xpointer(id('tok_738')/range-to(id('tok_740')))"/><!-- ⲛ...ⲣⲱⲙⲉ -->
<mark id="edition_word_741" xlink:href="#xpointer(id('tok_741')/range-to(id('tok_744')))"/><!-- ⲉ...ⲛⲟⲩϫⲉ -->
<mark id="edition_word_745" xlink:href="#xpointer(id('tok_745')/range-to(id('tok_747')))"/><!-- ⲙ...ϭⲣⲟϭ -->
<mark id="edition_word_748" xlink:href="#tok_748"/><!-- ⲉϩⲣⲁⲓ -->
<mark id="edition_word_749" xlink:href="#xpointer(id('tok_749')/range-to(id('tok_751')))"/><!-- ⲉ...ⲕⲁϩ -->
<mark id="edition_word_752" xlink:href="#tok_752"/><!-- . -->
<mark id="edition_word_753" xlink:href="#tok_753"/><!-- ⲁⲩⲱ -->
<mark id="edition_word_754" xlink:href="#xpointer(id('tok_754')/range-to(id('tok_756')))"/><!-- ⲛ...ⲛⲕⲟⲧⲕ -->
<mark id="edition_word_757" xlink:href="#xpointer(id('tok_757')/range-to(id('tok_759')))"/><!-- ⲛ...ⲧⲱⲟⲩⲛ -->
<mark id="edition_word_760" xlink:href="#xpointer(id('tok_760')/range-to(id('tok_762')))"/><!-- ⲛⲧⲉ...ϣⲏ -->
<mark id="edition_word_763" xlink:href="#xpointer(id('tok_763')/range-to(id('tok_765')))"/><!-- ⲙⲛ...ϩⲟⲟⲩ -->
<mark id="edition_word_766" xlink:href="#xpointer(id('tok_766')/range-to(id('tok_768')))"/><!-- ϣⲁⲣⲉ...ϭⲣⲟϭ -->
<mark id="edition_word_769" xlink:href="#xpointer(id('tok_769')/range-to(id('tok_770')))"/><!-- ϯ...ⲟⲩⲱ -->
<mark id="edition_word_771" xlink:href="#xpointer(id('tok_771')/range-to(id('tok_774')))"/><!-- ⲛ...ⲛⲟϭ -->
<mark id="edition_word_775" xlink:href="#xpointer(id('tok_775')/range-to(id('tok_778')))"/><!-- ⲉ...ⲥⲟⲟⲩⲛ -->
<mark id="edition_word_779" xlink:href="#tok_779"/><!-- ⲁⲛ -->
<mark id="edition_word_780" xlink:href="#tok_780"/><!-- ⲛⲧⲟϥ -->
<mark id="edition_word_781" xlink:href="#xpointer(id('tok_781')/range-to(id('tok_783')))"/><!-- ⲛ...ϩⲉ -->
<mark id="edition_word_784" xlink:href="#xpointer(id('tok_784')/range-to(id('tok_785')))"/><!-- ⲡ...ⲕⲁϩ -->
<mark id="edition_word_786" xlink:href="#xpointer(id('tok_786')/range-to(id('tok_789')))"/><!-- ϣⲁ...ⲟⲩⲱ -->
<mark id="edition_word_790" xlink:href="#tok_790"/><!-- ⲉϩⲣⲁⲉⲓ -->
<mark id="edition_word_791" xlink:href="#xpointer(id('tok_791')/range-to(id('tok_792')))"/><!-- ⲙⲁⲩⲁⲁ...ϥ -->
<mark id="edition_word_793" xlink:href="#tok_793"/><!-- ϣⲟⲣⲡ -->
<mark id="edition_word_794" xlink:href="#tok_794"/><!-- ⲙⲉⲛ -->
<mark id="edition_word_795" xlink:href="#xpointer(id('tok_795')/range-to(id('tok_797')))"/><!-- ⲛ...ⲭⲟⲣⲧⲟⲥ -->
<mark id="edition_word_798" xlink:href="#xpointer(id('tok_798')/range-to(id('tok_799')))"/><!-- ⲙⲛⲛⲥⲱ...ϥ -->
<mark id="edition_word_800" xlink:href="#xpointer(id('tok_800')/range-to(id('tok_801')))"/><!-- ⲟⲩ...ϩⲙⲥ -->
<mark id="edition_word_802" xlink:href="#tok_802"/><!-- ⲁⲩⲱ -->
<mark id="edition_word_803" xlink:href="#xpointer(id('tok_803')/range-to(id('tok_804')))"/><!-- ⲟⲩ...ⲥⲟⲩⲟ -->
<mark id="edition_word_805" xlink:href="#xpointer(id('tok_805')/range-to(id('tok_807')))"/><!-- ⲉ...ⲙⲉϩ -->
<mark id="edition_word_808" xlink:href="#xpointer(id('tok_808')/range-to(id('tok_810')))"/><!-- ϩⲙ...ϩⲙⲥ -->
<mark id="edition_word_811" xlink:href="#xpointer(id('tok_811')/range-to(id('tok_813')))"/><!-- ⲉⲣϣⲁⲛ...ⲕⲁⲣⲡⲟⲥ -->
<mark id="edition_word_814" xlink:href="#tok_814"/><!-- ⲇⲉ -->
<mark id="edition_word_815" xlink:href="#tok_815"/><!-- ⲡⲱϩ -->
<mark id="edition_word_816" xlink:href="#xpointer(id('tok_816')/range-to(id('tok_818')))"/><!-- ⲛ...ⲩⲛⲟⲩ -->
<mark id="edition_word_819" xlink:href="#xpointer(id('tok_819')/range-to(id('tok_822')))"/><!-- ϣⲁ...ⲡⲟϩⲥ -->
<mark id="edition_word_823" xlink:href="#xpointer(id('tok_823')/range-to(id('tok_826')))"/><!-- ϫⲉ...ⲧⲉ -->
<mark id="edition_word_827" xlink:href="#xpointer(id('tok_827')/range-to(id('tok_828')))"/><!-- ⲙ...ⲡⲱϩⲥ -->
<mark id="edition_word_829" xlink:href="#tok_829"/><!-- ϣⲱⲡⲉ -->
<mark id="edition_word_830" xlink:href="#tok_830"/><!-- ⲁⲩⲱ -->
<mark id="edition_word_831" xlink:href="#xpointer(id('tok_831')/range-to(id('tok_833')))"/><!-- ⲛⲉ...ϫⲱ -->
<mark id="edition_word_834" xlink:href="#xpointer(id('tok_834')/range-to(id('tok_835')))"/><!-- ⲙⲙⲟ...ⲥ -->
<mark id="edition_word_836" xlink:href="#xpointer(id('tok_836')/range-to(id('tok_840')))"/><!-- ϫⲉ...ⲧⲛⲧⲛ -->
<mark id="edition_word_841" xlink:href="#xpointer(id('tok_841')/range-to(id('tok_842')))"/><!-- ⲧ...ⲙⲛⲧⲣⲣⲟ -->
<mark id="edition_word_843" xlink:href="#xpointer(id('tok_843')/range-to(id('tok_845')))"/><!-- ⲙ...ⲛⲟⲩⲧⲉ -->
<mark id="edition_word_846" xlink:href="#xpointer(id('tok_846')/range-to(id('tok_847')))"/><!-- ⲉ...ⲟⲩ -->
<mark id="edition_word_848" xlink:href="#tok_848"/><!-- . -->
<mark id="edition_word_849" xlink:href="#tok_849"/><!-- ⲏ -->
<mark id="edition_word_850" xlink:href="#xpointer(id('tok_850')/range-to(id('tok_854')))"/><!-- ⲉ...ⲥ -->
<mark id="edition_word_855" xlink:href="#tok_855"/><!-- ⲉϩⲣⲁⲓ -->
<mark id="edition_word_856" xlink:href="#xpointer(id('tok_856')/range-to(id('tok_857')))"/><!-- ϩⲛ...ⲁϣ -->
<mark id="edition_word_858" xlink:href="#xpointer(id('tok_858')/range-to(id('tok_859')))"/><!-- ⲙ...ⲡⲁⲣⲁⲃⲟⲗⲏ -->
<mark id="edition_word_860" xlink:href="#xpointer(id('tok_860')/range-to(id('tok_864')))"/><!-- ⲉ...ⲥ -->
<mark id="edition_word_865" xlink:href="#xpointer(id('tok_865')/range-to(id('tok_867')))"/><!-- ⲛ...ϩⲉ -->
<mark id="edition_word_868" xlink:href="#xpointer(id('tok_868')/range-to(id('tok_870')))"/><!-- ⲛ...ⲃⲗⲃⲓⲗⲉ -->
<mark id="edition_word_871" xlink:href="#xpointer(id('tok_871')/range-to(id('tok_872')))"/><!-- ⲛ...ϣⲗⲧⲙ -->
<mark id="edition_word_873" xlink:href="#xpointer(id('tok_873')/range-to(id('tok_876')))"/><!-- ⲉ...ϫⲟⲥ -->
<mark id="edition_word_877" xlink:href="#tok_877"/><!-- ⲉϩⲣⲁⲓ -->
<mark id="edition_word_878" xlink:href="#xpointer(id('tok_878')/range-to(id('tok_880')))"/><!-- ⲉ...ⲕⲁϩ -->
<mark id="edition_word_881" xlink:href="#xpointer(id('tok_881')/range-to(id('tok_883')))"/><!-- ⲉ...ⲥⲟⲃⲕ -->
<mark id="edition_word_884" xlink:href="#tok_884"/><!-- ⲙⲉⲛ -->
<mark id="edition_word_885" xlink:href="#xpointer(id('tok_885')/range-to(id('tok_887')))"/><!-- ⲉ...ϭⲣⲱϭ -->
<mark id="edition_word_888" xlink:href="#xpointer(id('tok_888')/range-to(id('tok_889')))"/><!-- ⲧⲏⲣ...ⲟⲩ -->
<mark id="edition_word_890" xlink:href="#xpointer(id('tok_890')/range-to(id('tok_893')))"/><!-- ⲉⲧ...ⲕⲁϩ -->
<mark id="edition_word_894" xlink:href="#tok_894"/><!-- ⲁⲩⲱ -->
<mark id="edition_word_895" xlink:href="#xpointer(id('tok_895')/range-to(id('tok_899')))"/><!-- ⲉ...ⲥ -->
<mark id="edition_word_900" xlink:href="#xpointer(id('tok_900')/range-to(id('tok_902')))"/><!-- ϣⲁ...ⲉⲓ -->
<mark id="edition_word_903" xlink:href="#tok_903"/><!-- ⲉϩⲣⲁⲓ -->
<mark id="edition_word_904" xlink:href="#xpointer(id('tok_904')/range-to(id('tok_906')))"/><!-- ⲛ...ϫⲓⲥⲉ -->
<mark id="edition_word_907" xlink:href="#xpointer(id('tok_907')/range-to(id('tok_909')))"/><!-- ⲉ...ⲟⲩⲟⲟⲧⲉ -->
<mark id="edition_word_910" xlink:href="#xpointer(id('tok_910')/range-to(id('tok_911')))"/><!-- ⲧⲏⲣ...ⲟⲩ -->
<mark id="edition_word_912" xlink:href="#xpointer(id('tok_912')/range-to(id('tok_914')))"/><!-- ⲛ...ⲧⲁⲩⲟ -->
<mark id="edition_word_915" xlink:href="#tok_915"/><!-- ⲉⲃⲟⲗ -->
<mark id="edition_word_916" xlink:href="#xpointer(id('tok_916')/range-to(id('tok_918')))"/><!-- ⲛ...ⲛⲟϭ -->
<mark id="edition_word_919" xlink:href="#xpointer(id('tok_919')/range-to(id('tok_920')))"/><!-- ⲛ...ⲕⲗⲁⲇⲟⲥ -->
<mark id="edition_word_921" xlink:href="#tok_921"/><!-- ϩⲱⲥⲧⲉ -->
<mark id="edition_word_922" xlink:href="#xpointer(id('tok_922')/range-to(id('tok_924')))"/><!-- ⲛ...ϣⲟⲩⲱϩ -->
<mark id="edition_word_925" xlink:href="#xpointer(id('tok_925')/range-to(id('tok_927')))"/><!-- ϩⲁ...ϩⲁⲉⲓⲃⲉⲥ -->
<mark id="edition_word_928" xlink:href="#xpointer(id('tok_928')/range-to(id('tok_930')))"/><!-- ⲛϭⲓ...ϩⲁⲗⲁⲧⲉ -->
<mark id="edition_word_931" xlink:href="#xpointer(id('tok_931')/range-to(id('tok_933')))"/><!-- ⲛ...ⲡⲉ -->
<mark id="edition_word_934" xlink:href="#tok_934"/><!-- ⲁⲩⲱ -->
<mark id="edition_word_935" xlink:href="#xpointer(id('tok_935')/range-to(id('tok_937')))"/><!-- ϩⲛ...ⲥⲙⲟⲧ -->
<mark id="edition_word_938" xlink:href="#xpointer(id('tok_938')/range-to(id('tok_939')))"/><!-- ⲙ...ⲡⲁⲣⲁⲃⲟⲗⲏ -->
<mark id="edition_word_940" xlink:href="#xpointer(id('tok_940')/range-to(id('tok_941')))"/><!-- ⲧⲏⲣ...ⲟⲩ -->
<mark id="edition_word_942" xlink:href="#xpointer(id('tok_942')/range-to(id('tok_944')))"/><!-- ⲛⲉ...ϫⲱ -->
<mark id="edition_word_945" xlink:href="#xpointer(id('tok_945')/range-to(id('tok_946')))"/><!-- ⲉⲣⲟ...ⲟⲩ -->
<mark id="edition_word_947" xlink:href="#xpointer(id('tok_947')/range-to(id('tok_949')))"/><!-- ⲙ...ϣⲁϫⲉ -->
<mark id="edition_word_950" xlink:href="#xpointer(id('tok_950')/range-to(id('tok_952')))"/><!-- ⲕⲁⲧⲁ...ϩⲉ -->
<mark id="edition_word_953" xlink:href="#xpointer(id('tok_953')/range-to(id('tok_957')))"/><!-- ⲉⲧ...ⲥⲱⲧⲙ -->
<mark id="edition_word_958" xlink:href="#xpointer(id('tok_958')/range-to(id('tok_959')))"/><!-- ⲁϫⲛ...ⲡⲁⲣⲁⲃⲟⲗⲏ -->
<mark id="edition_word_960" xlink:href="#tok_960"/><!-- ⲇⲉ -->
<mark id="edition_word_961" xlink:href="#xpointer(id('tok_961')/range-to(id('tok_963')))"/><!-- ⲙⲉ...ϣⲁϫⲉ -->
<mark id="edition_word_964" xlink:href="#xpointer(id('tok_964')/range-to(id('tok_965')))"/><!-- ⲛⲙⲙⲁ...ⲩ -->
<mark id="edition_word_966" xlink:href="#xpointer(id('tok_966')/range-to(id('tok_968')))"/><!-- ⲛⲥⲁ...ⲥⲁ -->
<mark id="edition_word_969" xlink:href="#tok_969"/><!-- ⲇⲉ -->
<mark id="edition_word_970" xlink:href="#xpointer(id('tok_970')/range-to(id('tok_973')))"/><!-- ϣⲁ...ⲟⲩ -->
<mark id="edition_word_974" xlink:href="#xpointer(id('tok_974')/range-to(id('tok_975')))"/><!-- ⲧⲏⲣ...ⲟⲩ -->
<mark id="edition_word_976" xlink:href="#xpointer(id('tok_976')/range-to(id('tok_978')))"/><!-- ⲉ...ⲙⲁⲑⲏⲧⲏⲥ -->
<mark id="edition_word_979" xlink:href="#tok_979"/><!-- . -->
<mark id="edition_word_980" xlink:href="#tok_980"/><!-- ⲁⲩⲱ -->
<mark id="edition_word_981" xlink:href="#xpointer(id('tok_981')/range-to(id('tok_982')))"/><!-- ⲡⲉϫⲁ...ϥ -->
<mark id="edition_word_983" xlink:href="#xpointer(id('tok_983')/range-to(id('tok_984')))"/><!-- ⲛⲁ...ⲩ -->
<mark id="edition_word_985" xlink:href="#xpointer(id('tok_985')/range-to(id('tok_987')))"/><!-- ϩⲙ...ϩⲟⲟⲩ -->
<mark id="edition_word_988" xlink:href="#xpointer(id('tok_988')/range-to(id('tok_989')))"/><!-- ⲉⲧ...ⲙⲙⲁⲩ -->
<mark id="edition_word_990" xlink:href="#xpointer(id('tok_990')/range-to(id('tok_991')))"/><!-- ⲛⲧⲉⲣⲉ...ⲣⲟⲩϩⲉ -->
<mark id="edition_word_992" xlink:href="#tok_992"/><!-- ϣⲱⲡⲉ -->
<mark id="edition_word_993" xlink:href="#xpointer(id('tok_993')/range-to(id('tok_995')))"/><!-- ϫⲉ...ⲛ -->
<mark id="edition_word_996" xlink:href="#xpointer(id('tok_996')/range-to(id('tok_998')))"/><!-- ⲉ...ⲕⲣⲟ -->
<mark id="edition_word_999" xlink:href="#xpointer(id('tok_999')/range-to(id('tok_1003')))"/><!-- ⲁ...ⲙⲏⲏϣⲉ -->
<mark id="edition_word_1004" xlink:href="#tok_1004"/><!-- ϭⲉ -->
<mark id="edition_word_1005" xlink:href="#xpointer(id('tok_1005')/range-to(id('tok_1008')))"/><!-- ⲁ...ϥ -->
<mark id="edition_word_1009" xlink:href="#xpointer(id('tok_1009')/range-to(id('tok_1011')))"/><!-- ⲉ...ϫⲟⲉⲓ -->
<mark id="edition_word_1012" xlink:href="#xpointer(id('tok_1012')/range-to(id('tok_1014')))"/><!-- ⲛ...ϩⲉ -->
<mark id="edition_word_1015" xlink:href="#xpointer(id('tok_1015')/range-to(id('tok_1018')))"/><!-- ⲉⲧ...ⲥ -->
<mark id="edition_word_1019" xlink:href="#xpointer(id('tok_1019')/range-to(id('tok_1023')))"/><!-- ⲁ...ⲥϭⲏⲣ -->
<mark id="edition_word_1024" xlink:href="#xpointer(id('tok_1024')/range-to(id('tok_1025')))"/><!-- ⲛⲙⲙⲁ...ϥ -->
<mark id="edition_word_1026" xlink:href="#tok_1026"/><!-- . -->
<mark id="edition_word_1027" xlink:href="#tok_1027"/><!-- ⲁⲩⲱ -->
<mark id="edition_word_1028" xlink:href="#xpointer(id('tok_1028')/range-to(id('tok_1030')))"/><!-- ⲁ...ⲛⲟϭ -->
<mark id="edition_word_1031" xlink:href="#xpointer(id('tok_1031')/range-to(id('tok_1032')))"/><!-- ⲛ...ϩⲁⲧⲏⲩ -->
<mark id="edition_word_1033" xlink:href="#tok_1033"/><!-- ϣⲱⲡⲉ -->
<mark id="edition_word_1034" xlink:href="#xpointer(id('tok_1034')/range-to(id('tok_1036')))"/><!-- ⲁ...ϩⲟⲉⲓⲙ -->
<mark id="edition_word_1037" xlink:href="#tok_1037"/><!-- ϥⲱϭⲉ -->
<mark id="edition_word_1038" xlink:href="#xpointer(id('tok_1038')/range-to(id('tok_1040')))"/><!-- ⲉ...ϫⲟⲉⲓ -->
<mark id="edition_word_1041" xlink:href="#tok_1041"/><!-- ϩⲱⲥⲧⲉ -->
<mark id="edition_word_1042" xlink:href="#xpointer(id('tok_1042')/range-to(id('tok_1044')))"/><!-- ⲉ...ϥ -->
<mark id="edition_word_1045" xlink:href="#tok_1045"/><!-- . -->
<mark id="edition_word_1046" xlink:href="#tok_1046"/><!-- ⲛⲧⲟϥ -->
<mark id="edition_word_1047" xlink:href="#tok_1047"/><!-- ⲇⲉ -->
<mark id="edition_word_1048" xlink:href="#xpointer(id('tok_1048')/range-to(id('tok_1051')))"/><!-- ⲛⲉ...ⲡⲁϩⲟⲩ -->
<mark id="edition_word_1052" xlink:href="#xpointer(id('tok_1052')/range-to(id('tok_1054')))"/><!-- ⲙ...ϫⲟⲉⲓ -->
<mark id="edition_word_1055" xlink:href="#xpointer(id('tok_1055')/range-to(id('tok_1057')))"/><!-- ⲉ...ⲛⲕⲟⲧⲕ -->
<mark id="edition_word_1058" xlink:href="#xpointer(id('tok_1058')/range-to(id('tok_1060')))"/><!-- ϩⲓϫⲛ...ϣⲟⲧ -->
<mark id="edition_word_1061" xlink:href="#tok_1061"/><!-- ⲁⲩⲱ -->
<mark id="edition_word_1062" xlink:href="#xpointer(id('tok_1062')/range-to(id('tok_1064')))"/><!-- ⲁ...ⲛⲉϩⲥⲉ -->
<mark id="edition_word_1065" xlink:href="#xpointer(id('tok_1065')/range-to(id('tok_1066')))"/><!-- ⲙⲙⲟ...ϥ -->
<mark id="edition_word_1067" xlink:href="#xpointer(id('tok_1067')/range-to(id('tok_1069')))"/><!-- ⲉ...ϫⲱ -->
<mark id="edition_word_1070" xlink:href="#xpointer(id('tok_1070')/range-to(id('tok_1071')))"/><!-- ⲙⲙⲟ...ⲥ -->
<mark id="edition_word_1072" xlink:href="#xpointer(id('tok_1072')/range-to(id('tok_1073')))"/><!-- ⲛⲁ...ϥ -->
<mark id="edition_word_1074" xlink:href="#tok_1074"/><!-- . -->
<mark id="edition_word_1075" xlink:href="#xpointer(id('tok_1075')/range-to(id('tok_1077')))"/><!-- ϫⲉ...ⲥⲁϩ -->
<mark id="edition_word_1078" xlink:href="#xpointer(id('tok_1078')/range-to(id('tok_1080')))"/><!-- ⲛ...ⲟ -->
<mark id="edition_word_1081" xlink:href="#tok_1081"/><!-- ⲁⲛ -->
<mark id="edition_word_1082" xlink:href="#tok_1082"/><!-- ⲡⲉ -->
<mark id="edition_word_1083" xlink:href="#xpointer(id('tok_1083')/range-to(id('tok_1084')))"/><!-- ⲣ...ⲣⲟⲟⲩϣ -->
<mark id="edition_word_1085" xlink:href="#xpointer(id('tok_1085')/range-to(id('tok_1088')))"/><!-- ϫⲉ...ⲙⲟⲩ -->
<mark id="edition_word_1089" xlink:href="#xpointer(id('tok_1089')/range-to(id('tok_1092')))"/><!-- ⲁ...ϥ -->
<mark id="edition_word_1093" xlink:href="#tok_1093"/><!-- ⲇⲉ -->
<mark id="edition_word_1094" xlink:href="#xpointer(id('tok_1094')/range-to(id('tok_1096')))"/><!-- ⲁ...ⲉⲡⲓⲧⲓⲙⲁ -->
<mark id="edition_word_1097" xlink:href="#xpointer(id('tok_1097')/range-to(id('tok_1099')))"/><!-- ⲙ...ⲧⲏⲩ -->
<mark id="edition_word_1100" xlink:href="#tok_1100"/><!-- ⲁⲩⲱ -->
<mark id="edition_word_1101" xlink:href="#xpointer(id('tok_1101')/range-to(id('tok_1102')))"/><!-- ⲡⲉϫⲁ...ϥ -->
<mark id="edition_word_1103" xlink:href="#xpointer(id('tok_1103')/range-to(id('tok_1105')))"/><!-- ⲛ...ⲑⲁⲗⲁⲥⲥⲁ -->
<mark id="edition_word_1106" xlink:href="#xpointer(id('tok_1106')/range-to(id('tok_1108')))"/><!-- ϫⲉ...ⲣⲱ -->
<mark id="edition_word_1109" xlink:href="#xpointer(id('tok_1109')/range-to(id('tok_1111')))"/><!-- ⲛⲧⲉ...ⲣⲱ -->
<mark id="edition_word_1112" xlink:href="#tok_1112"/><!-- ⲁⲩⲱ -->
<mark id="edition_word_1113" xlink:href="#xpointer(id('tok_1113')/range-to(id('tok_1115')))"/><!-- ⲁ...ⲧⲏⲩ -->
<mark id="edition_word_1116" xlink:href="#tok_1116"/><!-- ϩⲣⲏϭ -->
<mark id="edition_word_1117" xlink:href="#xpointer(id('tok_1117')/range-to(id('tok_1119')))"/><!-- ⲁ...ⲛⲟϭ -->
<mark id="edition_word_1120" xlink:href="#xpointer(id('tok_1120')/range-to(id('tok_1121')))"/><!-- ⲛ...ϫⲁⲙⲏ -->
<mark id="edition_word_1122" xlink:href="#tok_1122"/><!-- ϣⲱⲡⲉ -->
<mark id="edition_word_1123" xlink:href="#tok_1123"/><!-- . -->
<mark id="edition_word_1124" xlink:href="#tok_1124"/><!-- ⲁⲩⲱ -->
<mark id="edition_word_1125" xlink:href="#xpointer(id('tok_1125')/range-to(id('tok_1126')))"/><!-- ⲡⲉϫⲁ...ϥ -->
<mark id="edition_word_1127" xlink:href="#xpointer(id('tok_1127')/range-to(id('tok_1128')))"/><!-- ⲛⲁ...ⲩ -->
<mark id="edition_word_1129" xlink:href="#xpointer(id('tok_1129')/range-to(id('tok_1131')))"/><!-- ϫⲉ...ⲧⲛ -->
<mark id="edition_word_1132" xlink:href="#xpointer(id('tok_1132')/range-to(id('tok_1133')))"/><!-- ⲧⲉⲧⲛ...ⲟ -->
<mark id="edition_word_1134" xlink:href="#xpointer(id('tok_1134')/range-to(id('tok_1136')))"/><!-- ⲛ...ϩⲏⲧ -->
<mark id="edition_word_1137" xlink:href="#xpointer(id('tok_1137')/range-to(id('tok_1140')))"/><!-- ⲙⲡⲁⲧⲉ...ⲡⲓⲥⲧⲓⲥ -->
<mark id="edition_word_1141" xlink:href="#xpointer(id('tok_1141')/range-to(id('tok_1142')))"/><!-- ⲛⲏ...ⲧⲛ -->
<mark id="edition_word_1143" xlink:href="#tok_1143"/><!-- . -->
<mark id="edition_word_1144" xlink:href="#tok_1144"/><!-- ⲁⲩⲱ -->
<mark id="edition_word_1145" xlink:href="#xpointer(id('tok_1145')/range-to(id('tok_1147')))"/><!-- ⲁ...ⲣϩⲟⲧⲉ -->
<mark id="edition_word_1148" xlink:href="#xpointer(id('tok_1148')/range-to(id('tok_1150')))"/><!-- ϩⲛ...ⲛⲟϭ -->
<mark id="edition_word_1151" xlink:href="#xpointer(id('tok_1151')/range-to(id('tok_1152')))"/><!-- ⲛ...ϩⲟⲧⲉ -->
<mark id="edition_word_1153" xlink:href="#xpointer(id('tok_1153')/range-to(id('tok_1155')))"/><!-- ⲉ...ϫⲱ -->
<mark id="edition_word_1156" xlink:href="#xpointer(id('tok_1156')/range-to(id('tok_1157')))"/><!-- ⲙⲙⲟ...ⲥ -->
<mark id="edition_word_1158" xlink:href="#xpointer(id('tok_1158')/range-to(id('tok_1160')))"/><!-- ⲛ...ⲉⲣⲏⲩ -->
<mark id="edition_word_1161" xlink:href="#xpointer(id('tok_1161')/range-to(id('tok_1162')))"/><!-- ϫⲉ...ⲟⲩⲁϣ -->
<mark id="edition_word_1163" xlink:href="#xpointer(id('tok_1163')/range-to(id('tok_1164')))"/><!-- ⲙ...ⲙⲓⲛⲉ -->
<mark id="edition_word_1165" xlink:href="#tok_1165"/><!-- ⲡⲉ -->
<mark id="edition_word_1166" xlink:href="#tok_1166"/><!-- ⲡⲁⲓ -->
<mark id="edition_word_1167" xlink:href="#xpointer(id('tok_1167')/range-to(id('tok_1170')))"/><!-- ϫⲉ...ⲧⲏⲩ -->
<mark id="edition_word_1171" xlink:href="#xpointer(id('tok_1171')/range-to(id('tok_1173')))"/><!-- ⲛⲙ...ⲑⲁⲗⲁⲥⲥⲁ -->
<mark id="edition_word_1174" xlink:href="#tok_1174"/><!-- ⲥⲱⲧⲙ -->
<mark id="edition_word_1175" xlink:href="#xpointer(id('tok_1175')/range-to(id('tok_1176')))"/><!-- ⲛⲥⲱ...ϥ -->
<mark id="edition_word_1177" xlink:href="#tok_1177"/><!-- . -->
</markList>
</paula>
