<?xml version="1.0" encoding="UTF-8" standalone="no"?>

<!DOCTYPE paula SYSTEM "paula_feat.dtd">
<paula version="1.0">

<header paula_id="AP.23.isaac_dipl"/>

<featList xmlns:xlink="http://www.w3.org/1999/xlink" type="dipl" xml:base="AP.23.isaac.diplSeg.xml">
<feat xlink:href="#dipl_1" value="ⲁ︤"/><!-- ⲁ︤ -->
<feat xlink:href="#dipl_2" value="ϥ"/><!-- ϥ -->
<feat xlink:href="#dipl_3" value="ϫⲟⲟ"/><!-- ϫⲟⲟ -->
<feat xlink:href="#dipl_4" value="ⲥ"/><!-- ⲥ -->
<feat xlink:href="#dipl_5" value="ⲛ̇ϭⲓ̇"/><!-- ⲛ̇ϭⲓ̇ -->
<feat xlink:href="#dipl_6" value="ⲁ̇ⲡⲁ"/><!-- ⲁ̇ⲡⲁ -->
<feat xlink:href="#dipl_7" value="ⲓ̇ⲥⲁⲕ"/><!-- ⲓ̇ⲥⲁⲕ -->
<feat xlink:href="#dipl_8" value="ϫⲉ"/><!-- ϫⲉ -->
<feat xlink:href="#dipl_9" value="ⲛⲉⲛ"/><!-- ⲛⲉⲛ -->
<feat xlink:href="#dipl_10" value="ⲉⲓ̇ⲟ̇ⲧⲉ"/><!-- ⲉⲓ̇ⲟ̇ⲧⲉ -->
<feat xlink:href="#dipl_11" value="ⲙⲉⲛ"/><!-- ⲙⲉⲛ -->
<feat xlink:href="#dipl_12" value="ⲁ̇ⲡⲁ"/><!-- ⲁ̇ⲡⲁ -->
<feat xlink:href="#dipl_13" value="ⲡⲁⲙⲃⲱ̇"/><!-- ⲡⲁⲙⲃⲱ̇ -->
<feat xlink:href="#dipl_14" value="ⲛⲉ"/><!-- ⲛⲉ -->
<feat xlink:href="#dipl_15" value="ⲩ"/><!-- ⲩ -->
<feat xlink:href="#dipl_16" value="ⲫⲟⲣⲉⲓ̇"/><!-- ⲫⲟ -->
<feat xlink:href="#dipl_18" value="ⲛ̇"/><!-- ⲛ̇ -->
<feat xlink:href="#dipl_19" value="ϩⲉⲛ"/><!-- ϩⲉⲛ -->
<feat xlink:href="#dipl_20" value="ϣ̇ⲧⲏⲛ"/><!-- ϣ̇ⲧⲏⲛ -->
<feat xlink:href="#dipl_21" value="ⲙ̇"/><!-- ⲙ̇ -->
<feat xlink:href="#dipl_22" value="ⲡⲉⲗϭⲉ"/><!-- ⲡⲉⲗϭⲉ -->
<feat xlink:href="#dipl_23" value="ⲉ̇"/><!-- ⲉ̇ -->
<feat xlink:href="#dipl_24" value="ⲩ"/><!-- ⲩ -->
<feat xlink:href="#dipl_25" value="ϩⲛ̇"/><!-- ϩⲛ̇ -->
<feat xlink:href="#dipl_26" value="ⲛ̇"/><!-- ⲛ̇ -->
<feat xlink:href="#dipl_27" value="ⲧⲟⲉⲓ̇ⲥ"/><!-- ⲧⲟⲉⲓ̇ⲥ -->
<feat xlink:href="#dipl_28" value="ⲙⲛ̇"/><!-- ⲙⲛ̇ -->
<feat xlink:href="#dipl_29" value="ϩⲛ̇"/><!-- ϩⲛ̇ -->
<feat xlink:href="#dipl_30" value="ϣ̇ⲧⲏⲛ"/><!-- ϣ̇ⲧⲏⲛ -->
<feat xlink:href="#dipl_31" value="ⲛ̇"/><!-- ⲛ̇ -->
<feat xlink:href="#dipl_32" value="ϣ̇ⲃⲛ̇ⲛⲉ"/><!-- ϣ̇ -->
<feat xlink:href="#dipl_34" value="."/><!-- . -->
<feat xlink:href="#dipl_35" value="ⲛ̇ⲧⲱⲧⲛ̇"/><!-- ⲛ̇ⲧⲱⲧⲛ̇ -->
<feat xlink:href="#dipl_36" value="ⲇⲉ"/><!-- ⲇⲉ -->
<feat xlink:href="#dipl_37" value="ⲧⲉⲛⲟⲩ"/><!-- ⲧⲉⲛⲟⲩ -->
<feat xlink:href="#dipl_38" value="ⲧⲉⲧⲛ̇"/><!-- ⲧⲉⲧⲛ̇ -->
<feat xlink:href="#dipl_39" value="ⲫⲟⲣⲉⲓ"/><!-- ⲫⲟ -->
<feat xlink:href="#dipl_41" value="ⲛ̇"/><!-- ⲛ̇ -->
<feat xlink:href="#dipl_42" value="ϩⲛ̇"/><!-- ϩⲛ̇ -->
<feat xlink:href="#dipl_43" value="ϣ̇ⲧⲏⲛ"/><!-- ϣ̇ⲧⲏⲛ -->
<feat xlink:href="#dipl_44" value="ⲉ̇"/><!-- ⲉ̇ -->
<feat xlink:href="#dipl_45" value="ⲩ"/><!-- ⲩ -->
<feat xlink:href="#dipl_46" value="ⲧⲁⲉⲓ̇ⲏⲩ"/><!-- ⲧⲁⲉⲓ̇ⲏⲩ -->
<feat xlink:href="#dipl_47" value="·"/><!-- · -->
<feat xlink:href="#dipl_48" value="ⲃⲱⲕ"/><!-- ⲃⲱⲕ -->
<feat xlink:href="#dipl_49" value="ⲛ̇ⲧⲱⲧⲛ̇"/><!-- ⲛ̇ⲧⲱ -->
<feat xlink:href="#dipl_51" value="ⲙ̇"/><!-- ⲙ̇ -->
<feat xlink:href="#dipl_52" value="ⲡⲉⲓ̇"/><!-- ⲡⲉⲓ̇ -->
<feat xlink:href="#dipl_53" value="ⲙⲁ"/><!-- ⲙⲁ -->
<feat xlink:href="#dipl_54" value="·"/><!-- · -->
<feat xlink:href="#dipl_55" value="ⲁ̇"/><!-- ⲁ̇ -->
<feat xlink:href="#dipl_56" value="ⲧⲉⲧⲛ̇"/><!-- ⲧⲉ -->
<feat xlink:href="#dipl_58" value="ⲧⲁⲕⲟ"/><!-- ⲧⲁⲕⲟ -->
<feat xlink:href="#dipl_59" value="ϥ"/><!-- ϥ -->
<feat xlink:href="#dipl_60" value=".ⲻ"/><!-- .ⲻ -->
<feat xlink:href="#dipl_61" value="Ⲉ︤"/><!-- Ⲉ︤ -->
<feat xlink:href="#dipl_62" value="ⲩ"/><!-- ⲩ -->
<feat xlink:href="#dipl_63" value="ⲛⲁ"/><!-- ⲛⲁ -->
<feat xlink:href="#dipl_64" value="ⲃⲱⲕ"/><!-- ⲃⲱⲕ -->
<feat xlink:href="#dipl_65" value="ⲇⲉ"/><!-- ⲇⲉ -->
<feat xlink:href="#dipl_66" value="ⲉ̇"/><!-- ⲉ̇ -->
<feat xlink:href="#dipl_67" value="ⲡ"/><!-- ⲡ -->
<feat xlink:href="#dipl_68" value="ⲱϩⲥ̇"/><!-- ⲱϩⲥ̇ -->
<feat xlink:href="#dipl_70" value="ϥ"/><!-- ϥ -->
<feat xlink:href="#dipl_71" value="ⲛⲁ"/><!-- ⲛⲁ -->
<feat xlink:href="#dipl_72" value="ⲩ̇"/><!-- ⲩ̇ -->
<feat xlink:href="#dipl_73" value="ϫⲉ"/><!-- ϫⲉ -->
<feat xlink:href="#dipl_74" value="ⲛ̇"/><!-- ⲛ̇ -->
<feat xlink:href="#dipl_75" value="ϯ̇"/><!-- ϯ̇ -->
<feat xlink:href="#dipl_76" value="ⲛⲁ"/><!-- ⲛⲁ -->
<feat xlink:href="#dipl_77" value="ⲃⲱⲕ"/><!-- ⲃⲱⲕ -->
<feat xlink:href="#dipl_78" value="ⲁ̇ⲛ"/><!-- ⲁ̇ⲛ -->
<feat xlink:href="#dipl_79" value="ⲉ̇"/><!-- ⲉ̇ -->
<feat xlink:href="#dipl_80" value="ⲕⲟⲧ"/><!-- ⲕⲟⲧ -->
<feat xlink:href="#dipl_81" value="ⲧ̇ⲉ̇"/><!-- ⲧ̇ -->
<feat xlink:href="#dipl_83" value="ϯ̇"/><!-- ϯ̇ -->
<feat xlink:href="#dipl_84" value="ⲛ̇ⲧⲟⲗⲏ"/><!-- ⲛ̇ⲧⲟⲗⲏ -->
<feat xlink:href="#dipl_85" value="ⲛⲏ"/><!-- ⲛⲏ -->
<feat xlink:href="#dipl_86" value="ⲧⲛ̇"/><!-- ⲧⲛ̇ -->
<feat xlink:href="#dipl_87" value="·"/><!-- · -->
<feat xlink:href="#dipl_88" value="ⲛ̇"/><!-- ⲛ̇ -->
<feat xlink:href="#dipl_89" value="ⲧⲉⲧⲛ̇"/><!-- ⲧⲉⲧⲛ̇ -->
<feat xlink:href="#dipl_90" value="ϩⲁⲣⲉϩ"/><!-- ϩⲁⲣⲉϩ -->
<feat xlink:href="#dipl_91" value="ⲅⲁⲣ"/><!-- ⲅⲁⲣ -->
<feat xlink:href="#dipl_92" value="ⲁ̇ⲛ"/><!-- ⲁ̇ⲛ -->
<feat xlink:href="#dipl_93" value="·"/><!-- · -->
</featList>
</paula>
