<?xml version="1.0" encoding="UTF-8" standalone="no"?>

<!DOCTYPE paula SYSTEM "paula_mark.dtd">
<paula version="1.0">

<header paula_id="AP.23.isaac_diplSeg"/>

<markList xmlns:xlink="http://www.w3.org/1999/xlink" type="diplSeg" xml:base="AP.23.isaac.tok.xml">
<mark id="dipl_1" xlink:href="#tok_1"/><!-- ⲁ︤ -->
<mark id="dipl_2" xlink:href="#tok_2"/><!-- ϥ -->
<mark id="dipl_3" xlink:href="#tok_3"/><!-- ϫⲟⲟ -->
<mark id="dipl_4" xlink:href="#tok_4"/><!-- ⲥ -->
<mark id="dipl_5" xlink:href="#tok_5"/><!-- ⲛ̇ϭⲓ̇ -->
<mark id="dipl_6" xlink:href="#tok_6"/><!-- ⲁ̇ⲡⲁ -->
<mark id="dipl_7" xlink:href="#tok_7"/><!-- ⲓ̇ⲥⲁⲕ -->
<mark id="dipl_8" xlink:href="#tok_8"/><!-- ϫⲉ -->
<mark id="dipl_9" xlink:href="#tok_9"/><!-- ⲛⲉⲛ -->
<mark id="dipl_10" xlink:href="#tok_10"/><!-- ⲉⲓ̇ⲟ̇ⲧⲉ -->
<mark id="dipl_11" xlink:href="#tok_11"/><!-- ⲙⲉⲛ -->
<mark id="dipl_12" xlink:href="#tok_12"/><!-- ⲁ̇ⲡⲁ -->
<mark id="dipl_13" xlink:href="#tok_13"/><!-- ⲡⲁⲙⲃⲱ̇ -->
<mark id="dipl_14" xlink:href="#tok_14"/><!-- ⲛⲉ -->
<mark id="dipl_15" xlink:href="#tok_15"/><!-- ⲩ -->
<mark id="dipl_16" xlink:href="#xpointer(id('tok_16')/range-to(id('tok_17')))"/><!-- ⲫⲟ...ⲣⲉⲓ̇ -->
<mark id="dipl_18" xlink:href="#tok_18"/><!-- ⲛ̇ -->
<mark id="dipl_19" xlink:href="#tok_19"/><!-- ϩⲉⲛ -->
<mark id="dipl_20" xlink:href="#tok_20"/><!-- ϣ̇ⲧⲏⲛ -->
<mark id="dipl_21" xlink:href="#tok_21"/><!-- ⲙ̇ -->
<mark id="dipl_22" xlink:href="#tok_22"/><!-- ⲡⲉⲗϭⲉ -->
<mark id="dipl_23" xlink:href="#tok_23"/><!-- ⲉ̇ -->
<mark id="dipl_24" xlink:href="#tok_24"/><!-- ⲩ -->
<mark id="dipl_25" xlink:href="#tok_25"/><!-- ϩⲛ̇ -->
<mark id="dipl_26" xlink:href="#tok_26"/><!-- ⲛ̇ -->
<mark id="dipl_27" xlink:href="#tok_27"/><!-- ⲧⲟⲉⲓ̇ⲥ -->
<mark id="dipl_28" xlink:href="#tok_28"/><!-- ⲙⲛ̇ -->
<mark id="dipl_29" xlink:href="#tok_29"/><!-- ϩⲛ̇ -->
<mark id="dipl_30" xlink:href="#tok_30"/><!-- ϣ̇ⲧⲏⲛ -->
<mark id="dipl_31" xlink:href="#tok_31"/><!-- ⲛ̇ -->
<mark id="dipl_32" xlink:href="#xpointer(id('tok_32')/range-to(id('tok_33')))"/><!-- ϣ̇...ⲃⲛ̇ⲛⲉ -->
<mark id="dipl_34" xlink:href="#tok_34"/><!-- . -->
<mark id="dipl_35" xlink:href="#tok_35"/><!-- ⲛ̇ⲧⲱⲧⲛ̇ -->
<mark id="dipl_36" xlink:href="#tok_36"/><!-- ⲇⲉ -->
<mark id="dipl_37" xlink:href="#tok_37"/><!-- ⲧⲉⲛⲟⲩ -->
<mark id="dipl_38" xlink:href="#tok_38"/><!-- ⲧⲉⲧⲛ̇ -->
<mark id="dipl_39" xlink:href="#xpointer(id('tok_39')/range-to(id('tok_40')))"/><!-- ⲫⲟ...ⲣⲉⲓ -->
<mark id="dipl_41" xlink:href="#tok_41"/><!-- ⲛ̇ -->
<mark id="dipl_42" xlink:href="#tok_42"/><!-- ϩⲛ̇ -->
<mark id="dipl_43" xlink:href="#tok_43"/><!-- ϣ̇ⲧⲏⲛ -->
<mark id="dipl_44" xlink:href="#tok_44"/><!-- ⲉ̇ -->
<mark id="dipl_45" xlink:href="#tok_45"/><!-- ⲩ -->
<mark id="dipl_46" xlink:href="#tok_46"/><!-- ⲧⲁⲉⲓ̇ⲏⲩ -->
<mark id="dipl_47" xlink:href="#tok_47"/><!-- · -->
<mark id="dipl_48" xlink:href="#tok_48"/><!-- ⲃⲱⲕ -->
<mark id="dipl_49" xlink:href="#xpointer(id('tok_49')/range-to(id('tok_50')))"/><!-- ⲛ̇ⲧⲱ...ⲧⲛ̇ -->
<mark id="dipl_51" xlink:href="#tok_51"/><!-- ⲙ̇ -->
<mark id="dipl_52" xlink:href="#tok_52"/><!-- ⲡⲉⲓ̇ -->
<mark id="dipl_53" xlink:href="#tok_53"/><!-- ⲙⲁ -->
<mark id="dipl_54" xlink:href="#tok_54"/><!-- · -->
<mark id="dipl_55" xlink:href="#tok_55"/><!-- ⲁ̇ -->
<mark id="dipl_56" xlink:href="#xpointer(id('tok_56')/range-to(id('tok_57')))"/><!-- ⲧⲉ...ⲧⲛ̇ -->
<mark id="dipl_58" xlink:href="#tok_58"/><!-- ⲧⲁⲕⲟ -->
<mark id="dipl_59" xlink:href="#tok_59"/><!-- ϥ -->
<mark id="dipl_60" xlink:href="#tok_60"/><!-- .ⲻ -->
<mark id="dipl_61" xlink:href="#tok_61"/><!-- Ⲉ︤ -->
<mark id="dipl_62" xlink:href="#tok_62"/><!-- ⲩ -->
<mark id="dipl_63" xlink:href="#tok_63"/><!-- ⲛⲁ -->
<mark id="dipl_64" xlink:href="#tok_64"/><!-- ⲃⲱⲕ -->
<mark id="dipl_65" xlink:href="#tok_65"/><!-- ⲇⲉ -->
<mark id="dipl_66" xlink:href="#tok_66"/><!-- ⲉ̇ -->
<mark id="dipl_67" xlink:href="#tok_67"/><!-- ⲡ -->
<mark id="dipl_68" xlink:href="#tok_68"/><!-- ⲱϩⲥ̇ -->
<mark id="dipl_70" xlink:href="#tok_70"/><!-- ϥ -->
<mark id="dipl_71" xlink:href="#tok_71"/><!-- ⲛⲁ -->
<mark id="dipl_72" xlink:href="#tok_72"/><!-- ⲩ̇ -->
<mark id="dipl_73" xlink:href="#tok_73"/><!-- ϫⲉ -->
<mark id="dipl_74" xlink:href="#tok_74"/><!-- ⲛ̇ -->
<mark id="dipl_75" xlink:href="#tok_75"/><!-- ϯ̇ -->
<mark id="dipl_76" xlink:href="#tok_76"/><!-- ⲛⲁ -->
<mark id="dipl_77" xlink:href="#tok_77"/><!-- ⲃⲱⲕ -->
<mark id="dipl_78" xlink:href="#tok_78"/><!-- ⲁ̇ⲛ -->
<mark id="dipl_79" xlink:href="#tok_79"/><!-- ⲉ̇ -->
<mark id="dipl_80" xlink:href="#tok_80"/><!-- ⲕⲟⲧ -->
<mark id="dipl_81" xlink:href="#xpointer(id('tok_81')/range-to(id('tok_82')))"/><!-- ⲧ̇...ⲉ̇ -->
<mark id="dipl_83" xlink:href="#tok_83"/><!-- ϯ̇ -->
<mark id="dipl_84" xlink:href="#tok_84"/><!-- ⲛ̇ⲧⲟⲗⲏ -->
<mark id="dipl_85" xlink:href="#tok_85"/><!-- ⲛⲏ -->
<mark id="dipl_86" xlink:href="#tok_86"/><!-- ⲧⲛ̇ -->
<mark id="dipl_87" xlink:href="#tok_87"/><!-- · -->
<mark id="dipl_88" xlink:href="#tok_88"/><!-- ⲛ̇ -->
<mark id="dipl_89" xlink:href="#tok_89"/><!-- ⲧⲉⲧⲛ̇ -->
<mark id="dipl_90" xlink:href="#tok_90"/><!-- ϩⲁⲣⲉϩ -->
<mark id="dipl_91" xlink:href="#tok_91"/><!-- ⲅⲁⲣ -->
<mark id="dipl_92" xlink:href="#tok_92"/><!-- ⲁ̇ⲛ -->
<mark id="dipl_93" xlink:href="#tok_93"/><!-- · -->
</markList>
</paula>
