<?xml version="1.0" encoding="UTF-8" standalone="no"?>
<!DOCTYPE paula SYSTEM "paula_feat.dtd">

<paula version="1.0">
<header paula_id="AP.25.pambo.annoFeat"/> <featList type="annoFeat" xml:base="AP.25.pambo.anno.xml" xmlns:xlink="http://www.w3.org/1999/xlink">
  <feat xlink:href="#rel_1" value="text" />
  <feat xlink:href="#rel_2" value="tok" />
  <feat xlink:href="#rel_3" value="diplSeg_dipl" />
  <feat xlink:href="#rel_4" value="diplSeg" />
  <feat xlink:href="#rel_5" value="dipl_wordSeg_dipl_word" />
  <feat xlink:href="#rel_6" value="dipl_wordSeg" />
  <feat xlink:href="#rel_7" value="wordSeg_word" />
  <feat xlink:href="#rel_8" value="wordSeg" />
  <feat xlink:href="#rel_9" value="normSeg_norm" />
  <feat xlink:href="#rel_10" value="normSeg" />
  <feat xlink:href="#rel_11" value="posSeg_pos" />
  <feat xlink:href="#rel_12" value="posSeg" />
  <feat xlink:href="#rel_13" value="translationSeg_translation" />
  <feat xlink:href="#rel_14" value="translationSeg" />
  <feat xlink:href="#rel_15" value="source_langSeg_source_lang" />
  <feat xlink:href="#rel_16" value="source_langSeg" />
  <feat xlink:href="#rel_17" value="lb_nSeg_lb_n" />
  <feat xlink:href="#rel_18" value="lb_nSeg" />
  <feat xlink:href="#rel_19" value="pbSeg_pb" />
  <feat xlink:href="#rel_20" value="pbSeg" />
  <feat xlink:href="#rel_21" value="cbSeg_cb" />
  <feat xlink:href="#rel_22" value="cbSeg" />
  <feat xlink:href="#rel_23" value="noteSeg_note" />
  <feat xlink:href="#rel_24" value="noteSeg" />
  <feat xlink:href="#rel_25" value="hi_rendSeg_hi_rend" />
  <feat xlink:href="#rel_26" value="hi_rendSeg" />
  <feat xlink:href="#rel_27" value="entitySeg_entity" />
  <feat xlink:href="#rel_28" value="entitySeg" />
  <feat xlink:href="#rel_29" value="coref" />
  <feat xlink:href="#rel_30" value="type" />
 </featList>
</paula>