<?xml version="1.0" encoding="UTF-8" standalone="no"?>
<!DOCTYPE paula SYSTEM "paula_struct.dtd">

<paula version="1.0">
 <header paula_id="AP.90.olympius_merge.annoSet" />
 <structList xmlns:xlink="http://www.w3.org/1999/xlink" type="annoSet">
  <struct id="anno_1">
   <rel id="rel_1" xlink:href="AP.90.olympius_merge.text.xml" />
   <rel id="rel_2" xlink:href="AP.90.olympius_merge.tok.xml" />
   <rel id="rel_3" xlink:href="AP.90.olympius_merge.diplSeg_dipl.xml" />
   <rel id="rel_4" xlink:href="AP.90.olympius_merge.diplSeg.xml" />
   <rel id="rel_5" xlink:href="AP.90.olympius_merge.dipl_wordSeg_dipl_word.xml" />
   <rel id="rel_6" xlink:href="AP.90.olympius_merge.dipl_wordSeg.xml" />
   <rel id="rel_7" xlink:href="AP.90.olympius_merge.lb_nSeg_lb_n.xml" />
   <rel id="rel_8" xlink:href="AP.90.olympius_merge.lb_nSeg.xml" />
   <rel id="rel_9" xlink:href="AP.90.olympius_merge.pbSeg_pb.xml" />
   <rel id="rel_10" xlink:href="AP.90.olympius_merge.pbSeg.xml" />
   <rel id="rel_11" xlink:href="AP.90.olympius_merge.wordSeg_word.xml" />
   <rel id="rel_12" xlink:href="AP.90.olympius_merge.wordSeg.xml" />
   <rel id="rel_13" xlink:href="AP.90.olympius_merge.normSeg_norm.xml" />
   <rel id="rel_14" xlink:href="AP.90.olympius_merge.normSeg.xml" />
   <rel id="rel_15" xlink:href="AP.90.olympius_merge.posSeg_pos.xml" />
   <rel id="rel_16" xlink:href="AP.90.olympius_merge.posSeg.xml" />
   <rel id="rel_17" xlink:href="AP.90.olympius_merge.source_langSeg_source_lang.xml" />
   <rel id="rel_18" xlink:href="AP.90.olympius_merge.source_langSeg.xml" />
   <rel id="rel_19" xlink:href="AP.90.olympius_merge.translationSeg_translation.xml" />
   <rel id="rel_20" xlink:href="AP.90.olympius_merge.translationSeg.xml" />
   <rel id="rel_21" xlink:href="coref.AP.90.olympius_merge.entitySeg_entity.xml" />
   <rel id="rel_22" xlink:href="coref.AP.90.olympius_merge.entitySeg.xml" />
   <rel id="rel_23" xlink:href="coref.AP.90.olympius_merge.coref.xml" />
   <rel id="rel_24" xlink:href="coref.AP.90.olympius_merge.coref_type.xml" />
   <rel id="rel_25" xlink:href="AP.90.olympius_merge.lacunaSeg_lacuna.xml" />
   <rel id="rel_26" xlink:href="AP.90.olympius_merge.lacunaSeg.xml" />
   <rel id="rel_27" xlink:href="ignore.AP.90.olympius_merge.noteSeg_note.xml" />
   <rel id="rel_28" xlink:href="ignore.AP.90.olympius_merge.noteSeg.xml" />
  </struct>
 </structList>
</paula>