<?xml version="1.0" encoding="UTF-8" standalone="no"?>

<!DOCTYPE paula SYSTEM "paula_feat.dtd">
<paula version="1.0">

<header paula_id="AP.90.olympius_merge_word"/>

<featList xmlns:xlink="http://www.w3.org/1999/xlink" type="word" xml:base="AP.90.olympius_merge.wordSeg.xml">
<feat xlink:href="#word_1" value="…ⲛ"/><!-- …ⲛ -->
<feat xlink:href="#word_2" value="ⲟⲩⲁ"/><!-- ⲟⲩⲁ -->
<feat xlink:href="#word_3" value="ⲛ̅ⲛ̅ϩⲗ̅ⲗⲟ"/><!-- ⲛ̇ -->
<feat xlink:href="#word_6" value="·"/><!-- · -->
<feat xlink:href="#word_7" value=".."/><!-- .. -->
<feat xlink:href="#word_8" value="ⲙ"/><!-- ⲙ -->
<feat xlink:href="#word_9" value="."/><!-- . -->
<feat xlink:href="#word_10" value="ⲁϥⲛⲁⲩ"/><!-- ⲁ -->
<feat xlink:href="#word_13" value="ⲉⲧⲉϥϭⲓⲛⲱⲛⲁϩ"/><!-- ⲉ -->
<feat xlink:href="#word_17" value="·"/><!-- · -->
<feat xlink:href="#word_18" value="ⲁⲩⲱ"/><!-- ⲁⲩⲱ -->
<feat xlink:href="#word_19" value="ⲡⲉϫⲁϥ"/><!-- [ⲡ]ⲉϫⲁ -->
<feat xlink:href="#word_21" value="ⲛⲁϥ"/><!-- ⲛⲁ -->
<feat xlink:href="#word_23" value="ϫⲉ"/><!--   ϫⲉ -->
<feat xlink:href="#word_24" value="ⲉⲧⲉⲧⲛ̅ⲛⲁⲩ"/><!-- ⲉ̇ -->
<feat xlink:href="#word_28" value="ⲁⲛ"/><!-- ⲁⲛ -->
<feat xlink:href="#word_29" value="ⲉⲗⲁⲁⲩ"/><!-- ⲉ -->
<feat xlink:href="#word_31" value="ⲉⲃⲟⲗ"/><!-- ⲉ̇ⲃⲟⲗ -->
<feat xlink:href="#word_32" value="ϩⲓⲧⲛ"/><!-- ϩⲓⲧⲛ -->
<feat xlink:href="#word_33" value="ⲡⲉⲧⲛ̅ⲛⲟⲩⲧⲉ"/><!-- ⲡⲉⲧⲛ̇ -->
<feat xlink:href="#word_35" value="."/><!-- . -->
<feat xlink:href="#word_36" value="ⲡⲉϫⲁϥ"/><!-- ⲡⲉϫⲁ -->
<feat xlink:href="#word_38" value="ϫⲉ"/><!-- ϫⲉ -->
<feat xlink:href="#word_39" value="ⲙ̅ⲙⲟⲛ"/><!-- ⲙⲙⲟⲛ -->
<feat xlink:href="#word_40" value="."/><!-- . -->
<feat xlink:href="#word_41" value="ⲻ"/><!-- ⲻ -->
<feat xlink:href="#word_42" value="ⲡⲉϫⲁϥ"/><!-- Ⲡⲉϫⲁ -->
<feat xlink:href="#word_44" value="ⲛ̅ϭⲓ"/><!-- ⲛ̇ϭⲓ -->
<feat xlink:href="#word_45" value="ⲡϩⲓⲉⲣⲉⲩⲥ"/><!-- ⲡ -->
<feat xlink:href="#word_47" value="ϫⲉ"/><!-- ϫⲉ -->
<feat xlink:href="#word_48" value="ⲁⲛⲟⲛ"/><!-- ⲁ̇ⲛⲟⲛ -->
<feat xlink:href="#word_49" value="ϩⲉⲛⲕⲟⲩⲓ"/><!-- ϩⲉⲛ -->
<feat xlink:href="#word_51" value="ⲛ̅ⲗⲓⲧⲟⲩⲣⲅⲓⲁ"/><!-- ⲛ̇ -->
<feat xlink:href="#word_53" value="ⲛⲉⲧⲛ̅ⲉⲓⲣⲉ"/><!-- ⲛⲉ -->
<feat xlink:href="#word_56" value="ⲙⲙⲟⲟⲩ"/><!-- ⲙ̇ⲙⲟ -->
<feat xlink:href="#word_58" value="·"/><!-- · -->
<feat xlink:href="#word_59" value="ⲁⲩⲱ"/><!-- ⲁⲩⲱ̇ -->
<feat xlink:href="#word_60" value="ⲙ̅ⲙⲩⲥⲧⲏⲣⲓⲟⲛ"/><!-- ⲙ̇ -->
<feat xlink:href="#word_62" value="ϭⲟⲗⲡ"/><!-- ϭⲟⲗⲡ̇ -->
<feat xlink:href="#word_63" value="ⲛⲁⲛ"/><!-- ⲛⲁ -->
<feat xlink:href="#word_65" value="ⲉⲃⲟⲗ"/><!-- ⲉ̇ⲃⲟⲗ -->
<feat xlink:href="#word_66" value="."/><!-- . -->
<feat xlink:href="#word_67" value="ⲻ"/><!-- ⲻ -->
<feat xlink:href="#word_68" value="ⲁⲩⲱ"/><!-- Ⲁⲩⲱ̇ -->
<feat xlink:href="#word_69" value="ⲛ̅ⲧⲱⲧⲛ̅"/><!-- ⲛ̇ⲧⲱⲧⲛ̇ -->
<feat xlink:href="#word_70" value="ⲧⲉⲧⲛ̅ⲉⲓⲣⲉ"/><!-- ⲧⲉ -->
<feat xlink:href="#word_73" value="ⲛ̅ⲛⲉⲓϩⲓⲥⲉ"/><!-- ⲛ̇ -->
<feat xlink:href="#word_76" value="ⲛ̅ⲧⲉⲓϭⲟⲧ"/><!-- ⲛ̇ -->
<feat xlink:href="#word_80" value="·"/><!-- ⲻ -->
<feat xlink:href="#word_81" value="ⲛⲉⲓⲟⲩϣⲏ"/><!-- Ⲛⲉⲓ̇ -->
<feat xlink:href="#word_83" value="ⲛ̅ⲣⲟⲉⲓⲥ"/><!-- ⲛ̇ -->
<feat xlink:href="#word_85" value="·"/><!-- · -->
<feat xlink:href="#word_86" value="ⲙⲛ̅"/><!-- ⲙⲛ̇ -->
<feat xlink:href="#word_87" value="ⲛⲉⲓⲁⲥⲕⲏⲥⲓⲥ"/><!-- ⲛⲉⲓ̇ -->
<feat xlink:href="#word_89" value="·"/><!-- · -->
<feat xlink:href="#word_90" value="ⲙⲛ̅"/><!-- ⲙⲛ̇ -->
<feat xlink:href="#word_91" value="ⲡⲉⲓⲥϭ̅ⲣⲁϩⲧ̅"/><!-- ⲡⲉⲓ̇ -->
<feat xlink:href="#word_93" value="·"/><!-- · -->
<feat xlink:href="#word_95" value="ⲁⲩⲱ"/><!-- Ⲁⲩⲱ̇ -->
<feat xlink:href="#word_96" value="ⲧⲉⲧⲛ̅ϫⲱ"/><!-- ⲧⲉⲧⲛ̇ -->
<feat xlink:href="#word_98" value="ⲙ̅ⲙⲟⲥ"/><!-- ⲙ̇ -->
<feat xlink:href="#word_101" value="ϫⲉ"/><!-- ϫⲉ -->
<feat xlink:href="#word_102" value="ⲙⲛ̅ⲧⲁⲛ"/><!-- ⲙⲛ̇ⲧⲁ -->
<feat xlink:href="#word_104" value="ⲗⲁⲁⲩ"/><!-- ⲗⲁ -->
<feat xlink:href="#word_106" value="ⲙ̅ⲙⲉⲉⲩⲉ"/><!-- ⲙ̇ -->
<feat xlink:href="#word_108" value="ⲉϥϩⲟⲟⲩ"/><!-- ⲉ -->
<feat xlink:href="#word_111" value="ϩⲙ̅"/><!-- ϩⲙ̇ -->
<feat xlink:href="#word_112" value="ⲡⲉⲛϩⲏⲧ"/><!-- ⲡⲉⲛ -->
<feat xlink:href="#word_114" value="·"/><!-- · -->
<feat xlink:href="#word_116" value="ⲁⲩⲱ"/><!-- Ⲁⲩⲱ̇ -->
<feat xlink:href="#word_117" value="ⲟⲛ"/><!-- ⲟ̇ⲛ -->
<feat xlink:href="#word_118" value="ⲡⲉⲧⲡⲱⲣϫ̅"/><!-- ⲡ -->
<feat xlink:href="#word_121" value="ⲙ̅ⲙⲱⲧⲛ̅"/><!-- ⲙ̇ⲙⲱ -->
<feat xlink:href="#word_123" value="ⲉⲡⲉⲧⲛ̅ⲛⲟⲩⲧⲉ"/><!-- ⲉ -->
<feat xlink:href="#word_126" value="·"/><!-- · -->
<feat xlink:href="#word_127" value="ⲛ̅ϥϭⲱⲗⲡ̅"/><!-- ⲛ̇ -->
<feat xlink:href="#word_130" value="ⲁⲛ"/><!-- ⲁ̇ⲛ -->
<feat xlink:href="#word_131" value="ⲉⲣⲱⲧⲛ̅"/><!-- ⲉⲣⲱ -->
<feat xlink:href="#word_133" value="ⲛ̅ⲛⲉϥⲙⲩⲥⲧⲏⲣⲓⲟⲛ"/><!-- ⲛ̇ -->
<feat xlink:href="#word_137" value="."/><!-- .    -->
<feat xlink:href="#word_138" value="ⲛ̅ⲧⲉⲣⲟⲩⲥⲱⲧⲙ̅"/><!-- ⲛ̇ⲧⲉⲣ -->
<feat xlink:href="#word_141" value="ⲇⲉ"/><!-- ⲇⲉ -->
<feat xlink:href="#word_142" value="ⲛ̅ϭⲓ"/><!-- ⲛ̇ϭⲓ̇ -->
<feat xlink:href="#word_143" value="ⲛⲉⲛⲉⲓⲟⲧⲉ"/><!-- ⲛ̇ⲉⲛ -->
<feat xlink:href="#word_145" value="ⲁⲩⲣ̅ϣⲡⲏⲣⲉ"/><!-- ⲁ̇ -->
<feat xlink:href="#word_149" value="ⲁⲩⲱ"/><!-- ⲁⲩⲱ̇ -->
<feat xlink:href="#word_150" value="ⲡⲉϫⲁⲩ"/><!-- ⲡⲉϫⲁ -->
<feat xlink:href="#word_152" value="ϫⲉ"/><!-- ϫⲉ -->
<feat xlink:href="#word_153" value="ⲙ̅ⲙⲉⲉⲩⲉ"/><!-- ⲙ̇ -->
<feat xlink:href="#word_155" value="ⲉⲑⲟⲟⲩ"/><!-- ⲉ̇ⲑ -->
<feat xlink:href="#word_157" value="ⲛⲁⲙⲉ"/><!-- ⲛⲁⲙⲉ -->
<feat xlink:href="#word_158" value="ⲛⲉϣⲁⲩⲡⲟⲣϫⲛ̅"/><!-- ⲛⲉ -->
<feat xlink:href="#word_163" value="ⲉⲡⲛⲟⲩⲧⲉ"/><!-- ⲉ̇ -->
<feat xlink:href="#word_166" value="."/><!-- . -->
</featList>
</paula>
