<?xml version="1.0" encoding="UTF-8" standalone="no"?>

<!DOCTYPE paula SYSTEM "paula_mark.dtd">
<paula version="1.0">

<header paula_id="AP.90.olympius_posSeg"/>

<markList xmlns:xlink="http://www.w3.org/1999/xlink" type="posSeg" xml:base="AP.90.olympius.tok.xml">
<mark id="pos_1" xlink:href="#tok_1"/><!-- …ⲛ -->
<mark id="pos_2" xlink:href="#tok_2"/><!-- ⲟⲩⲁ -->
<mark id="pos_3" xlink:href="#tok_3"/><!-- ⲛ̇ -->
<mark id="pos_4" xlink:href="#tok_4"/><!-- ⲛ̇ -->
<mark id="pos_5" xlink:href="#tok_5"/><!-- ϩⲗ̇ⲗⲟ -->
<mark id="pos_6" xlink:href="#tok_6"/><!-- · -->
<mark id="pos_7" xlink:href="#tok_7"/><!-- .. -->
<mark id="pos_8" xlink:href="#tok_8"/><!-- ⲙ -->
<mark id="pos_9" xlink:href="#tok_9"/><!-- . -->
<mark id="pos_10" xlink:href="#tok_10"/><!-- ⲁ -->
<mark id="pos_11" xlink:href="#tok_11"/><!-- ϥ -->
<mark id="pos_12" xlink:href="#tok_12"/><!-- ⲛⲁⲩ -->
<mark id="pos_13" xlink:href="#tok_13"/><!-- ⲉ -->
<mark id="pos_14" xlink:href="#tok_14"/><!-- ⲧⲉϥ -->
<mark id="pos_15" xlink:href="#tok_15"/><!-- [ϭⲓ]ⲛ -->
<mark id="pos_16" xlink:href="#tok_16"/><!-- ⲱ̇ⲛⲁϩ -->
<mark id="pos_17" xlink:href="#tok_17"/><!-- · -->
<mark id="pos_18" xlink:href="#tok_18"/><!-- ⲁⲩⲱ -->
<mark id="pos_19" xlink:href="#tok_19"/><!-- [ⲡ]ⲉϫⲁ -->
<mark id="pos_20" xlink:href="#tok_20"/><!-- ϥ -->
<mark id="pos_21" xlink:href="#tok_21"/><!-- ⲛⲁ -->
<mark id="pos_22" xlink:href="#tok_22"/><!-- ϥ -->
<mark id="pos_23" xlink:href="#tok_23"/><!--   ϫⲉ -->
<mark id="pos_24" xlink:href="#tok_24"/><!-- ⲉ̇ -->
<mark id="pos_25" xlink:href="#xpointer(id('tok_25')/range-to(id('tok_26')))"/><!-- ⲧⲉ...ⲧⲛ̇ -->
<mark id="pos_27" xlink:href="#tok_27"/><!-- ⲛⲁⲩ -->
<mark id="pos_28" xlink:href="#tok_28"/><!-- ⲁⲛ -->
<mark id="pos_29" xlink:href="#tok_29"/><!-- ⲉ -->
<mark id="pos_30" xlink:href="#tok_30"/><!-- ⲗⲁⲁⲩ -->
<mark id="pos_31" xlink:href="#tok_31"/><!-- ⲉ̇ⲃⲟⲗ -->
<mark id="pos_32" xlink:href="#tok_32"/><!-- ϩⲓⲧⲛ -->
<mark id="pos_33" xlink:href="#tok_33"/><!-- ⲡⲉⲧⲛ̇ -->
<mark id="pos_34" xlink:href="#tok_34"/><!-- ⲛⲟⲩⲧⲉ -->
<mark id="pos_35" xlink:href="#tok_35"/><!-- . -->
<mark id="pos_36" xlink:href="#tok_36"/><!-- ⲡⲉϫⲁ -->
<mark id="pos_37" xlink:href="#tok_37"/><!-- ϥ -->
<mark id="pos_38" xlink:href="#tok_38"/><!-- ϫⲉ -->
<mark id="pos_39" xlink:href="#tok_39"/><!-- ⲙⲙⲟⲛ -->
<mark id="pos_40" xlink:href="#tok_40"/><!-- . -->
<mark id="pos_41" xlink:href="#tok_41"/><!-- ⲻ -->
<mark id="pos_42" xlink:href="#tok_42"/><!-- Ⲡⲉϫⲁ -->
<mark id="pos_43" xlink:href="#tok_43"/><!-- ϥ -->
<mark id="pos_44" xlink:href="#tok_44"/><!-- ⲛ̇ϭⲓ -->
<mark id="pos_45" xlink:href="#tok_45"/><!-- ⲡ -->
<mark id="pos_46" xlink:href="#tok_46"/><!-- ϩⲓⲉⲣⲉⲩⲥ̇ -->
<mark id="pos_47" xlink:href="#tok_47"/><!-- ϫⲉ -->
<mark id="pos_48" xlink:href="#tok_48"/><!-- ⲁ̇ⲛⲟⲛ -->
<mark id="pos_49" xlink:href="#tok_49"/><!-- ϩⲉⲛ -->
<mark id="pos_50" xlink:href="#tok_50"/><!-- ⲕⲟⲩⲓ̈ -->
<mark id="pos_51" xlink:href="#tok_51"/><!-- ⲛ̇ -->
<mark id="pos_52" xlink:href="#tok_52"/><!-- ⲗⲓⲧⲟⲩⲣⲅⲓ̇ⲁ̇ -->
<mark id="pos_53" xlink:href="#xpointer(id('tok_53')/range-to(id('tok_54')))"/><!-- ⲛⲉ...ⲧⲛ̇ -->
<mark id="pos_55" xlink:href="#tok_55"/><!-- ⲉⲓⲣⲉ -->
<mark id="pos_56" xlink:href="#tok_56"/><!-- ⲙ̇ⲙⲟ -->
<mark id="pos_57" xlink:href="#tok_57"/><!-- ⲟⲩ -->
<mark id="pos_58" xlink:href="#tok_58"/><!-- · -->
<mark id="pos_59" xlink:href="#tok_59"/><!-- ⲁⲩⲱ̇ -->
<mark id="pos_60" xlink:href="#tok_60"/><!-- ⲙ̇ -->
<mark id="pos_61" xlink:href="#tok_61"/><!-- ⲙⲩⲥⲧⲏⲣⲓ̈ⲟⲛ -->
<mark id="pos_62" xlink:href="#tok_62"/><!-- ϭⲟⲗⲡ̇ -->
<mark id="pos_63" xlink:href="#tok_63"/><!-- ⲛⲁ -->
<mark id="pos_64" xlink:href="#tok_64"/><!-- ⲛ -->
<mark id="pos_65" xlink:href="#tok_65"/><!-- ⲉ̇ⲃⲟⲗ -->
<mark id="pos_66" xlink:href="#tok_66"/><!-- . -->
<mark id="pos_67" xlink:href="#tok_67"/><!-- ⲻ -->
<mark id="pos_68" xlink:href="#tok_68"/><!-- Ⲁⲩⲱ̇ -->
<mark id="pos_69" xlink:href="#tok_69"/><!-- ⲛ̇ⲧⲱⲧⲛ̇ -->
<mark id="pos_70" xlink:href="#xpointer(id('tok_70')/range-to(id('tok_71')))"/><!-- ⲧⲉ...ⲧ̇ⲛ̇ -->
<mark id="pos_72" xlink:href="#tok_72"/><!-- ⲉⲓ̈ⲣⲉ -->
<mark id="pos_73" xlink:href="#tok_73"/><!-- ⲛ̇ -->
<mark id="pos_74" xlink:href="#tok_74"/><!-- ⲛⲉⲓ̈ -->
<mark id="pos_75" xlink:href="#tok_75"/><!-- ϩⲓⲥⲉ -->
<mark id="pos_76" xlink:href="#tok_76"/><!-- ⲛ̇ -->
<mark id="pos_77" xlink:href="#tok_77"/><!-- ⲧⲉⲓ̈ -->
<mark id="pos_78" xlink:href="#tok_78"/><!-- ϭⲟⲧ -->
<mark id="pos_80" xlink:href="#tok_80"/><!-- ⲻ -->
<mark id="pos_81" xlink:href="#tok_81"/><!-- Ⲛⲉⲓ̇ -->
<mark id="pos_82" xlink:href="#tok_82"/><!-- ⲟⲩϣⲏ -->
<mark id="pos_83" xlink:href="#tok_83"/><!-- ⲛ̇ -->
<mark id="pos_84" xlink:href="#tok_84"/><!-- ⲣⲟⲉⲓ̈ⲥ -->
<mark id="pos_85" xlink:href="#tok_85"/><!-- · -->
<mark id="pos_86" xlink:href="#tok_86"/><!-- ⲙⲛ̇ -->
<mark id="pos_87" xlink:href="#tok_87"/><!-- ⲛⲉⲓ̇ -->
<mark id="pos_88" xlink:href="#tok_88"/><!-- ⲁ̇ⲥⲕⲏⲥⲓⲥ -->
<mark id="pos_89" xlink:href="#tok_89"/><!-- · -->
<mark id="pos_90" xlink:href="#tok_90"/><!-- ⲙⲛ̇ -->
<mark id="pos_91" xlink:href="#tok_91"/><!-- ⲡⲉⲓ̇ -->
<mark id="pos_92" xlink:href="#tok_92"/><!-- ⲥ̇ϭⲣⲁϩⲧ̇ -->
<mark id="pos_93" xlink:href="#xpointer(id('tok_93')/range-to(id('tok_94')))"/><!-- ·...ⲻ -->
<mark id="pos_95" xlink:href="#tok_95"/><!-- Ⲁⲩⲱ̇ -->
<mark id="pos_96" xlink:href="#tok_96"/><!-- ⲧⲉⲧⲛ̇ -->
<mark id="pos_97" xlink:href="#tok_97"/><!-- ϫⲱ -->
<mark id="pos_98" xlink:href="#xpointer(id('tok_98')/range-to(id('tok_99')))"/><!-- ⲙ̇...ⲙⲟ -->
<mark id="pos_100" xlink:href="#tok_100"/><!-- ⲥ -->
<mark id="pos_101" xlink:href="#tok_101"/><!-- ϫⲉ -->
<mark id="pos_102" xlink:href="#tok_102"/><!-- ⲙⲛ̇ⲧⲁ -->
<mark id="pos_103" xlink:href="#tok_103"/><!-- ⲛ -->
<mark id="pos_104" xlink:href="#xpointer(id('tok_104')/range-to(id('tok_105')))"/><!-- ⲗⲁ...ⲁⲩ -->
<mark id="pos_106" xlink:href="#tok_106"/><!-- ⲙ̇ -->
<mark id="pos_107" xlink:href="#tok_107"/><!-- ⲙⲉⲉⲩⲉ -->
<mark id="pos_108" xlink:href="#tok_108"/><!-- ⲉ -->
<mark id="pos_109" xlink:href="#tok_109"/><!-- ϥ -->
<mark id="pos_110" xlink:href="#tok_110"/><!-- ϩⲟⲟⲩ -->
<mark id="pos_111" xlink:href="#tok_111"/><!-- ϩⲙ̇ -->
<mark id="pos_112" xlink:href="#tok_112"/><!-- ⲡⲉⲛ -->
<mark id="pos_113" xlink:href="#tok_113"/><!-- ϩⲏⲧ -->
<mark id="pos_114" xlink:href="#xpointer(id('tok_114')/range-to(id('tok_115')))"/><!-- ·...ⲻ -->
<mark id="pos_116" xlink:href="#tok_116"/><!-- Ⲁⲩⲱ̇ -->
<mark id="pos_117" xlink:href="#tok_117"/><!-- ⲟ̇ⲛ -->
<mark id="pos_118" xlink:href="#tok_118"/><!-- ⲡ -->
<mark id="pos_119" xlink:href="#tok_119"/><!-- ⲉⲧ -->
<mark id="pos_120" xlink:href="#tok_120"/><!-- ⲡⲱⲣ̇ϫ -->
<mark id="pos_121" xlink:href="#tok_121"/><!-- ⲙ̇ⲙⲱ -->
<mark id="pos_122" xlink:href="#tok_122"/><!-- ⲧⲛ̇ -->
<mark id="pos_123" xlink:href="#tok_123"/><!-- ⲉ -->
<mark id="pos_124" xlink:href="#tok_124"/><!-- ⲡⲉⲧⲛ̇ -->
<mark id="pos_125" xlink:href="#tok_125"/><!-- ⲛⲟⲩⲧⲉ -->
<mark id="pos_126" xlink:href="#tok_126"/><!-- · -->
<mark id="pos_127" xlink:href="#tok_127"/><!-- ⲛ̇ -->
<mark id="pos_128" xlink:href="#tok_128"/><!-- ϥ -->
<mark id="pos_129" xlink:href="#tok_129"/><!-- ϭⲱⲗⲡ̇ -->
<mark id="pos_130" xlink:href="#tok_130"/><!-- ⲁ̇ⲛ -->
<mark id="pos_131" xlink:href="#tok_131"/><!-- ⲉⲣⲱ -->
<mark id="pos_132" xlink:href="#tok_132"/><!-- ⲧⲛ̇ -->
<mark id="pos_133" xlink:href="#tok_133"/><!-- ⲛ̇ -->
<mark id="pos_134" xlink:href="#tok_134"/><!-- ⲛⲉϥ -->
<mark id="pos_135" xlink:href="#xpointer(id('tok_135')/range-to(id('tok_136')))"/><!-- ⲙⲩⲥⲧⲏⲣⲓ̈...ⲟⲛ -->
<mark id="pos_137" xlink:href="#tok_137"/><!-- .    -->
<mark id="pos_138" xlink:href="#tok_138"/><!-- ⲛ̇ⲧⲉⲣ -->
<mark id="pos_139" xlink:href="#tok_139"/><!-- ⲟⲩ -->
<mark id="pos_140" xlink:href="#tok_140"/><!-- ⲥⲱⲧⲙ̇ -->
<mark id="pos_141" xlink:href="#tok_141"/><!-- ⲇⲉ -->
<mark id="pos_142" xlink:href="#tok_142"/><!-- ⲛ̇ϭⲓ̇ -->
<mark id="pos_143" xlink:href="#tok_143"/><!-- ⲛ̇ⲉⲛ -->
<mark id="pos_144" xlink:href="#tok_144"/><!-- ⲉⲓ̇ⲟ̇ⲧⲉ -->
<mark id="pos_145" xlink:href="#tok_145"/><!-- ⲁ̇ -->
<mark id="pos_146" xlink:href="#tok_146"/><!-- ⲩ -->
<mark id="pos_147" xlink:href="#xpointer(id('tok_147')/range-to(id('tok_148')))"/><!-- ⲣ̇...ϣ̇ⲡⲏⲣⲉ -->
<mark id="pos_149" xlink:href="#tok_149"/><!-- ⲁⲩⲱ̇ -->
<mark id="pos_150" xlink:href="#tok_150"/><!-- ⲡⲉϫⲁ -->
<mark id="pos_151" xlink:href="#tok_151"/><!-- ⲩ -->
<mark id="pos_152" xlink:href="#tok_152"/><!-- ϫⲉ -->
<mark id="pos_153" xlink:href="#tok_153"/><!-- ⲙ̇ -->
<mark id="pos_154" xlink:href="#tok_154"/><!-- ⲙⲉⲉ̇ⲩⲉ̇ -->
<mark id="pos_155" xlink:href="#tok_155"/><!-- ⲉ̇ⲑ -->
<mark id="pos_156" xlink:href="#tok_156"/><!-- ⲟⲟⲩ -->
<mark id="pos_157" xlink:href="#tok_157"/><!-- ⲛⲁⲙⲉ -->
<mark id="pos_158" xlink:href="#tok_158"/><!-- ⲛⲉ -->
<mark id="pos_159" xlink:href="#tok_159"/><!-- ϣⲁ -->
<mark id="pos_160" xlink:href="#tok_160"/><!-- ⲩ -->
<mark id="pos_161" xlink:href="#tok_161"/><!-- ⲡⲟⲣϫ̇ -->
<mark id="pos_162" xlink:href="#tok_162"/><!-- ⲛ̇ -->
<mark id="pos_163" xlink:href="#tok_163"/><!-- ⲉ̇ -->
<mark id="pos_164" xlink:href="#tok_164"/><!-- ⲡ -->
<mark id="pos_165" xlink:href="#tok_165"/><!-- ⲛⲟⲩⲧⲉ -->
<mark id="pos_166" xlink:href="#xpointer(id('tok_166')/range-to(id('tok_167')))"/><!-- ....ⲻ -->
</markList>
</paula>
