<?xml version="1.0" encoding="UTF-8" standalone="no"?>

<!DOCTYPE paula SYSTEM "paula_feat.dtd">
<paula version="1.0">

<header paula_id="AP.90.olympius_lb_n"/>

<featList xmlns:xlink="http://www.w3.org/1999/xlink" type="lb_n" xml:base="AP.90.olympius.lb_nSeg.xml">
<feat xlink:href="#lb_n_1" value="1"/><!-- …ⲛ -->
<feat xlink:href="#lb_n_7" value="2"/><!-- .. -->
<feat xlink:href="#lb_n_15" value="3"/><!-- [ϭⲓ]ⲛ -->
<feat xlink:href="#lb_n_19" value="4"/><!-- [ⲡ]ⲉϫⲁ -->
<feat xlink:href="#lb_n_26" value="5"/><!-- ⲧⲛ̇ -->
<feat xlink:href="#lb_n_32" value="6"/><!-- ϩⲓⲧⲛ -->
<feat xlink:href="#lb_n_36" value="7"/><!-- ⲡⲉϫⲁ -->
<feat xlink:href="#lb_n_42" value="8"/><!-- Ⲡⲉϫⲁ -->
<feat xlink:href="#lb_n_47" value="9"/><!-- ϫⲉ -->
<feat xlink:href="#lb_n_51" value="10"/><!-- ⲛ̇ -->
<feat xlink:href="#lb_n_54" value="11"/><!-- ⲧⲛ̇ -->
<feat xlink:href="#lb_n_59" value="12"/><!-- ⲁⲩⲱ̇ -->
<feat xlink:href="#lb_n_62" value="13"/><!-- ϭⲟⲗⲡ̇ -->
<feat xlink:href="#lb_n_68" value="14"/><!-- Ⲁⲩⲱ̇ -->
<feat xlink:href="#lb_n_71" value="15"/><!-- ⲧ̇ⲛ̇ -->
<feat xlink:href="#lb_n_77" value="16"/><!-- ⲧⲉⲓ̈ -->
<feat xlink:href="#lb_n_81" value="17"/><!-- Ⲛⲉⲓ̇ -->
<feat xlink:href="#lb_n_86" value="18"/><!-- ⲙⲛ̇ -->
<feat xlink:href="#lb_n_90" value="19"/><!-- ⲙⲛ̇ -->
<feat xlink:href="#lb_n_95" value="20"/><!-- Ⲁⲩⲱ̇ -->
<feat xlink:href="#lb_n_99" value="21"/><!-- ⲙⲟ -->
<feat xlink:href="#lb_n_105" value="22"/><!-- ⲁⲩ -->
<feat xlink:href="#lb_n_111" value="23"/><!-- ϩⲙ̇ -->
<feat xlink:href="#lb_n_116" value="24"/><!-- Ⲁⲩⲱ̇ -->
<feat xlink:href="#lb_n_121" value="25"/><!-- ⲙ̇ⲙⲱ -->
<feat xlink:href="#lb_n_125" value="26"/><!-- ⲛⲟⲩⲧⲉ -->
<feat xlink:href="#lb_n_127" value="27"/><!-- ⲛ̇ -->
<feat xlink:href="#lb_n_132" value="28"/><!-- ⲧⲛ̇ -->
<feat xlink:href="#lb_n_136" value="29"/><!-- ⲟⲛ -->
<feat xlink:href="#lb_n_140" value="30"/><!-- ⲥⲱⲧⲙ̇ -->
<feat xlink:href="#lb_n_144" value="31"/><!-- ⲉⲓ̇ⲟ̇ⲧⲉ -->
<feat xlink:href="#lb_n_149" value="32"/><!-- ⲁⲩⲱ̇ -->
<feat xlink:href="#lb_n_154" value="33"/><!-- ⲙⲉⲉ̇ⲩⲉ̇ -->
<feat xlink:href="#lb_n_158" value="34"/><!-- ⲛⲉ -->
<feat xlink:href="#lb_n_165" value="35"/><!-- ⲛⲟⲩⲧⲉ -->
</featList>
</paula>
