<?xml version="1.0" standalone="no"?>

<!DOCTYPE paula SYSTEM "paula_rel.dtd">
<paula version="1.0">

<header paula_id="coref.AP.90.olympius_coref"/>

<relList xmlns:xlink="http://www.w3.org/1999/xlink" type="coref" xml:base="coref.AP.90.olympius.entitySeg.xml">
<rel id="rel_48" xlink:href="#entity_45" target="#entity_48"/>
<rel id="rel_69" xlink:href="#entity_2" target="#entity_69"/>
<rel id="rel_124" xlink:href="#entity_33" target="#entity_124"/>
<rel id="rel_143" xlink:href="#entity_4" target="#entity_143"/>
<rel id="rel_153" xlink:href="#entity_106" target="#entity_153"/>
<rel id="rel_164" xlink:href="#entity_124" target="#entity_164"/>
</relList>
</paula>
