<?oxygen RNGSchema="http://www.stoa.org/epidoc/schema/latest"?>
<?xml-model href="http://www.stoa.org/epidoc/schema/latest"?>
<TEI xmlns="http://www.tei-c.org/ns/1.0">
    <teiHeader>
        <fileDesc>
            <titleStmt>
                <title>Apophthegmata Patrum Sahidic 42: Sarah</title>
                <author>anonymous</author>
            </titleStmt>
            <publicationStmt>
                <availability>
                    <licence target="http://creativecommons.org/licenses/by/3.0/">Licensed under a Creative Commons-Attribution 3.0 licence. </licence>
                    <licence target="http://coptic.pacific.edu">Coptic SCRIPTORIUM</licence>
                </availability>
            </publicationStmt>
            <sourceDesc>
                <msDesc>
                    <!--description of the entire manuscript codex-->
                    <msIdentifier>
                        <!--manuscript name corresponds to Tito Orlandi's and the CMCL's catalogue identifiers for White Monastery manuscripts-->
                        <msName>MONB.EG</msName>
                        <!--need altidno or other tag for Trismegistos number with link-->
                    </msIdentifier>
                    <!--need way to identify that this codex is a copy of the AP-->
                    <history>
                        <origin>
                            <objectType>Codex</objectType>
                            <country>Egypt</country>
                            <placeName>Atripe</placeName>
                            <origPlace>White Monastery</origPlace>
                            <origDate> </origDate>
                        </origin>
                    </history>
                    <!--information about this fragment at its current repository-->
                    <msPart>
                        <msIdentifier>
                            <repository>British Library</repository>
                            <collection>Asian and African Studies</collection>
                            <idno>MS Or 3581A (44) f. 2r</idno>
                        </msIdentifier>
                        <msContents>
                            <msItem>
                                <locus scheme="EG" from="80" to="80">80</locus>
                                <locus scheme="ChaineNumbering" from="42" to="42">42</locus>
                                <textLang mainLang="cop">Sahidic Coptic</textLang>
                                <incipit></incipit>
                                <title></title>
                            </msItem>
                        </msContents>
                    </msPart>
                </msDesc>
                <listBibl>
                <bibl>
                    <author>Marius <surname>Chaîne</surname></author>
                    <title>Le manuscrit de la version Copte en dialecte Sahidique des Apophthegmata
                        Patrum</title>. <pubPlace>Cairo</pubPlace>
                    <publisher>l’Institut français d’archéologie orientale</publisher>
                    <date>1960</date>
                </bibl>
                </listBibl>
            </sourceDesc>
        </fileDesc>
        <encodingDesc>
            <p> This file is a work in progress encoded to comply with EpiDoc Guidelines and Schema.
                    <ref>http://www.stoa.org/epidoc/gl/5</ref>
            </p>
        </encodingDesc>
        <profileDesc>
            <langUsage>
                <language ident="cop">Sahidic Coptic</language>
            </langUsage>
            <creation>
                <title>Apophthegmata Patrum</title>
            </creation>
        </profileDesc>
        <revisionDesc>
            <change n="1.0.1" who="JanetTimbie">Diplomatic text annotations</change>
            <change n="1.0.1" who="AmirZeldes">Text annotations, translation</change>
            <change n="1.0.1" who="CarolineTSchroeder" when="2013-05-10">Text annotations, metadata</change>
            <change n="1.0.2" who="LaurenMcDermott" when="2013-06-05">Updated licence URL, revised bibliography tags</change>
            <change n="1.0.2" who="CarolineTSchroeder" when="2013-06-16">Revised msIdentifier</change>
            <change n="1.0.3" who="AmirZeldes" when="2013-09-10">linguistic annotations</change>
            <change n="1.0.3" who="CarolineTSchroeder" when="2014-01-07">edited metadata for standardization</change>
        </revisionDesc>
    </teiHeader>
    <text>
        <body>
            <ab>
                <s>
                    <phr>
                        <w type="APST">
                            <hi rend="oversized letter in left margin">ⲁ</hi>
                        </w>
                        <w type="PPERS"> ⲩ</w>
                        <w type="V"> ϫⲟⲟ̇</w>
                        <w type="PPERO"> ⲥ</w>
                    </phr>
                    <phr>
                        <w type="PREP"> ⲉ̇ⲧⲃⲉ</w>
                    </phr>
                    <phr>
                        <w type="ART"> ⲧ̇</w>
                        <w type="N" xml:lang="Greek"> ⲙⲁⲕⲁ<lb n="28"/>ⲣⲓ̇ⲁ̇</w>
                    </phr>
                    <phr>
                        <w type="NPROP"> ⲥⲁⲣⲁ</w>
                    </phr>
                    <phr>
                        <w type="ART"> ⲧ̇</w>
                        <w type="N" xml:lang="Greek"> ⲡⲁⲣⲑⲉⲛⲟⲥ</w>
                    </phr>
                    <lb n="29"/>
                    <phr>
                        <w type="CONJ"> ϫⲉ</w>
                    </phr>
                    <phr>
                        <w type="APST"> ⲁ̇</w>
                        <w type="PPERS"> ⲥ</w>
                        <w type="V"> ⲉⲣ</w>
                    </phr>
                    <phr>
                        <w type="NUM"> ⲥⲉ</w>
                    </phr>
                    <phr>
                        <w type="PREP"> ⲛ̇</w>
                        <w type="N"> ⲣⲟⲙⲡⲉ</w>
                    </phr>
                    <lb n="30"/>
                    <phr>
                        <w type="CCIRC"> ⲉ̇</w>
                        <w type="PPERS"> ⲥ</w>
                        <w type="VSTAT"> ⲟⲩⲏ̇ϩ</w>
                    </phr>
                    <phr>
                        <w type="PREP"> ⲙ̇</w>
                        <w type="ART"> ⲡⲉ</w>
                        <w type="N"> ⲧⲡⲉ</w>
                    </phr>
                    <lb n="31"/>
                    <phr>
                        <w type="PREP"> ⲙ̇</w>
                        <w type="ART"> ⲡ</w>
                        <w type="N"> ⲓ̇ⲉ̇ⲣⲟ</w>
                    </phr>
                    <phr>
                        <w type="PUNCT"> ·</w>
                    </phr>
                    <phr>
                        <w type="ANEGPST"> ⲙ̇ⲡⲉ</w>
                        <w type="PPERS"> ⲥ</w>
                        <lb n="32"/>
                        <w type="V"> ⲕⲉ</w>
                        <w type="N"> ⲣⲁⲧ</w>
                        <w type="PPERO"> ⲥ̇</w>
                    </phr>
                    <phr>
                        <w type="ADV"> ⲉ̇ⲃⲟⲗ</w>
                    </phr>
                    <phr>
                        <w type="ADV"> ⲉ̇ⲛⲉϩ</w>
                    </phr>
                    <phr>
                        <w type="PREP"> ⲉ̇</w>
                        <lb n="33"/>
                        <w type="V"> ⲛⲁⲩ</w>
                    </phr>
                    <phr>
                        <w type="PREP"> ⲉ̇</w>
                        <w type="ART"> ⲡ</w>
                        <w type="N"> ⲓ̇ⲉ̇ⲣⲟ</w>
                    </phr>
                    <phr>
                        <w type="PUNCT"> .</w>
                        <w> ⲻ</w>
                    </phr>
                    <lb n="34"/>
                </s>
                <pb/>
            </ab>
        </body>
    </text>
</TEI>
