<?oxygen RNGSchema="http://www.stoa.org/epidoc/schema/latest" ?>
<?xml-model href="http://www.stoa.org/epidoc/schema/latest" ?>
<TEI xmlns="http://www.tei-c.org/ns/1.0">
<teiHeader>
<fileDesc>
<titleStmt>
<title>Apophthegmata Patrum Sahidic 53: Ammona</title>
<author>anonymous</author>
</titleStmt>
<publicationStmt>
<availability>
<licence target="http://creativecommons.org/licenses/by/3.0/">Licensed under a Creative Commons-Attribution 3.0 licence.</licence>
<licence target="http://coptic.pacific.edu">Coptic SCRIPTORIUM</licence>
</availability>
</publicationStmt>
<sourceDesc>
    <msDesc>
        <!--description of the entire manuscript codex-->
        <msIdentifier>
            <!--manuscript name corresponds to Tito Orlandi's and the CMCL's catalogue identifiers for White Monastery manuscripts-->
            <msName>MONB.EG</msName>
            <!--need altidno or other tag for Trismegistos number with link-->
        </msIdentifier>
        <!--need way to identify that this codex is a copy of the AP-->
        <history>
            <origin>
                <objectType>Codex</objectType>
                <country>Egypt</country>
                <placeName>Atripe</placeName>
                <origPlace>White Monastery</origPlace>
                <origDate> </origDate>
            </origin>
        </history>
        <!--information about this fragment at its current repository-->
        <msPart>
            <msIdentifier>
                <repository>British Library</repository>
                <collection>Asian and African Studies</collection>
                <idno>MS Or 3581A (44) f. 1r</idno>
            </msIdentifier>
            <msContents>
                <msItem>
                    <locus scheme="EG" from="109" to="109">109</locus>
                    <locus scheme="ChaineNumbering" from="53" to="53">53</locus>
                    <textLang mainLang="cop">Sahidic Coptic</textLang>
                    <incipit></incipit>
                    <title></title>
                </msItem>
            </msContents>
        </msPart>
    </msDesc>
    <listBibl>
        <bibl>
            <author>Marius<surname>Chaîne</surname></author>
            <title level="m">Le manuscrit de la version Copte en dialecte Sahidique des Apophthegmata Patrum</title>.
            <pubPlace>Cairo</pubPlace>
            <publisher>l’Institut français d’archéologie orientale</publisher>
            <date>1960</date>
        </bibl>
    </listBibl>
</sourceDesc>
</fileDesc>
<encodingDesc>
<p>This file is encoded to comply with EpiDoc Guidelines and Schema.<ref>http://www.stoa.org/epidoc/gl/5</ref></p>
</encodingDesc>
<profileDesc>
<langUsage>
    <!--need an identifier for SAHIDIC dialect-->
    <language ident="cop">Sahidic Coptic</language>
</langUsage>
<creation>
    <title>Apophthegmata Patrum</title>
    <date></date>
</creation>
</profileDesc>
<revisionDesc>
<change n="1.0.1" who="AmirZeldes" when="2013-09-10">linguistic annotations</change>
<change n="1.0.1" who="CarolineTSchroeder" when="2013-09-10">annotations, metadata</change>
<change n="1.0.1" who="LaurenMcDermott" when="2013-09-10">transcription, annotations, metadata</change>
<change n="1.0.2" who="CarolineTSchroeder" when="2014-01-07">edited metadata for standardization</change>
<change n="1.1.0" who="AmirZeldes" when="2014-03-25">updated phr segmentation, added m morpheme analysis where relevant</change>
</revisionDesc>
</teiHeader>
<text>
<body>
<ab>
<lb n="42"/><phr>
<w>
.</w>
</phr>
<cb/><lb n="1"/><phr>
<w>
.</w>
</phr>
<lb n="2"/><phr>
<w>
.</w>
</phr>
<lb n="3"/><phr>
<w>
.</w>
</phr>
<lb n="4"/><phr>
<w>
.</w>
</phr>
<lb n="5"/><phr>
<w lemma="ⲁ" type="APST">
<hi rend="brown, tall">Ⲁ</hi></w>
<w lemma="ϥ" type="PPERS">
ϥ</w>
<w lemma="ϫⲟⲟ" type="V">
ϫⲟⲟ̇</w>
<w lemma="ⲥ" type="PPERO">
ⲥ</w>
</phr>
<phr>
<w lemma="ⲛϭⲓ" type="PTC">
ⲛ̇ϭⲓ̇</w>
<w lemma="ⲟⲩⲁ" type="NUM">
ⲟⲩⲁ̇</w>
</phr>
<phr>
<w lemma="ⲛ" type="PREP">
ⲛ̇</w>
<w lemma="ⲛⲉⲛ" type="PPOS">
ⲛⲉⲛ</w>
<lb n="6"/><w lemma="ⲉⲓⲟⲧⲉ" type="N">
ⲉⲓ̇ⲟ̇ⲧⲉ</w>
</phr>
<phr>
<w lemma="·" type="PUNCT">
<hi rend="black">·</hi></w>
</phr>
<phr>
<w lemma="ϫⲉ" type="CONJ">
ϫⲉ</w>
<w lemma="ⲛⲉ" type="CPRET">
ⲛⲉ</w>
<w lemma="ⲟⲩⲛ" type="EXIST">
ⲟⲩⲛ̇</w>
</phr>
<lb n="7"/><phr>
<w lemma="ⲟⲩ" type="ART">
ⲟⲩ</w>
<w lemma="ϩⲗⲗⲟ" type="N">
ϩⲗ̇ⲗⲟ</w>
</phr>
<phr>
<w lemma="ϩⲛ" type="PREP">
ϩⲛ̇</w>
<w lemma="ⲛ" type="ART">
ⲛ̇</w>
<w lemma="ⲣⲓ" type="N">
ⲣⲓ̇</w>
</phr>
<phr>
<w lemma="ⲛ" type="PREP">
ⲛ̇</w>
<w lemma="ⲣⲉϥϣⲡϩⲓⲥⲉ" type="N">
<m>ⲣⲉϥ</m></w>
<lb n="8"/><w>
<m>ϣⲉⲡ</m><m>ϩⲓ̇ⲥⲉ</m></w>
</phr>
<phr>
<w lemma="·" type="PUNCT">
<hi rend="black">·</hi></w>
</phr>
<phr>
<w lemma="ⲉ" type="CREL">
ⲉ̇</w>
<w lemma="ϥ" type="PPERS">
ϥ</w>
<w lemma="ⲫⲟⲣⲉⲓ" type="V" xml:lang="Greek">
<hi rend="tall">Ⲫ</hi>ⲟⲣⲉⲓ̇</w>
</phr>
<lb n="9"/><phr>
<w lemma="ⲛ" type="PREP">
ⲛ</w>
<w lemma="ⲟⲩ" type="ART">
ⲟⲩ</w>
<w lemma="ⲧⲙⲏ" type="N">
ⲧ̇ⲙⲏ</w>
</phr>
<phr>
<w lemma="·" type="PUNCT">
<hi rend="black">·ⲻ</hi></w>
</phr>
<lb n="10"/><phr>
<w lemma="ⲁ" type="APST">
<hi rend="brown, red, tall">Ⲁ</hi></w>
<w lemma="ϥ" type="PPERS">
ϥ</w>
<w lemma="ⲃⲱⲕ" type="V">
ⲃⲱⲕ</w>
</phr>
<phr>
<w lemma="ⲇⲉ" type="PTC" xml:lang="Greek">
ⲇⲉ</w>
</phr>
<phr>
<w lemma="ϣⲁ" type="AAOR">
ϣⲁ</w>
</phr>
<phr>
<w lemma="ⲁⲡⲁ" type="N">
ⲁ̇ⲡⲁ</w>
</phr>
<phr>
<w lemma="ⲁⲙⲱⲛⲁ" type="NPROP">
[ⲁ]ⲙⲱ<lb n="11"/>ⲛⲁ</w>
</phr>
<phr>
<w lemma="ⲁ" type="APST">
ⲁ̇</w>
<w lemma="ϥ" type="PPERS">
ϥ</w>
<w lemma="ⲛⲁⲩ" type="V">
ⲛⲁⲩ</w>
</phr>
<phr>
<w lemma="ⲉⲣⲟ" type="PREP">
ⲉ̇ⲣⲟ</w>
<w lemma="ϥ" type="PPERO">
ϥ</w>
</phr>
<phr>
<w lemma="ⲛϭⲓ" type="PTC">
ⲛ̇ϭⲓ̇</w>
<w lemma="ⲡ" type="ART">
ⲡ̇</w>
<lb n="12"/><w lemma="ϩⲗⲗⲟ" type="N">
ϩⲗ̇ⲗⲟ</w>
</phr>
<phr>
<w lemma="ⲉ" type="CCIRC">
ⲉ̇</w>
<w lemma="ϥ" type="PPERS">
ϥ</w>
<w lemma="ⲫⲟⲣⲉⲓ" type="V" xml:lang="Greek">
<hi rend="tall">Ⲫ</hi>ⲟⲣⲉⲓ̇</w>
</phr>
<phr>
<w lemma="ⲛ" type="PREP">
ⲛ̇</w>
<w lemma="ⲧⲉ" type="ART">
ⲧⲉ</w>
<lb n="13"/><w lemma="ⲧⲙⲏ" type="N">
ⲧ̇ⲙⲏ</w>
</phr>
<phr>
<w lemma="·" type="PUNCT">
<hi rend="black">·</hi></w>
</phr>
<phr>
<w lemma="ⲡⲉϫⲁ" type="VBD">
ⲡⲉϫⲁ</w>
<w lemma="ϥ" type="PPERS">
ϥ</w>
</phr>
<lb n="14"/><phr>
<w lemma="ⲛⲁ" type="PREP">
ⲛⲁ</w>
<w lemma="ϥ" type="PPERO">
ϥ</w>
</phr>
<phr>
<w lemma="ϫⲉ" type="CONJ">
ϫⲉ</w>
<w lemma="ⲛ" type="NEG">
ⲛ̇</w>
<w lemma="ⲧⲁⲓ" type="PDEM">
ⲧⲁⲓ̇</w>
</phr>
<phr>
<w lemma="ⲛⲁ" type="FUT">
ⲛⲁ</w>
<w lemma="ϯ" type="V">
ϯ̇̇</w>
<w lemma="ϩⲏⲩ" type="N">
ϩⲏⲩ</w>
</phr>
<lb n="15"/><phr>
<w lemma="ⲛⲁ" type="PREP">
ⲛⲁ</w>
<w lemma="ⲕ" type="PPERO">
ⲕ</w>
</phr>
<phr>
<w lemma="ⲁⲛ" type="NEG">
ⲁ̇ⲛ</w>
</phr>
<phr>
<w lemma="ⲛ" type="PREP">
ⲛ̇</w>
<w lemma="ⲗⲁⲁⲩ" type="N">
ⲗⲁ̇ⲁⲩ</w>
</phr>
<phr>
<w lemma="." type="PUNCT">
<hi rend="black">·ⲻ</hi></w>
</phr>
<lb n="16"/><phr>
<w lemma="ⲁⲩⲱ" type="CONJ">
<hi rend="brown, tall">Ⲁ</hi>ⲩⲱ̇</w>
</phr>
<phr>
<w lemma="ⲁ" type="APST">
ⲁ̇</w>
<w lemma="ϥ" type="PPERS">
ϥ</w>
<w lemma="ϫⲛⲟⲩ" type="V">
ϫ̇ⲛⲟⲩ</w>
<w lemma="ϥ" type="PPERO">
ϥ̇</w>
</phr>
<phr>
<w lemma="ϫⲉ" type="CONJ">
ϫⲉ</w>
<lb n="17"/><w lemma="ⲟⲩⲛ" type="EXIST">
ⲟⲩⲛ̇</w>
</phr>
<phr>
<w lemma="ϣⲟⲙⲛⲧ" type="NUM">
ϣⲟⲙⲛⲧ̇</w>
</phr>
<phr>
<w lemma="ⲙ" type="PREP">
ⲙ̇</w>
<w lemma="ⲙⲉⲉⲩⲉ" type="N">
ⲙⲉⲉⲩⲉ̇</w>
</phr>
<lb n="18"/><phr>
<w lemma="ⲉⲛⲱⲭⲗⲉⲓ" type="V" xml:lang="Greek">
ⲉⲛⲱⲭⲗⲉⲓ̇</w>
</phr>
<phr>
<w lemma="ⲛⲁ" type="PREP">
ⲛⲁ</w>
<w lemma="ⲓ" type="PPERO">
ⲓ̇</w>
</phr>
<phr>
<w lemma="·" type="PUNCT">
<hi rend="black">·</hi></w>
</phr>
<phr>
<w lemma="ⲏ" type="CONJ">
ⲏ̇</w>
</phr>
<phr>
<w lemma="ⲧⲁ" type="ACONJ_PPERS">
ⲧⲁ</w>
<lb n="19"/><w lemma="ⲥⲟⲣⲙ" type="V">
ⲥⲟⲣⲙ</w>
<w lemma="ⲉⲧ" type="PPERO">
ⲉⲧ</w>
</phr>
<phr>
<w lemma="ⲉⲃⲟⲗ" type="ADV">
ⲉ̇ⲃⲟⲗ</w>
</phr>
<phr>
<w lemma="ϩⲓ" type="PREP">
ϩⲓ̇</w>
<w lemma="ⲡ" type="ART">
ⲡ</w>
<lb n="20"/><w lemma="ϫⲁⲓⲉ" type="N">
ϫⲁⲓ̇ⲉ̇</w>
</phr>
<phr>
<w lemma="·" type="PUNCT">
·</w>
</phr>
<phr>
<w lemma="ⲏ" type="CONJ">
ⲏ̇</w>
</phr>
<phr>
<w lemma="ⲧⲁ" type="ACONJ_PPERS">
ⲧⲁ</w>
<w lemma="ⲃⲱⲕ" type="V">
ⲃⲱⲕ</w>
</phr>
<lb n="21"/><phr>
<w lemma="ⲉ" type="PREP">
ⲉ̇</w>
<w lemma="ⲡ" type="ART">
ⲡ</w>
<w lemma="ϣⲙⲙⲟ" type="N">
ϣⲙ̇ⲙⲟ</w>
</phr>
<phr>
<w lemma="·" type="PUNCT">
<hi rend="black">·</hi></w>
</phr>
<phr>
<w lemma="ⲡ" type="ART">
ⲡ̇</w>
<w lemma="ⲙⲁ" type="N">
ⲙⲁ</w>
</phr>
<phr>
<w lemma="ⲉⲧⲉ" type="CREL">
ⲉⲧⲉ</w>
<lb n="22"/><w lemma="ⲙⲛ" type="EXIST">
ⲙⲛ̇</w>
<w lemma="ⲗⲁⲁⲩ" type="N">
ⲗⲁ̇ⲁⲩ</w>
</phr>
<phr>
<w lemma="ⲛⲁ" type="PREP">
ⲛⲁ</w>
<w lemma="ⲥⲟⲩⲱⲛ" type="V">
ⲥⲟⲩⲱ̇ⲛ</w>
<w lemma="ⲧ" type="PPERO">
ⲧ̇</w>
</phr>
<lb n="23"/><phr>
<w lemma="ⲏ" type="CONJ">
ⲏ̇</w>
</phr>
<phr>
<w lemma="ⲧⲁ" type="ACONJ_PPERS">
ⲧⲁ</w>
<w lemma="ⲟⲧⲡ" type="VSTAT">
ⲟ̇ⲧⲡ̇</w>
</phr>
<phr>
<w lemma="ⲉϩⲟⲩⲛ" type="ADV">
ⲉ̇ϩⲟⲩⲛ</w>
</phr>
<phr>
<w lemma="ⲉ" type="PREP">
ⲉ̇</w>
<w lemma="ⲩ" type="ART">
ⲩ</w>
<w lemma="ⲣⲓ" type="N">
ⲣⲓ̇</w>
</phr>
<lb n="24"/><phr>
<w lemma="ⲧⲁ" type="ACONJ_PPERS">
ⲧⲁ</w>
<w lemma="ⲧⲙ" type="NEG">
ⲧⲙ̇</w>
<w lemma="ⲁⲡⲁⲛⲧⲁ" type="V">
ⲁ̇ⲡⲁⲛⲧⲁ</w>
</phr>
<phr>
<w lemma="ⲉ" type="PREP">
ⲉ̇</w>
<w lemma="ⲗⲁⲁⲩ" type="N">
ⲗⲁ<lb n="25"/>ⲁⲩ</w>
</phr>
<phr>
<w lemma="·" type="PUNCT">
<hi rend="black">·</hi></w>
</phr>
<phr>
<w lemma="ⲧⲁ" type="ACONJ_PPERS">
ⲧⲁ</w>
<w lemma="ⲟⲩⲱⲙ" type="V">
ⲟⲩⲱ̇ⲙ</w>
</phr>
<phr>
<w lemma="ⲙ" type="PREP">
ⲙ̇</w>
<lb n="26"/><w lemma="ⲡⲁ" type="PPOS">
ⲡⲁ</w>
<w lemma="ⲥⲛⲁⲩ" type="N">
ⲥ̇ⲛⲁⲩ</w>
</phr>
<phr>
<w lemma="." type="PUNCT">
<hi rend="black">·ⲻ</hi></w>
</phr>
<lb n="27"/><phr>
<w lemma="ⲡⲉϫⲁ" type="VBD">
<hi rend="brown, tall">Ⲡ</hi>ⲉϫⲁ</w>
<w lemma="ϥ" type="PPERS">
ϥ</w>
</phr>
<phr>
<w lemma="ⲛⲁ" type="PREP">
ⲛⲁ</w>
<w lemma="ϥ" type="PPERO">
ϥ</w>
</phr>
<phr>
<w lemma="ⲛϭⲓ" type="PTC">
ⲛ̇ϭⲓ̇</w>
<w lemma="ⲁⲡⲁ" type="N">
ⲁ̇ⲡⲁ</w>
</phr>
<lb n="28"/><phr>
<w lemma="ⲁⲙⲱⲛⲁ" type="NPROP">
[ⲁ]ⲙⲱⲛⲁ</w>
</phr>
<phr>
<w lemma="ϫⲉ" type="CONJ">
ϫⲉ</w>
<w lemma="ⲙⲛ" type="EXIST">
ⲙⲛ̇</w>
</phr>
<phr>
<w lemma="ⲗⲁⲁⲩ" type="N">
ⲗⲁ̇ⲁⲩ</w>
</phr>
<lb n="29"/><phr>
<w lemma="ϩⲙ" type="PREP">
ϩⲙ̇</w>
<w lemma="ⲡⲉⲓ" type="PDEM">
ⲡⲉⲓ̇</w>
<w lemma="ϣⲟⲙⲛⲧ" type="NUM">
ϣⲟⲙⲛⲧ̇</w>
</phr>
<phr>
<w lemma="ⲣⲛⲟⲃⲣⲉ" type="V">
<m>ⲣ̇</m><lb n="30"/><m>ⲛⲟⲃⲣⲉ</m></w>
</phr>
<phr>
<w lemma="ⲛⲁ" type="PREP">
ⲛⲁ</w>
<w lemma="ⲕ" type="PPERO">
ⲕ</w>
</phr>
<phr>
<w lemma="·" type="PUNCT">
<hi rend="black">·</hi></w>
</phr>
<phr>
<w lemma="ⲁⲗⲗⲁ" type="CONJ" xml:lang="Greek">
ⲁ̇ⲗⲗⲁ</w>
</phr>
<lb n="31"/><phr>
<w lemma="ϩⲙⲟⲟⲥ" type="V">
ϩⲙ̇ⲟⲟ̇ⲥ</w>
</phr>
<phr>
<w lemma="ⲛⲧⲟⲕ" type="PPERI">
ⲛ̇ⲧⲟϥ</w>
</phr>
<phr>
<w lemma="ϩⲛ" type="PREP">
ϩⲛ̇</w>
<w lemma="ⲧⲉⲕ" type="PPOS">
ⲧⲉⲕ</w>
<lb n="32"/><w lemma="ⲣⲓ" type="N">
ⲣⲓ̇</w>
</phr>
<phr>
<w lemma="ⲛ" type="ACONJ">
ⲛ̇</w>
<w lemma="ⲅ" type="PPERS">
ⲅ̇</w>
<w lemma="ⲟⲩⲱⲙ" type="V">
ⲟⲩⲱ̇ⲙ</w>
</phr>
<phr>
<w lemma="ⲛ" type="PREP">
ⲛ</w>
<w lemma="ⲟⲩ" type="ART">
ⲟⲩ</w>
</phr>
<phr>
<w lemma="ⲕⲟⲩⲓ" type="N">
ⲕⲟⲩⲓ̇</w>
</phr>
<lb n="33"/><phr>
<w lemma="ⲙ" type="PREP">
ⲙ̇</w>
<w lemma="ⲙⲏⲛⲉ" type="N">
ⲙⲏⲛⲉ</w>
</phr>
<phr>
<w lemma="·" type="PUNCT">
<hi rend="black">·</hi></w>
</phr>
<phr>
<w lemma="ⲛ" type="ACONJ">
ⲛ̇</w>
<w lemma="ⲅ" type="PPERS">
ⲅ̇</w>
<lb n="34"/><w lemma="ⲕⲱ" type="V">
ⲕⲱ</w>
</phr>
<phr>
<w lemma="ⲛⲁ" type="PREP">
ⲛⲁ</w>
<w lemma="ⲕ" type="PPERO">
ⲕ</w>
</phr>
<phr>
<w lemma="ⲙ" type="PREP">
ⲙ̇</w>
<w lemma="ⲡ" type="ART">
ⲡ̇</w>
<w lemma="ϣⲁϫⲉ" type="V">
ϣⲁϫⲉ</w>
</phr>
<lb n="35"/><phr>
<w lemma="ⲙ" type="PREP">
ⲙ̇</w>
<w lemma="ⲡ" type="ART">
ⲡ̇</w>
<w lemma="ⲧⲉⲗⲱⲛⲏⲥ" type="N" xml:lang="Greek">
ⲧⲉⲗⲱⲛⲏⲥ</w>
</phr>
<phr>
<w lemma="ϩⲙ" type="PREP">
ϩⲙ̇</w>
<lb n="36"/><w lemma="ⲡⲉⲕ" type="PPOS">
ⲡⲉⲕ</w>
<w lemma="ϩⲏⲧ" type="N">
ϩⲏⲧ</w>
</phr>
<phr>
<w lemma="ⲛ" type="PREP">
ⲛ</w>
<w lemma="ⲟⲩ" type="ART">
ⲟⲩ</w>
<w lemma="ⲟⲉⲓϣ" type="N">
ⲟ̇ⲉⲓ̇ϣ</w>
</phr>
<lb n="37"/><phr>
<w lemma="ⲛⲓⲙ" type="PINT">
ⲛⲓ̇ⲙ</w>
</phr>
<phr>
<w lemma="·" type="PUNCT">
·</w>
</phr>
<phr>
<w lemma="ⲁⲩⲱ" type="CONJ">
ⲁⲩⲱ̇</w>
</phr>
<phr>
<w lemma="ⲕ" type="PPERS">
ⲕ̇</w>
<w lemma="ⲛⲁ" type="FUT">
ⲛⲁ</w>
<lb n="38"/><w lemma="ϭⲙϭⲟⲙ" type="V">
ϭⲙ̇ϭⲟⲙ̇</w>
</phr>
<phr>
<w lemma="ⲉ" type="PREP">
ⲉ̇</w>
<w lemma="ⲟⲩϫⲁⲓ" type="V">
ⲟⲩϫⲁⲓ̇</w>
</phr>
<phr>
<w lemma="." type="PUNCT">
·ⲻ</w>
</phr>
<cb/><pb/></ab>
</body>
</text>
</TEI>