<?xml version="1.0" encoding="UTF-8" standalone="no"?>

<!DOCTYPE paula SYSTEM "paula_mark.dtd">
<paula version="1.0">

<header paula_id="komet.to_thieving_nuns_diplSeg"/>

<markList xmlns:xlink="http://www.w3.org/1999/xlink" type="diplSeg" xml:base="komet.to_thieving_nuns.tok.xml">
<mark id="dipl_1" xlink:href="#tok_1"/><!--   -->
<mark id="dipl_2" xlink:href="#tok_2"/><!-- ⲱ̂ -->
<mark id="dipl_3" xlink:href="#tok_3"/><!-- ⲧⲉⲧ︤ⲛ︥ -->
<mark id="dipl_4" xlink:href="#xpointer(id('tok_4')/range-to(id('tok_5')))"/><!-- ⲣⲱϣ...ⲉ -->
<mark id="dipl_6" xlink:href="#tok_6"/><!-- ⲛ̄ⲧⲱⲧ︤ⲛ︥ -->
<mark id="dipl_7" xlink:href="#tok_7"/><!-- ⲛ -->
<mark id="dipl_8" xlink:href="#tok_8"/><!-- ⲉⲧ -->
<mark id="dipl_9" xlink:href="#tok_9"/><!-- ⲕⲁ -->
<mark id="dipl_10" xlink:href="#tok_10"/><!-- ⲙⲁ⳿ -->
<mark id="dipl_11" xlink:href="#tok_11"/><!-- ⲙ̄ -->
<mark id="dipl_12" xlink:href="#tok_12"/><!-- ⲡ -->
<mark id="dipl_13" xlink:href="#xpointer(id('tok_13')/range-to(id('tok_14')))"/><!-- ⲥⲁⲧⲁ...ⲛⲁⲥ -->
<mark id="dipl_15" xlink:href="#tok_15"/><!-- ⲉ -->
<mark id="dipl_16" xlink:href="#tok_16"/><!-- ⲧⲣⲉ -->
<mark id="dipl_17" xlink:href="#tok_17"/><!-- ϥ -->
<mark id="dipl_18" xlink:href="#tok_18"/><!-- ⲉⲓ̂ -->
<mark id="dipl_19" xlink:href="#xpointer(id('tok_19')/range-to(id('tok_20')))"/><!-- ⲉ...ϩⲟⲩⲛ -->
<mark id="dipl_21" xlink:href="#tok_21"/><!-- ⲛ︤ -->
<mark id="dipl_22" xlink:href="#tok_22"/><!-- ϥ︥ -->
<mark id="dipl_23" xlink:href="#xpointer(id('tok_23')/range-to(id('tok_24')))"/><!-- ϫⲱ...ϩ︤ⲙ︥ -->
<mark id="dipl_25" xlink:href="#tok_25"/><!-- ⲛ̄ -->
<mark id="dipl_26" xlink:href="#tok_26"/><!-- ⲙ̄ -->
<mark id="dipl_27" xlink:href="#tok_27"/><!-- ⲙⲁ -->
<mark id="dipl_28" xlink:href="#tok_28"/><!-- ⲉⲧ -->
<mark id="dipl_29" xlink:href="#xpointer(id('tok_29')/range-to(id('tok_30')))"/><!-- ⲟⲩ...ⲁⲁⲃ -->
<mark id="dipl_31" xlink:href="#tok_31"/><!-- ⲙ̄ -->
<mark id="dipl_32" xlink:href="#tok_32"/><!-- ⲡ -->
<mark id="dipl_33" xlink:href="#xpointer(id('tok_33')/range-to(id('tok_34')))"/><!-- ⲛⲟⲩⲧ...ⲉ -->
<mark id="dipl_35" xlink:href="#tok_35"/><!-- · -->
<mark id="dipl_36" xlink:href="#tok_36"/><!-- ⲁⲩⲱ -->
<mark id="dipl_37" xlink:href="#tok_37"/><!-- ⲛ̄ -->
<mark id="dipl_38" xlink:href="#tok_38"/><!-- ⲧⲉⲧ︤ⲛ︥ -->
<mark id="dipl_39" xlink:href="#tok_39"/><!-- ⲥⲱⲱϥ -->
<mark id="dipl_40" xlink:href="#tok_40"/><!-- ⲙ̄ -->
<mark id="dipl_41" xlink:href="#tok_41"/><!-- ⲡⲉϥ -->
<mark id="dipl_42" xlink:href="#tok_42"/><!-- ⲣ̄ⲡⲉ -->
<mark id="dipl_43" xlink:href="#tok_43"/><!-- ⲉⲧⲉ -->
<mark id="dipl_44" xlink:href="#xpointer(id('tok_44')/range-to(id('tok_45')))"/><!-- ⲛ̄ⲧⲱ...ⲧ︤ⲛ︥ -->
<mark id="dipl_46" xlink:href="#tok_46"/><!-- ⲡⲉ -->
<mark id="dipl_47" xlink:href="#xpointer(id('tok_47')/range-to(id('tok_48')))"/><!-- ⲙ̄ⲙⲓⲛⲙ̄...ⲙⲱ -->
<mark id="dipl_49" xlink:href="#tok_49"/><!-- ⲧ︤ⲛ︥ -->
<mark id="dipl_50" xlink:href="#tok_50"/><!-- · -->
<mark id="dipl_51" xlink:href="#tok_51"/><!-- ⲙ̄ⲡⲉ -->
<mark id="dipl_52" xlink:href="#tok_52"/><!-- ⲧ︤ⲛ︥ -->
<mark id="dipl_53" xlink:href="#tok_53"/><!-- ⲣ̄ -->
<mark id="dipl_54" xlink:href="#tok_54"/><!-- ⲡ -->
<mark id="dipl_55" xlink:href="#tok_55"/><!-- ⲙⲉⲉⲩⲉ -->
<mark id="dipl_56" xlink:href="#tok_56"/><!-- ⲛ̄ -->
<mark id="dipl_57" xlink:href="#tok_57"/><!-- ⲧ -->
<mark id="dipl_58" xlink:href="#tok_58"/><!-- ⲁⲡⲟⲫⲁⲥⲓⲥ -->
<mark id="dipl_59" xlink:href="#tok_59"/><!-- ⲙ̄ -->
<mark id="dipl_60" xlink:href="#tok_60"/><!-- ⲡ -->
<mark id="dipl_61" xlink:href="#xpointer(id('tok_61')/range-to(id('tok_62')))"/><!-- ⲁⲡⲟⲥⲧⲟ...ⲗⲟⲥ -->
<mark id="dipl_63" xlink:href="#tok_63"/><!-- , -->
<mark id="dipl_64" xlink:href="#tok_64"/><!-- ϫⲉ -->
<mark id="dipl_65" xlink:href="#tok_65"/><!-- ⲡ -->
<mark id="dipl_66" xlink:href="#tok_66"/><!-- ⲉⲧ -->
<mark id="dipl_67" xlink:href="#tok_67"/><!-- ⲛⲁ -->
<mark id="dipl_68" xlink:href="#tok_68"/><!-- ⲥⲱⲱϥ⳿ -->
<mark id="dipl_69" xlink:href="#tok_69"/><!-- ⲙ̄ -->
<mark id="dipl_70" xlink:href="#tok_70"/><!-- ⲡⲉ -->
<mark id="dipl_71" xlink:href="#tok_71"/><!-- ⲣⲡⲉ -->
<mark id="dipl_72" xlink:href="#tok_72"/><!-- ⲙ̄ -->
<mark id="dipl_73" xlink:href="#tok_73"/><!-- ⲡ -->
<mark id="dipl_74" xlink:href="#xpointer(id('tok_74')/range-to(id('tok_77')))"/><!-- ⲛ...ⲧⲉ -->
<mark id="dipl_78" xlink:href="#tok_78"/><!-- . -->
<mark id="dipl_79" xlink:href="#tok_79"/><!-- ⲡⲁⲓ -->
<mark id="dipl_80" xlink:href="#tok_80"/><!-- ⲡ -->
<mark id="dipl_81" xlink:href="#xpointer(id('tok_81')/range-to(id('tok_82')))"/><!-- ⲛⲟⲩ...ⲧⲉ -->
<mark id="dipl_83" xlink:href="#tok_83"/><!-- ⲛⲁ -->
<mark id="dipl_84" xlink:href="#tok_84"/><!-- ⲧⲁⲕⲟ -->
<mark id="dipl_85" xlink:href="#tok_85"/><!-- ϥ -->
<mark id="dipl_86" xlink:href="#tok_86"/><!-- : -->
<mark id="dipl_87" xlink:href="#tok_87"/><!-- ⲟⲩⲧⲉ -->
<mark id="dipl_88" xlink:href="#tok_88"/><!-- ⲟⲛ -->
<mark id="dipl_89" xlink:href="#tok_89"/><!-- ⲙ̄ⲡⲉ -->
<mark id="dipl_90" xlink:href="#tok_90"/><!-- ⲧ︤ⲛ︥ -->
<mark id="dipl_91" xlink:href="#tok_91"/><!-- ⲣ̄ -->
<mark id="dipl_92" xlink:href="#tok_92"/><!-- ⲡ -->
<mark id="dipl_93" xlink:href="#tok_93"/><!-- ⲙⲉⲉⲩⲉ -->
<mark id="dipl_94" xlink:href="#tok_94"/><!-- ⲛ̄ -->
<mark id="dipl_95" xlink:href="#tok_95"/><!-- ⲛ̄ -->
<mark id="dipl_96" xlink:href="#tok_96"/><!-- ⲥⲁϩⲟⲩ -->
<mark id="dipl_97" xlink:href="#xpointer(id('tok_97')/range-to(id('tok_98')))"/><!-- ⲧⲏ...ⲣ -->
<mark id="dipl_99" xlink:href="#tok_99"/><!-- ⲟⲩ -->
<mark id="dipl_100" xlink:href="#tok_100"/><!-- ⲉⲛⲧ -->
<mark id="dipl_101" xlink:href="#tok_101"/><!-- ⲁ -->
<mark id="dipl_102" xlink:href="#tok_102"/><!-- ⲡⲉ⳯ -->
<mark id="dipl_103" xlink:href="#tok_103"/><!-- ⲉⲓⲱⲧ -->
<mark id="dipl_104" xlink:href="#tok_104"/><!-- ϫⲟ -->
<mark id="dipl_105" xlink:href="#tok_105"/><!-- ⲟⲩ -->
<mark id="dipl_106" xlink:href="#tok_106"/><!-- ⲉ -->
<mark id="dipl_107" xlink:href="#tok_107"/><!-- ϥ -->
<mark id="dipl_108" xlink:href="#tok_108"/><!-- ϯ -->
<mark id="dipl_109" xlink:href="#tok_109"/><!-- ⲙ̄ⲙⲟ -->
<mark id="dipl_110" xlink:href="#tok_110"/><!-- ⲛ -->
<mark id="dipl_111" xlink:href="#xpointer(id('tok_111')/range-to(id('tok_113')))"/><!-- ⲧ...ⲣ︤ -->
<mark id="dipl_114" xlink:href="#tok_114"/><!-- ⲛ︥ -->
<mark id="dipl_115" xlink:href="#tok_115"/><!-- ⲉⲧⲟⲟⲧ︤ -->
<mark id="dipl_116" xlink:href="#tok_116"/><!-- ϥ︥ -->
<mark id="dipl_117" xlink:href="#tok_117"/><!-- ⲙ̄ -->
<mark id="dipl_118" xlink:href="#tok_118"/><!-- ⲡ -->
<mark id="dipl_119" xlink:href="#tok_119"/><!-- ⲛⲟⲩⲧⲉ -->
<mark id="dipl_120" xlink:href="#tok_120"/><!-- ⲉ -->
<mark id="dipl_121" xlink:href="#tok_121"/><!-- ϥ -->
<mark id="dipl_122" xlink:href="#tok_122"/><!-- ϫⲱ -->
<mark id="dipl_123" xlink:href="#tok_123"/><!-- ⲙ̄ⲙⲟ -->
<mark id="dipl_124" xlink:href="#tok_124"/><!-- ⲥ -->
<mark id="dipl_125" xlink:href="#tok_125"/><!-- , -->
<mark id="dipl_126" xlink:href="#tok_126"/><!-- ϫⲉ -->
<mark id="dipl_127" xlink:href="#tok_127"/><!-- ϥ -->
<mark id="dipl_128" xlink:href="#tok_128"/><!-- ⲥϩⲟⲩⲟⲣ︤ⲧ︥ -->
<mark id="dipl_129" xlink:href="#tok_129"/><!-- ⲛ̄ϭⲓ -->
<mark id="dipl_130" xlink:href="#tok_130"/><!-- ⲡ -->
<mark id="dipl_131" xlink:href="#tok_131"/><!-- ⲉⲧ -->
<mark id="dipl_132" xlink:href="#tok_132"/><!-- ⲛⲁ -->
<mark id="dipl_133" xlink:href="#tok_133"/><!-- ϫⲱϩ︤ⲙ︥ -->
<mark id="dipl_134" xlink:href="#tok_134"/><!-- ⲙ̄ -->
<mark id="dipl_135" xlink:href="#tok_135"/><!-- ⲡⲉϥ -->
<mark id="dipl_136" xlink:href="#tok_136"/><!-- ⲥⲱⲙⲁ -->
<mark id="dipl_137" xlink:href="#tok_137"/><!-- ⲕⲁⲧⲁ -->
<mark id="dipl_138" xlink:href="#tok_138"/><!-- ⲗⲁⲁⲩ -->
<mark id="dipl_139" xlink:href="#tok_139"/><!-- ⲛ̄ -->
<mark id="dipl_140" xlink:href="#tok_140"/><!-- ⲥⲙⲟⲧ -->
<mark id="dipl_141" xlink:href="#tok_141"/><!-- · -->
<mark id="dipl_142" xlink:href="#tok_142"/><!-- ⲏ̂ -->
<mark id="dipl_143" xlink:href="#tok_143"/><!-- ⲛ︤ -->
<mark id="dipl_144" xlink:href="#tok_144"/><!-- ϥ︥ -->
<mark id="dipl_145" xlink:href="#tok_145"/><!-- ϫⲓ -->
<mark id="dipl_146" xlink:href="#tok_146"/><!-- ⲟⲩⲉ -->
<mark id="dipl_147" xlink:href="#tok_147"/><!-- ϩ︤ⲛ︥ -->
<mark id="dipl_148" xlink:href="#tok_148"/><!-- ⲗⲁⲁⲩ -->
<mark id="dipl_149" xlink:href="#tok_149"/><!-- ⲛ̄ -->
<mark id="dipl_150" xlink:href="#tok_150"/><!-- ϩⲛⲟ̂ -->
<mark id="dipl_151" xlink:href="#tok_151"/><!-- · -->
<mark id="dipl_152" xlink:href="#tok_152"/><!-- ϫⲓⲛ -->
<mark id="dipl_153" xlink:href="#tok_153"/><!-- ⲟⲩ -->
<mark id="dipl_154" xlink:href="#tok_154"/><!-- ϩⲱⲥ⳿ -->
<mark id="dipl_155" xlink:href="#tok_155"/><!-- ⲙ︤ⲛ︥ -->
<mark id="dipl_156" xlink:href="#tok_156"/><!-- ⲟⲩ -->
<mark id="dipl_157" xlink:href="#tok_157"/><!-- ⲙⲟⲩⲥ -->
<mark id="dipl_158" xlink:href="#tok_158"/><!-- · -->
<mark id="dipl_159" xlink:href="#xpointer(id('tok_159')/range-to(id('tok_160')))"/><!-- ⲙⲁⲗⲓ...ⲥⲧⲁ -->
<mark id="dipl_161" xlink:href="#tok_161"/><!-- ϩⲟⲉⲓⲧⲉ -->
<mark id="dipl_162" xlink:href="#tok_162"/><!-- ϩⲓ -->
<mark id="dipl_163" xlink:href="#tok_163"/><!-- ⲡⲣⲏϣ -->
<mark id="dipl_164" xlink:href="#tok_164"/><!-- ϩⲓ -->
<mark id="dipl_165" xlink:href="#tok_165"/><!-- ⲕⲗⲁϥ︤ⲧ︥ -->
<mark id="dipl_166" xlink:href="#tok_166"/><!-- · -->
<mark id="dipl_167" xlink:href="#tok_167"/><!-- ⲁⲩⲱ -->
<mark id="dipl_168" xlink:href="#tok_168"/><!-- ϣⲁϩⲣⲁⲓ̈ -->
<mark id="dipl_169" xlink:href="#tok_169"/><!-- ⲉ -->
<mark id="dipl_170" xlink:href="#tok_170"/><!-- ⲟⲩ -->
<mark id="dipl_171" xlink:href="#xpointer(id('tok_171')/range-to(id('tok_172')))"/><!-- ⲉ...ⲗⲁⲭⲓⲥⲧⲟⲛ -->
<mark id="dipl_173" xlink:href="#tok_173"/><!-- ⲛ̄ -->
<mark id="dipl_174" xlink:href="#tok_174"/><!-- ϩⲛⲟ̂ -->
<mark id="dipl_175" xlink:href="#tok_175"/><!-- ⲛ̄ -->
<mark id="dipl_176" xlink:href="#tok_176"/><!-- ⲟⲩⲱⲙ -->
<mark id="dipl_177" xlink:href="#tok_177"/><!-- · -->
<mark id="dipl_178" xlink:href="#tok_178"/><!-- ⲉⲓⲧⲉ -->
<mark id="dipl_179" xlink:href="#tok_179"/><!-- ⲉⲃⲟⲗ -->
<mark id="dipl_180" xlink:href="#tok_180"/><!-- ϩ︤ⲛ︥ -->
<mark id="dipl_181" xlink:href="#tok_181"/><!-- ⲛⲉ -->
<mark id="dipl_182" xlink:href="#tok_182"/><!-- ϩⲛⲁⲁⲩ -->
<mark id="dipl_183" xlink:href="#tok_183"/><!-- ⲛ̄ -->
<mark id="dipl_184" xlink:href="#tok_184"/><!-- ⲧ -->
<mark id="dipl_185" xlink:href="#tok_185"/><!-- ⲇⲓⲁⲕⲟⲛⲓⲁ -->
<mark id="dipl_186" xlink:href="#tok_186"/><!-- ⲙ̄ -->
<mark id="dipl_187" xlink:href="#tok_187"/><!-- ⲡ -->
<mark id="dipl_188" xlink:href="#tok_188"/><!-- ⲛⲟⲩⲧⲉ -->
<mark id="dipl_189" xlink:href="#tok_189"/><!-- · -->
<mark id="dipl_190" xlink:href="#xpointer(id('tok_190')/range-to(id('tok_191')))"/><!-- ⲉⲓ...ⲧⲉ -->
<mark id="dipl_192" xlink:href="#tok_192"/><!-- ⲉⲃⲟⲗ -->
<mark id="dipl_193" xlink:href="#tok_193"/><!-- ϩ︤ⲛ︥ -->
<mark id="dipl_194" xlink:href="#tok_194"/><!-- ⲛ̄ -->
<mark id="dipl_195" xlink:href="#tok_195"/><!-- ⲧⲟ̂ -->
<mark id="dipl_196" xlink:href="#tok_196"/><!-- ⲛ̄ -->
<mark id="dipl_197" xlink:href="#tok_197"/><!-- ⲛ -->
<mark id="dipl_198" xlink:href="#tok_198"/><!-- ⲉⲧ -->
<mark id="dipl_199" xlink:href="#xpointer(id('tok_199')/range-to(id('tok_202')))"/><!-- ϩⲓⲧ...ⲱ -->
<mark id="dipl_203" xlink:href="#tok_203"/><!-- ⲟⲩ -->
<mark id="dipl_204" xlink:href="#tok_204"/><!-- · -->
<mark id="dipl_205" xlink:href="#xpointer(id('tok_205')/range-to(id('tok_206')))"/><!-- ⲛ...ⲉ -->
<mark id="dipl_207" xlink:href="#tok_207"/><!-- ⲓ̈ -->
<mark id="dipl_208" xlink:href="#tok_208"/><!-- ⲙⲉⲉⲩⲉ -->
<mark id="dipl_209" xlink:href="#tok_209"/><!-- ⲙⲉ⳯ -->
<mark id="dipl_210" xlink:href="#tok_210"/><!-- ⲡⲉ -->
<mark id="dipl_211" xlink:href="#tok_211"/><!-- ⲉ -->
<mark id="dipl_212" xlink:href="#tok_212"/><!-- ⲉⲓ̂ -->
<mark id="dipl_213" xlink:href="#tok_213"/><!-- ϣⲁⲣⲱ -->
<mark id="dipl_214" xlink:href="#tok_214"/><!-- ⲧ︤ⲛ︥ -->
<mark id="dipl_215" xlink:href="#tok_215"/><!-- ϩ︤ⲛ︥ -->
<mark id="dipl_216" xlink:href="#tok_216"/><!-- ⲟⲩ -->
<mark id="dipl_217" xlink:href="#tok_217"/><!-- ⲧⲱⲧ -->
<mark id="dipl_218" xlink:href="#tok_218"/><!-- ⲛ̄ -->
<mark id="dipl_219" xlink:href="#tok_219"/><!-- ϩⲏⲧ⳿ -->
<mark id="dipl_220" xlink:href="#tok_220"/><!-- · -->
<mark id="dipl_221" xlink:href="#tok_221"/><!-- ⲁⲗⲗⲁ -->
<mark id="dipl_222" xlink:href="#tok_222"/><!-- ⲡⲉ -->
<mark id="dipl_223" xlink:href="#tok_223"/><!-- ⲙⲕⲁϩ -->
<mark id="dipl_224" xlink:href="#tok_224"/><!-- ⲛ̄ -->
<mark id="dipl_225" xlink:href="#tok_225"/><!-- ϩⲏⲧ -->
<mark id="dipl_226" xlink:href="#tok_226"/><!-- ⲛ̄ -->
<mark id="dipl_227" xlink:href="#tok_227"/><!-- ⲛ -->
<mark id="dipl_228" xlink:href="#tok_228"/><!-- ⲉⲛⲧ -->
<mark id="dipl_229" xlink:href="#tok_229"/><!-- ⲁ -->
<mark id="dipl_230" xlink:href="#tok_230"/><!-- ⲩ -->
<mark id="dipl_231" xlink:href="#tok_231"/><!-- ϯ -->
<mark id="dipl_232" xlink:href="#tok_232"/><!-- ϭⲱⲛ︤ⲧ︥ -->
<mark id="dipl_233" xlink:href="#tok_233"/><!-- ⲙ̄ -->
<mark id="dipl_234" xlink:href="#tok_234"/><!-- ⲡ -->
<mark id="dipl_235" xlink:href="#xpointer(id('tok_235')/range-to(id('tok_237')))"/><!-- ⲛⲟ...ⲧⲉ -->
<mark id="dipl_238" xlink:href="#tok_238"/><!-- ⲁⲩⲱ -->
<mark id="dipl_239" xlink:href="#tok_239"/><!-- ⲁ -->
<mark id="dipl_240" xlink:href="#tok_240"/><!-- ⲩ -->
<mark id="dipl_241" xlink:href="#xpointer(id('tok_241')/range-to(id('tok_242')))"/><!-- ⲗⲩ...ⲡⲉⲓ -->
<mark id="dipl_243" xlink:href="#tok_243"/><!-- ⲙ̄ -->
<mark id="dipl_244" xlink:href="#tok_244"/><!-- ⲡⲉϥ -->
<mark id="dipl_245" xlink:href="#tok_245"/><!-- ⲡ︤ⲛ︦ⲁ︥ -->
<mark id="dipl_246" xlink:href="#tok_246"/><!-- ⲉⲧ -->
<mark id="dipl_247" xlink:href="#tok_247"/><!-- ⲟⲩⲁⲁⲃ -->
<mark id="dipl_248" xlink:href="#tok_248"/><!-- · -->
<mark id="dipl_249" xlink:href="#tok_249"/><!-- ⲡ -->
<mark id="dipl_250" xlink:href="#xpointer(id('tok_250')/range-to(id('tok_251')))"/><!-- ⲉ⳯...ⲧ -->
<mark id="dipl_252" xlink:href="#tok_252"/><!-- ⲁ -->
<mark id="dipl_253" xlink:href="#tok_253"/><!-- ϥ -->
<mark id="dipl_254" xlink:href="#tok_254"/><!-- ⲕⲱⲗⲩⲉ -->
<mark id="dipl_255" xlink:href="#tok_255"/><!-- ⲙ̄ -->
<mark id="dipl_256" xlink:href="#tok_256"/><!-- ⲡⲉⲛ -->
<mark id="dipl_257" xlink:href="#tok_257"/><!-- ⲟⲩⲣⲟⲧ -->
<mark id="dipl_258" xlink:href="#tok_258"/><!-- · -->
<mark id="dipl_259" xlink:href="#tok_259"/><!-- ϯ -->
<mark id="dipl_260" xlink:href="#tok_260"/><!-- ⲥⲟⲟⲩⲛ -->
<mark id="dipl_261" xlink:href="#tok_261"/><!-- ⲙⲉⲛ -->
<mark id="dipl_262" xlink:href="#tok_262"/><!-- ϫⲉ -->
<mark id="dipl_263" xlink:href="#tok_263"/><!-- ⲡⲁ -->
<mark id="dipl_264" xlink:href="#tok_264"/><!-- ⲙ̄ⲡϣⲁ -->
<mark id="dipl_265" xlink:href="#tok_265"/><!-- ⲡⲉ -->
<mark id="dipl_266" xlink:href="#tok_266"/><!-- ⲙ̄ⲕⲁϩ -->
<mark id="dipl_267" xlink:href="#tok_267"/><!-- ⲛ̄ -->
<mark id="dipl_268" xlink:href="#tok_268"/><!-- ϩⲏⲧ -->
<mark id="dipl_269" xlink:href="#tok_269"/><!-- ⲛⲓⲙ -->
<mark id="dipl_270" xlink:href="#tok_270"/><!-- · -->
<mark id="dipl_271" xlink:href="#tok_271"/><!-- ⲁⲗⲗⲁ -->
<mark id="dipl_272" xlink:href="#xpointer(id('tok_272')/range-to(id('tok_273')))"/><!-- ⲉⲣ...ϣⲁⲛ -->
<mark id="dipl_274" xlink:href="#tok_274"/><!-- ⲡ -->
<mark id="dipl_275" xlink:href="#tok_275"/><!-- ⲛⲟⲩⲧⲉ -->
<mark id="dipl_276" xlink:href="#tok_276"/><!-- ⲙ︤ⲛ︥ -->
<mark id="dipl_277" xlink:href="#tok_277"/><!-- ⲡⲉⲛ -->
<mark id="dipl_278" xlink:href="#tok_278"/><!-- ϫⲟⲓ̈ⲥ -->
<mark id="dipl_279" xlink:href="#tok_279"/><!-- ⲓ︤ⲥ︥ -->
<mark id="dipl_280" xlink:href="#tok_280"/><!-- ⲣ̄ -->
<mark id="dipl_281" xlink:href="#tok_281"/><!-- ϩⲛⲁ -->
<mark id="dipl_282" xlink:href="#tok_282"/><!-- ϥ -->
<mark id="dipl_283" xlink:href="#tok_283"/><!-- · -->
<mark id="dipl_284" xlink:href="#tok_284"/><!-- ϯ -->
<mark id="dipl_285" xlink:href="#tok_285"/><!-- ⲛⲏⲩ -->
<mark id="dipl_286" xlink:href="#tok_286"/><!-- ϣⲁⲣⲱ -->
<mark id="dipl_287" xlink:href="#xpointer(id('tok_287')/range-to(id('tok_288')))"/><!-- ⲧ︤...ⲛ︥ -->
<mark id="dipl_289" xlink:href="#tok_289"/><!-- ϩ︤ⲛ︥ -->
<mark id="dipl_290" xlink:href="#tok_290"/><!-- ⲟⲩ -->
<mark id="dipl_291" xlink:href="#tok_291"/><!-- ϭⲱⲛ︤ⲧ︥ -->
<mark id="dipl_292" xlink:href="#tok_292"/><!-- · -->
<mark id="dipl_293" xlink:href="#tok_293"/><!-- ⲛ̄ -->
<mark id="dipl_294" xlink:href="#tok_294"/><!-- ⲧⲁ -->
<mark id="dipl_295" xlink:href="#tok_295"/><!-- ⲉⲓⲣⲉ -->
<mark id="dipl_296" xlink:href="#tok_296"/><!-- ⲛ̄ -->
<mark id="dipl_297" xlink:href="#tok_297"/><!-- ⲛⲓ -->
<mark id="dipl_298" xlink:href="#tok_298"/><!-- ⲁⲧⲥⲃⲱ̂ -->
<mark id="dipl_299" xlink:href="#tok_299"/><!-- ⲁⲩⲱ -->
<mark id="dipl_300" xlink:href="#tok_300"/><!-- ⲛⲓ -->
<mark id="dipl_301" xlink:href="#tok_301"/><!-- ⲡⲁⲣⲑⲉⲛⲟⲥ -->
<mark id="dipl_302" xlink:href="#tok_302"/><!-- ⲛ̄ -->
<mark id="dipl_303" xlink:href="#tok_303"/><!-- ⲥⲟϭ -->
<mark id="dipl_304" xlink:href="#tok_304"/><!-- , -->
<mark id="dipl_305" xlink:href="#tok_305"/><!-- ⲉⲧⲉ -->
<mark id="dipl_306" xlink:href="#tok_306"/><!-- ⲙ︤ⲛ︥ -->
<mark id="dipl_307" xlink:href="#tok_307"/><!-- ⲛⲉϩ⳿ -->
<mark id="dipl_308" xlink:href="#tok_308"/><!-- ϩ︤ⲛ︥ -->
<mark id="dipl_309" xlink:href="#tok_309"/><!-- ⲛⲉⲩ -->
<mark id="dipl_310" xlink:href="#tok_310"/><!-- ⲁⲅⲅⲓⲟⲛ -->
<mark id="dipl_311" xlink:href="#tok_311"/><!-- ⲛ̄ -->
<mark id="dipl_312" xlink:href="#tok_312"/><!-- ⲛ -->
<mark id="dipl_313" xlink:href="#tok_313"/><!-- ⲉⲧ -->
<mark id="dipl_314" xlink:href="#tok_314"/><!-- ϩ︤ⲙ︥ -->
<mark id="dipl_315" xlink:href="#tok_315"/><!-- ⲡⲁ -->
<mark id="dipl_316" xlink:href="#tok_316"/><!-- ϩⲏⲧ⳿ -->
<mark id="dipl_317" xlink:href="#tok_317"/><!-- ⲧⲏⲣ -->
<mark id="dipl_318" xlink:href="#tok_318"/><!-- ⲟⲩ -->
<mark id="dipl_319" xlink:href="#tok_319"/><!-- · -->
<mark id="dipl_320" xlink:href="#tok_320"/><!-- ϫⲉ -->
<mark id="dipl_321" xlink:href="#tok_321"/><!-- ⲡⲁ -->
<mark id="dipl_322" xlink:href="#tok_322"/><!-- ⲡⲁⲗⲓⲛ -->
<mark id="dipl_323" xlink:href="#tok_323"/><!-- ⲟⲛ -->
<mark id="dipl_324" xlink:href="#tok_324"/><!-- ⲛ̄ -->
<mark id="dipl_325" xlink:href="#xpointer(id('tok_325')/range-to(id('tok_326')))"/><!-- ⲧⲉ...ⲧ︤ⲛ︥ -->
<mark id="dipl_327" xlink:href="#tok_327"/><!-- ⲕⲉⲧ -->
<mark id="dipl_328" xlink:href="#xpointer(id('tok_328')/range-to(id('tok_329')))"/><!-- ⲧⲏⲩ...ⲧ︤ⲛ︥ -->
<mark id="dipl_330" xlink:href="#tok_330"/><!-- ⲉⲡⲁϩⲟⲩ -->
<mark id="dipl_331" xlink:href="#tok_331"/><!-- ϩⲓ -->
<mark id="dipl_332" xlink:href="#tok_332"/><!-- ⲛⲓ -->
<mark id="dipl_333" xlink:href="#tok_333"/><!-- ⲙ︤ⲛ︦ⲧ︥ -->
<mark id="dipl_334" xlink:href="#xpointer(id('tok_334')/range-to(id('tok_335')))"/><!-- ⲣⲉ...ϥ -->
<mark id="dipl_336" xlink:href="#tok_336"/><!-- ϯ -->
<mark id="dipl_337" xlink:href="#tok_337"/><!-- ϭⲱⲛ︤ⲧ︥ -->
<mark id="dipl_338" xlink:href="#tok_338"/><!-- ⲙ̄ -->
<mark id="dipl_339" xlink:href="#tok_339"/><!-- ⲡ -->
<mark id="dipl_340" xlink:href="#xpointer(id('tok_340')/range-to(id('tok_343')))"/><!-- ⲛ...ⲧⲉ -->
<mark id="dipl_344" xlink:href="#tok_344"/><!-- ⲛ̄ -->
<mark id="dipl_345" xlink:href="#tok_345"/><!-- ⲧⲉⲧ︤ⲛ︥ -->
<mark id="dipl_346" xlink:href="#tok_346"/><!-- ϩⲉ⳿ -->
<mark id="dipl_347" xlink:href="#tok_347"/><!-- ⲉϩⲣⲁⲓ̈ -->
<mark id="dipl_348" xlink:href="#xpointer(id('tok_348')/range-to(id('tok_349')))"/><!-- ⲉⲧⲟⲟ...ⲧ︤ -->
<mark id="dipl_350" xlink:href="#tok_350"/><!-- ⲥ︥ -->
<mark id="dipl_351" xlink:href="#tok_351"/><!-- ⲛ̄ -->
<mark id="dipl_352" xlink:href="#tok_352"/><!-- ⲧ -->
<mark id="dipl_353" xlink:href="#tok_353"/><!-- ⲥⲏϥⲉ -->
<mark id="dipl_354" xlink:href="#tok_354"/><!-- ⲙ̄ -->
<mark id="dipl_355" xlink:href="#tok_355"/><!-- ⲡ︤ -->
<mark id="dipl_356" xlink:href="#xpointer(id('tok_356')/range-to(id('tok_357')))"/><!-- ⲡ︥ⲟⲛⲏⲣⲟ...ⲥ -->
<mark id="dipl_358" xlink:href="#tok_358"/><!-- ⲡ -->
<mark id="dipl_359" xlink:href="#tok_359"/><!-- ⲉⲛⲧ -->
<mark id="dipl_360" xlink:href="#tok_360"/><!-- ⲁ -->
<mark id="dipl_361" xlink:href="#tok_361"/><!-- ϥ -->
<mark id="dipl_362" xlink:href="#xpointer(id('tok_362')/range-to(id('tok_363')))"/><!-- ⲧⲁⲕ...ⲟ -->
<mark id="dipl_364" xlink:href="#tok_364"/><!-- ⲛ̄ -->
<mark id="dipl_365" xlink:href="#tok_365"/><!-- ⲧ -->
<mark id="dipl_366" xlink:href="#xpointer(id('tok_366')/range-to(id('tok_367')))"/><!-- ⲟⲓⲕⲟⲩⲙⲉ...ⲛⲏ -->
<mark id="dipl_368" xlink:href="#tok_368"/><!-- ⲧⲏⲣ︤ -->
<mark id="dipl_369" xlink:href="#tok_369"/><!-- ⲥ︥ -->
<mark id="dipl_370" xlink:href="#tok_370"/><!-- ϩ︤ⲛ︥ -->
<mark id="dipl_371" xlink:href="#tok_371"/><!-- ⲛⲉϥ -->
<mark id="dipl_372" xlink:href="#tok_372"/><!-- ⲛⲟⲃⲉ -->
<mark id="dipl_373" xlink:href="#tok_373"/><!-- ⲙ︤ⲛ︥ -->
<mark id="dipl_374" xlink:href="#tok_374"/><!-- ⲛⲉϥ -->
<mark id="dipl_375" xlink:href="#xpointer(id('tok_375')/range-to(id('tok_376')))"/><!-- ⲁⲛⲟ...ⲙⲓⲁ -->
<mark id="dipl_377" xlink:href="#tok_377"/><!-- · -->
<mark id="dipl_378" xlink:href="#tok_378"/><!-- ⲉⲃⲟⲗ -->
<mark id="dipl_379" xlink:href="#tok_379"/><!-- ϫⲉ -->
<mark id="dipl_380" xlink:href="#tok_380"/><!-- ⲁ -->
<mark id="dipl_381" xlink:href="#tok_381"/><!-- ⲧⲉⲧ︤ⲛ︥ -->
<mark id="dipl_382" xlink:href="#tok_382"/><!-- ⲙⲉⲣⲉ -->
<mark id="dipl_383" xlink:href="#tok_383"/><!-- ⲡ -->
<mark id="dipl_384" xlink:href="#tok_384"/><!-- ϫⲱϩ︤ⲙ︥ -->
<mark id="dipl_385" xlink:href="#tok_385"/><!-- · -->
<mark id="dipl_386" xlink:href="#xpointer(id('tok_386')/range-to(id('tok_389')))"/><!-- ⲉϩ...ⲉ -->
<mark id="dipl_390" xlink:href="#tok_390"/><!-- ⲡ︤ -->
<mark id="dipl_391" xlink:href="#tok_391"/><!-- ⲧ︥ⲃⲃⲟ̂ -->
<mark id="dipl_392" xlink:href="#tok_392"/><!-- · -->
<mark id="dipl_393" xlink:href="#tok_393"/><!-- ⲁⲩⲱ -->
<mark id="dipl_394" xlink:href="#tok_394"/><!-- ⲁ -->
<mark id="dipl_395" xlink:href="#tok_395"/><!-- ⲧⲉⲧ︤ⲛ︥ -->
<mark id="dipl_396" xlink:href="#xpointer(id('tok_396')/range-to(id('tok_398')))"/><!-- ⲥⲱⲧ...⳯ -->
<mark id="dipl_399" xlink:href="#tok_399"/><!-- ⲛⲏ -->
<mark id="dipl_400" xlink:href="#tok_400"/><!-- ⲧ︤ⲛ︥ -->
<mark id="dipl_401" xlink:href="#tok_401"/><!-- ⲙ̄ -->
<mark id="dipl_402" xlink:href="#tok_402"/><!-- ⲡ -->
<mark id="dipl_403" xlink:href="#tok_403"/><!-- ⲙⲟⲩ -->
<mark id="dipl_404" xlink:href="#tok_404"/><!-- · -->
<mark id="dipl_405" xlink:href="#tok_405"/><!-- ⲉϩⲟⲩⲉ -->
<mark id="dipl_406" xlink:href="#tok_406"/><!-- ⲡ -->
<mark id="dipl_407" xlink:href="#tok_407"/><!-- ⲱⲛ︤ϩ︥ -->
<mark id="dipl_408" xlink:href="#tok_408"/><!-- · -->
<mark id="dipl_409" xlink:href="#tok_409"/><!-- ⲁ -->
<mark id="dipl_410" xlink:href="#tok_410"/><!-- ⲧⲉⲧⲛ -->
<mark id="dipl_411" xlink:href="#tok_411"/><!-- ϯ -->
<mark id="dipl_412" xlink:href="#xpointer(id('tok_412')/range-to(id('tok_413')))"/><!-- ⲛⲟⲩ...ϭ︤ⲥ︥ -->
<mark id="dipl_414" xlink:href="#tok_414"/><!-- ⲅⲁⲣ -->
<mark id="dipl_415" xlink:href="#tok_415"/><!-- ⲙ̄ -->
<mark id="dipl_416" xlink:href="#tok_416"/><!-- ⲡ -->
<mark id="dipl_417" xlink:href="#xpointer(id('tok_417')/range-to(id('tok_418')))"/><!-- ⲉⲛ...ⲧ -->
<mark id="dipl_419" xlink:href="#tok_419"/><!-- ⲁ -->
<mark id="dipl_420" xlink:href="#tok_420"/><!-- ϥ -->
<mark id="dipl_421" xlink:href="#tok_421"/><!-- ⲧⲁⲙⲓⲉ -->
<mark id="dipl_422" xlink:href="#xpointer(id('tok_422')/range-to(id('tok_425')))"/><!-- ⲧ...ⲧ︤ⲛ︥ -->
<mark id="dipl_426" xlink:href="#tok_426"/><!-- · -->
<mark id="dipl_427" xlink:href="#tok_427"/><!-- ⲁⲩⲱ -->
<mark id="dipl_428" xlink:href="#tok_428"/><!-- ⲁ -->
<mark id="dipl_429" xlink:href="#tok_429"/><!-- ϥ -->
<mark id="dipl_430" xlink:href="#xpointer(id('tok_430')/range-to(id('tok_431')))"/><!-- ⲥⲁ...ⲛ︤ϣ︥ -->
<mark id="dipl_432" xlink:href="#tok_432"/><!-- ⲧⲏⲩⲧ︤ⲛ︥ -->
<mark id="dipl_433" xlink:href="#tok_433"/><!-- ⲡ -->
<mark id="dipl_434" xlink:href="#tok_434"/><!-- ⲛⲟⲩⲧⲉ -->
<mark id="dipl_435" xlink:href="#tok_435"/><!-- ⲡ -->
<mark id="dipl_436" xlink:href="#tok_436"/><!-- ϣⲁ -->
<mark id="dipl_437" xlink:href="#tok_437"/><!-- ⲉⲛⲉϩ -->
<mark id="dipl_438" xlink:href="#tok_438"/><!-- · -->
<mark id="dipl_439" xlink:href="#tok_439"/><!-- ⲁ -->
<mark id="dipl_440" xlink:href="#xpointer(id('tok_440')/range-to(id('tok_441')))"/><!-- ⲧⲉ...ⲧ︤ⲛ︥ -->
<mark id="dipl_442" xlink:href="#tok_442"/><!-- ϯ -->
<mark id="dipl_443" xlink:href="#tok_443"/><!-- ⲙ̄ⲕⲁϩ -->
<mark id="dipl_444" xlink:href="#tok_444"/><!-- ⲛ̄ -->
<mark id="dipl_445" xlink:href="#xpointer(id('tok_445')/range-to(id('tok_446')))"/><!-- ϩⲏ...ⲧ⳿ -->
<mark id="dipl_447" xlink:href="#tok_447"/><!-- ⲇⲉ -->
<mark id="dipl_448" xlink:href="#tok_448"/><!-- ⲟⲛ -->
<mark id="dipl_449" xlink:href="#tok_449"/><!-- ⲛ̄ -->
<mark id="dipl_450" xlink:href="#tok_450"/><!-- ⲧ -->
<mark id="dipl_451" xlink:href="#xpointer(id('tok_451')/range-to(id('tok_452')))"/><!-- ⲉⲛ...ⲧ -->
<mark id="dipl_453" xlink:href="#tok_453"/><!-- ⲁ -->
<mark id="dipl_454" xlink:href="#tok_454"/><!-- ⲥ -->
<mark id="dipl_455" xlink:href="#tok_455"/><!-- ϣⲉⲡϣ︤ⲡ︥ -->
<mark id="dipl_456" xlink:href="#tok_456"/><!-- ⲧⲏⲩⲧ︤ⲛ︥ -->
<mark id="dipl_457" xlink:href="#tok_457"/><!-- ⲑ -->
<mark id="dipl_458" xlink:href="#tok_458"/><!-- ⲓ︤ⲗ︥︦︤ⲏ︦︥︤ⲙ︦︥ -->
<mark id="dipl_459" xlink:href="#tok_459"/><!-- ⲉⲧⲉ -->
<mark id="dipl_460" xlink:href="#tok_460"/><!-- ⲧ -->
<mark id="dipl_461" xlink:href="#xpointer(id('tok_461')/range-to(id('tok_463')))"/><!-- ⲥⲩⲛⲁⲅ...ⲅⲏ -->
<mark id="dipl_464" xlink:href="#tok_464"/><!-- ⲧⲉ -->
<mark id="dipl_465" xlink:href="#tok_465"/><!-- · -->
<mark id="dipl_466" xlink:href="#tok_466"/><!-- ⲁⲩⲱ -->
<mark id="dipl_467" xlink:href="#tok_467"/><!-- ⲁ -->
<mark id="dipl_468" xlink:href="#tok_468"/><!-- ⲧⲉⲧ︤ⲛ︥ -->
<mark id="dipl_469" xlink:href="#tok_469"/><!-- ϩⲉ⳿ -->
<mark id="dipl_470" xlink:href="#tok_470"/><!-- ⲙ̄ -->
<mark id="dipl_471" xlink:href="#tok_471"/><!-- ⲙⲉⲉⲣⲉ -->
<mark id="dipl_472" xlink:href="#tok_472"/><!-- ⲛ̄ -->
<mark id="dipl_473" xlink:href="#tok_473"/><!-- ⲑ -->
<mark id="dipl_474" xlink:href="#tok_474"/><!-- ⲉ -->
<mark id="dipl_475" xlink:href="#tok_475"/><!-- ⲛ̄ -->
<mark id="dipl_476" xlink:href="#tok_476"/><!-- ⲛ -->
<mark id="dipl_477" xlink:href="#tok_477"/><!-- ⲉⲧ -->
<mark id="dipl_478" xlink:href="#tok_478"/><!-- ϩ︤ⲛ︥ -->
<mark id="dipl_479" xlink:href="#tok_479"/><!-- ⲧ -->
<mark id="dipl_480" xlink:href="#xpointer(id('tok_480')/range-to(id('tok_481')))"/><!-- ⲡⲁ...ϣⲉ -->
<mark id="dipl_482" xlink:href="#tok_482"/><!-- ⲛ̄ -->
<mark id="dipl_483" xlink:href="#tok_483"/><!-- ⲧⲉ -->
<mark id="dipl_484" xlink:href="#tok_484"/><!-- ⲩϣⲏ̂ -->
<mark id="dipl_485" xlink:href="#tok_485"/><!-- · -->
<mark id="dipl_486" xlink:href="#tok_486"/><!-- ⲛ̄ -->
<mark id="dipl_487" xlink:href="#tok_487"/><!-- ⲑ -->
<mark id="dipl_488" xlink:href="#tok_488"/><!-- ⲉ -->
<mark id="dipl_489" xlink:href="#tok_489"/><!-- ⲉⲧ -->
<mark id="dipl_490" xlink:href="#tok_490"/><!-- ⲥⲏϩ -->
<mark id="dipl_491" xlink:href="#tok_491"/><!-- ϫⲉ -->
<mark id="dipl_492" xlink:href="#tok_492"/><!-- ⲁ -->
<mark id="dipl_493" xlink:href="#tok_493"/><!-- ⲥ -->
<mark id="dipl_494" xlink:href="#tok_494"/><!-- ⲥⲗⲁⲁⲧⲉ -->
<mark id="dipl_495" xlink:href="#tok_495"/><!-- ⲁ -->
<mark id="dipl_496" xlink:href="#tok_496"/><!-- ⲥ -->
<mark id="dipl_497" xlink:href="#tok_497"/><!-- ϩⲉ -->
<mark id="dipl_498" xlink:href="#tok_498"/><!-- ⲛ̄ϭⲓ -->
<mark id="dipl_499" xlink:href="#tok_499"/><!-- ⲧ -->
<mark id="dipl_500" xlink:href="#xpointer(id('tok_500')/range-to(id('tok_501')))"/><!-- ⲡⲁⲣ...ⲑⲉⲛⲟⲥ -->
<mark id="dipl_502" xlink:href="#tok_502"/><!-- ⲙ̄ -->
<mark id="dipl_503" xlink:href="#tok_503"/><!-- ⲡ -->
<mark id="dipl_504" xlink:href="#tok_504"/><!-- ⲓ︤ⲏ︦ⲗ︥ -->
<mark id="dipl_505" xlink:href="#tok_505"/><!-- ⲛ︤ -->
<mark id="dipl_506" xlink:href="#tok_506"/><!-- ⲥ︥ -->
<mark id="dipl_507" xlink:href="#tok_507"/><!-- ⲛⲁ -->
<mark id="dipl_508" xlink:href="#tok_508"/><!-- ⲟⲩⲱϩ⳿ -->
<mark id="dipl_509" xlink:href="#tok_509"/><!-- ϭⲉ -->
<mark id="dipl_510" xlink:href="#tok_510"/><!-- ⲁⲛ⳿ -->
<mark id="dipl_511" xlink:href="#tok_511"/><!-- ⲉⲧⲟⲟⲧ︤ -->
<mark id="dipl_512" xlink:href="#tok_512"/><!-- ⲥ︥ -->
<mark id="dipl_513" xlink:href="#tok_513"/><!-- ⲉ -->
<mark id="dipl_514" xlink:href="#tok_514"/><!-- ⲧⲱⲟⲩⲛ -->
<mark id="dipl_515" xlink:href="#tok_515"/><!-- · -->
<mark id="dipl_516" xlink:href="#tok_516"/><!-- ⲛ -->
<mark id="dipl_517" xlink:href="#tok_517"/><!-- ⲉⲧ︤ -->
<mark id="dipl_518" xlink:href="#tok_518"/><!-- ⲛ︥ⲕⲟⲧ︤ⲕ︥ -->
<mark id="dipl_519" xlink:href="#tok_519"/><!-- ⲅⲁⲣ -->
<mark id="dipl_520" xlink:href="#tok_520"/><!-- ⲡⲉϫⲁ -->
<mark id="dipl_521" xlink:href="#tok_521"/><!-- ϥ -->
<mark id="dipl_522" xlink:href="#tok_522"/><!-- . -->
<mark id="dipl_523" xlink:href="#tok_523"/><!-- ⲉ -->
<mark id="dipl_524" xlink:href="#tok_524"/><!-- ⲩ -->
<mark id="dipl_525" xlink:href="#tok_525"/><!-- ︤ⲛ︥ⲕⲟⲧ︤ⲕ︥ -->
<mark id="dipl_526" xlink:href="#tok_526"/><!-- ⲛ̄ -->
<mark id="dipl_527" xlink:href="#tok_527"/><!-- ⲧⲉ -->
<mark id="dipl_528" xlink:href="#xpointer(id('tok_528')/range-to(id('tok_529')))"/><!-- ⲩ...ϣⲏ̂ -->
<mark id="dipl_530" xlink:href="#tok_530"/><!-- · -->
<mark id="dipl_531" xlink:href="#tok_531"/><!-- ⲁⲩⲱ -->
<mark id="dipl_532" xlink:href="#tok_532"/><!-- ⲛ -->
<mark id="dipl_533" xlink:href="#tok_533"/><!-- ⲉⲧ -->
<mark id="dipl_534" xlink:href="#tok_534"/><!-- ⲧⲁϩⲉ -->
<mark id="dipl_535" xlink:href="#tok_535"/><!-- . -->
<mark id="dipl_536" xlink:href="#tok_536"/><!-- ⲉ -->
<mark id="dipl_537" xlink:href="#tok_537"/><!-- ⲩ -->
<mark id="dipl_538" xlink:href="#tok_538"/><!-- ⲧⲁϩⲉ -->
<mark id="dipl_539" xlink:href="#tok_539"/><!-- ⲛ̄ -->
<mark id="dipl_540" xlink:href="#tok_540"/><!-- ⲧⲉ -->
<mark id="dipl_541" xlink:href="#tok_541"/><!-- ⲩϣⲏ̂ -->
<mark id="dipl_542" xlink:href="#tok_542"/><!-- · -->
<mark id="dipl_543" xlink:href="#tok_543"/><!-- ⲛ̄ⲧⲱⲧ︤ⲛ︥ -->
<mark id="dipl_544" xlink:href="#tok_544"/><!-- ⲇⲉ -->
<mark id="dipl_545" xlink:href="#tok_545"/><!-- ⲁ -->
<mark id="dipl_546" xlink:href="#tok_546"/><!-- ⲧⲉⲧ︤ⲛ︥ -->
<mark id="dipl_547" xlink:href="#tok_547"/><!-- ϯ -->
<mark id="dipl_548" xlink:href="#tok_548"/><!-- ϩⲉ -->
<mark id="dipl_549" xlink:href="#tok_549"/><!-- ⲙ̄ -->
<mark id="dipl_550" xlink:href="#tok_550"/><!-- ⲙⲉⲉⲣⲉ -->
<mark id="dipl_551" xlink:href="#tok_551"/><!-- ⲛ̄ -->
<mark id="dipl_552" xlink:href="#tok_552"/><!-- ⲑ -->
<mark id="dipl_553" xlink:href="#tok_553"/><!-- ⲉ -->
<mark id="dipl_554" xlink:href="#tok_554"/><!-- ⲛ̄ -->
<mark id="dipl_555" xlink:href="#tok_555"/><!-- ⲛ -->
<mark id="dipl_556" xlink:href="#tok_556"/><!-- ⲉⲛⲧ -->
<mark id="dipl_557" xlink:href="#tok_557"/><!-- ⲁ -->
<mark id="dipl_558" xlink:href="#tok_558"/><!-- ⲩ -->
<mark id="dipl_559" xlink:href="#xpointer(id('tok_559')/range-to(id('tok_560')))"/><!-- ϫⲟ...ⲟ -->
<mark id="dipl_561" xlink:href="#tok_561"/><!-- ⲥ -->
<mark id="dipl_562" xlink:href="#tok_562"/><!-- ⲉⲧⲃⲏⲏⲧ -->
<mark id="dipl_563" xlink:href="#xpointer(id('tok_563')/range-to(id('tok_564')))"/><!-- ⲟ...ⲩ -->
<mark id="dipl_565" xlink:href="#tok_565"/><!-- · -->
<mark id="dipl_566" xlink:href="#tok_566"/><!-- ϫⲉ -->
<mark id="dipl_567" xlink:href="#tok_567"/><!-- ⲛ -->
<mark id="dipl_568" xlink:href="#tok_568"/><!-- ⲉⲧ -->
<mark id="dipl_569" xlink:href="#tok_569"/><!-- ⲧⲁϩⲉ -->
<mark id="dipl_570" xlink:href="#tok_570"/><!-- ⲁϫ︤ⲛ︥ -->
<mark id="dipl_571" xlink:href="#tok_571"/><!-- ⲏⲣ︤ⲡ︥ -->
<mark id="dipl_572" xlink:href="#tok_572"/><!-- · -->
<mark id="dipl_573" xlink:href="#tok_573"/><!-- ⲁⲩⲱ -->
<mark id="dipl_574" xlink:href="#tok_574"/><!-- ⲁ -->
<mark id="dipl_575" xlink:href="#tok_575"/><!-- ⲧⲉⲧ︤ⲛ︥ -->
<mark id="dipl_576" xlink:href="#xpointer(id('tok_576')/range-to(id('tok_578')))"/><!-- ϩ...ⲣ︤ⲡ︥ -->
<mark id="dipl_579" xlink:href="#tok_579"/><!-- ⲙ̄ -->
<mark id="dipl_580" xlink:href="#tok_580"/><!-- ⲙⲉⲉⲣⲉ -->
<mark id="dipl_581" xlink:href="#tok_581"/><!-- ⲛ̄ -->
<mark id="dipl_582" xlink:href="#tok_582"/><!-- ⲑ -->
<mark id="dipl_583" xlink:href="#tok_583"/><!-- ⲉ -->
<mark id="dipl_584" xlink:href="#tok_584"/><!-- ⲛ̄ -->
<mark id="dipl_585" xlink:href="#tok_585"/><!-- ⲛ -->
<mark id="dipl_586" xlink:href="#tok_586"/><!-- ⲉⲧ︤ -->
<mark id="dipl_587" xlink:href="#xpointer(id('tok_587')/range-to(id('tok_588')))"/><!-- ⲛ︥...ⲕⲟⲧ︤ⲕ︥ -->
<mark id="dipl_589" xlink:href="#tok_589"/><!-- ⲛ̄ -->
<mark id="dipl_590" xlink:href="#tok_590"/><!-- ⲧⲉ -->
<mark id="dipl_591" xlink:href="#xpointer(id('tok_591')/range-to(id('tok_592')))"/><!-- ⲩ...ϣⲏ̂ -->
<mark id="dipl_593" xlink:href="#tok_593"/><!-- · -->
<mark id="dipl_594" xlink:href="#tok_594"/><!-- ⲉⲃⲟⲗ -->
<mark id="dipl_595" xlink:href="#tok_595"/><!-- ϫⲉ -->
<mark id="dipl_596" xlink:href="#tok_596"/><!-- ⲁ -->
<mark id="dipl_597" xlink:href="#tok_597"/><!-- ⲧⲉⲧ︤ⲛ︥ -->
<mark id="dipl_598" xlink:href="#tok_598"/><!-- ⲕⲱ̂ -->
<mark id="dipl_599" xlink:href="#xpointer(id('tok_599')/range-to(id('tok_600')))"/><!-- ⲛ̄...ⲥⲱ -->
<mark id="dipl_601" xlink:href="#tok_601"/><!-- ⲧ︤ⲛ︥ -->
<mark id="dipl_602" xlink:href="#tok_602"/><!-- ⲛ̄ -->
<mark id="dipl_603" xlink:href="#tok_603"/><!-- ⲑ -->
<mark id="dipl_604" xlink:href="#xpointer(id('tok_604')/range-to(id('tok_605')))"/><!-- ⲟⲧ...ⲉ -->
<mark id="dipl_606" xlink:href="#tok_606"/><!-- ⲙ̄ -->
<mark id="dipl_607" xlink:href="#tok_607"/><!-- ⲡ -->
<mark id="dipl_608" xlink:href="#tok_608"/><!-- ⲛⲟⲩⲧⲉ -->
<mark id="dipl_609" xlink:href="#tok_609"/><!-- · -->
<mark id="dipl_610" xlink:href="#tok_610"/><!-- ⲉ -->
<mark id="dipl_611" xlink:href="#tok_611"/><!-- ⲁ -->
<mark id="dipl_612" xlink:href="#tok_612"/><!-- ⲧⲉⲧ︤ⲛ︥ -->
<mark id="dipl_613" xlink:href="#tok_613"/><!-- ⲙⲉⲣⲉ -->
<mark id="dipl_614" xlink:href="#tok_614"/><!-- ⲡ -->
<mark id="dipl_615" xlink:href="#tok_615"/><!-- ⲕⲁⲕⲉ -->
<mark id="dipl_616" xlink:href="#xpointer(id('tok_616')/range-to(id('tok_617')))"/><!-- ⲉϩⲟⲩ...ⲉ -->
<mark id="dipl_618" xlink:href="#tok_618"/><!-- ⲉ -->
<mark id="dipl_619" xlink:href="#tok_619"/><!-- ⲡ -->
<mark id="dipl_620" xlink:href="#tok_620"/><!-- ⲟⲩⲟⲉⲓⲛ -->
<mark id="dipl_621" xlink:href="#tok_621"/><!-- · -->
<mark id="dipl_622" xlink:href="#tok_622"/><!-- ⲉ -->
<mark id="dipl_623" xlink:href="#tok_623"/><!-- ⲁ -->
<mark id="dipl_624" xlink:href="#tok_624"/><!-- ⲧⲉⲧ︤ⲛ︥ -->
<mark id="dipl_625" xlink:href="#tok_625"/><!-- ⲉⲡ⳿ -->
<mark id="dipl_626" xlink:href="#tok_626"/><!-- ⲡ -->
<mark id="dipl_627" xlink:href="#tok_627"/><!-- ⲉⲧ -->
<mark id="dipl_628" xlink:href="#tok_628"/><!-- ⲥⲁϣⲉ -->
<mark id="dipl_629" xlink:href="#xpointer(id('tok_629')/range-to(id('tok_630')))"/><!-- ⲇ...ⲉ -->
<mark id="dipl_631" xlink:href="#tok_631"/><!-- ⲟⲛ -->
<mark id="dipl_632" xlink:href="#tok_632"/><!-- ϫⲉ -->
<mark id="dipl_633" xlink:href="#tok_633"/><!-- ϥ -->
<mark id="dipl_634" xlink:href="#tok_634"/><!-- ϩⲟⲗ︤ϭ︥ -->
<mark id="dipl_635" xlink:href="#tok_635"/><!-- · -->
<mark id="dipl_636" xlink:href="#tok_636"/><!-- ⲁⲩⲱ -->
<mark id="dipl_637" xlink:href="#tok_637"/><!-- ⲡ -->
<mark id="dipl_638" xlink:href="#tok_638"/><!-- ⲉⲧ -->
<mark id="dipl_639" xlink:href="#tok_639"/><!-- ϩⲟⲗ︤ϭ︥ -->
<mark id="dipl_640" xlink:href="#tok_640"/><!-- ϫⲉ -->
<mark id="dipl_641" xlink:href="#tok_641"/><!-- ϥ -->
<mark id="dipl_642" xlink:href="#tok_642"/><!-- ⲥⲁϣⲉ -->
<mark id="dipl_643" xlink:href="#tok_643"/><!-- · -->
<mark id="dipl_644" xlink:href="#xpointer(id('tok_644')/range-to(id('tok_645')))"/><!-- ⲉ...ⲧⲃⲉ -->
<mark id="dipl_646" xlink:href="#tok_646"/><!-- ⲡⲁⲓ̈ -->
<mark id="dipl_647" xlink:href="#tok_647"/><!-- ⲟⲩⲟⲓ̈ -->
<mark id="dipl_648" xlink:href="#tok_648"/><!-- ⲛⲏ -->
<mark id="dipl_649" xlink:href="#tok_649"/><!-- ⲧ︤ⲛ︥ -->
<mark id="dipl_650" xlink:href="#tok_650"/><!-- ⲙ̄ -->
<mark id="dipl_651" xlink:href="#xpointer(id('tok_651')/range-to(id('tok_652')))"/><!-- ⲡⲟ...ⲛⲏⲣⲟⲥ -->
<mark id="dipl_653" xlink:href="#tok_653"/><!-- ϫⲉ -->
<mark id="dipl_654" xlink:href="#xpointer(id('tok_654')/range-to(id('tok_655')))"/><!-- ⲙ̄...ⲡⲉ -->
<mark id="dipl_656" xlink:href="#tok_656"/><!-- ⲧ︤ⲛ︥ -->
<mark id="dipl_657" xlink:href="#tok_657"/><!-- ⲣ̄ -->
<mark id="dipl_658" xlink:href="#tok_658"/><!-- ⲡ -->
<mark id="dipl_659" xlink:href="#xpointer(id('tok_659')/range-to(id('tok_660')))"/><!-- ⲙⲉ...ⲉⲩⲉ -->
<mark id="dipl_661" xlink:href="#tok_661"/><!-- ⲙ̄ -->
<mark id="dipl_662" xlink:href="#tok_662"/><!-- ⲡ -->
<mark id="dipl_663" xlink:href="#tok_663"/><!-- ϩⲓⲥⲉ -->
<mark id="dipl_664" xlink:href="#tok_664"/><!-- ⲧⲏⲣ︤ -->
<mark id="dipl_665" xlink:href="#tok_665"/><!-- ϥ︥ -->
<mark id="dipl_666" xlink:href="#tok_666"/><!-- ⲉⲛⲧ -->
<mark id="dipl_667" xlink:href="#tok_667"/><!-- ⲁ -->
<mark id="dipl_668" xlink:href="#xpointer(id('tok_668')/range-to(id('tok_670')))"/><!-- ⲡ...⳯ -->
<mark id="dipl_671" xlink:href="#tok_671"/><!-- ⲉⲓⲱⲧ -->
<mark id="dipl_672" xlink:href="#tok_672"/><!-- ϣⲟⲡ︤ -->
<mark id="dipl_673" xlink:href="#tok_673"/><!-- ϥ︥ -->
<mark id="dipl_674" xlink:href="#tok_674"/><!-- ⲛ︤ⲙ︥ⲙⲏ -->
<mark id="dipl_675" xlink:href="#tok_675"/><!-- ⲧ︤ⲛ︥ -->
<mark id="dipl_676" xlink:href="#tok_676"/><!-- ⲧⲏⲣ -->
<mark id="dipl_677" xlink:href="#tok_677"/><!-- ⲧ︤ⲛ︥ -->
<mark id="dipl_678" xlink:href="#tok_678"/><!-- · -->
<mark id="dipl_679" xlink:href="#tok_679"/><!-- ⲉ -->
<mark id="dipl_680" xlink:href="#tok_680"/><!-- ⲁ -->
<mark id="dipl_681" xlink:href="#tok_681"/><!-- ⲧⲉⲧ︤ⲛ︥ -->
<mark id="dipl_682" xlink:href="#tok_682"/><!-- ⲕⲱ̂ -->
<mark id="dipl_683" xlink:href="#tok_683"/><!-- ⲛ̄ⲥⲱ -->
<mark id="dipl_684" xlink:href="#tok_684"/><!-- ⲧ︤ⲛ︥ -->
<mark id="dipl_685" xlink:href="#tok_685"/><!-- ⲛ̄ -->
<mark id="dipl_686" xlink:href="#tok_686"/><!-- ⲛⲉϥ -->
<mark id="dipl_687" xlink:href="#xpointer(id('tok_687')/range-to(id('tok_688')))"/><!-- ⲥⲃⲟⲟⲩ...ⲉ -->
<mark id="dipl_689" xlink:href="#tok_689"/><!-- ⲛ̄ -->
<mark id="dipl_690" xlink:href="#tok_690"/><!-- ⲱⲛ︤ϩ︥ -->
<mark id="dipl_691" xlink:href="#tok_691"/><!-- ⲙ︤ⲛ︥ -->
<mark id="dipl_692" xlink:href="#xpointer(id('tok_692')/range-to(id('tok_693')))"/><!-- ⲛ̄...ⲁ -->
<mark id="dipl_694" xlink:href="#tok_694"/><!-- ⲛ -->
<mark id="dipl_695" xlink:href="#tok_695"/><!-- ⲥ︤ⲙ︥ⲙⲉ -->
<mark id="dipl_696" xlink:href="#tok_696"/><!-- ⲛ̄ -->
<mark id="dipl_697" xlink:href="#xpointer(id('tok_697')/range-to(id('tok_698')))"/><!-- ⲛⲉ...ⲧ︤ⲛ︥ -->
<mark id="dipl_699" xlink:href="#tok_699"/><!-- ⲉⲓⲟⲧⲉ -->
<mark id="dipl_700" xlink:href="#tok_700"/><!-- : -->
<mark id="dipl_701" xlink:href="#tok_701"/><!-- ⲡⲗⲏⲛ -->
<mark id="dipl_702" xlink:href="#tok_702"/><!-- ⲉⲓⲥ -->
<mark id="dipl_703" xlink:href="#tok_703"/><!-- ⲛ̄ -->
<mark id="dipl_704" xlink:href="#xpointer(id('tok_704')/range-to(id('tok_705')))"/><!-- ϩ︤ⲗ︥...ⲗⲟ -->
<mark id="dipl_706" xlink:href="#tok_706"/><!-- ⲉⲓ -->
<mark id="dipl_707" xlink:href="#tok_707"/><!-- ⲙ︤ⲛ︥ -->
<mark id="dipl_708" xlink:href="#tok_708"/><!-- ⲛⲉⲛ -->
<mark id="dipl_709" xlink:href="#tok_709"/><!-- ⲥⲛⲏⲩ -->
<mark id="dipl_710" xlink:href="#tok_710"/><!-- ⲁ -->
<mark id="dipl_711" xlink:href="#tok_711"/><!-- ⲩ -->
<mark id="dipl_712" xlink:href="#tok_712"/><!-- ⲉⲓ̂ -->
<mark id="dipl_713" xlink:href="#xpointer(id('tok_713')/range-to(id('tok_714')))"/><!-- ϣⲁ...ⲣⲱ -->
<mark id="dipl_715" xlink:href="#tok_715"/><!-- ⲧ︤ⲛ︥ -->
<mark id="dipl_716" xlink:href="#tok_716"/><!-- ⲛ̄ -->
<mark id="dipl_717" xlink:href="#tok_717"/><!-- ⲕⲉ -->
<mark id="dipl_718" xlink:href="#xpointer(id('tok_718')/range-to(id('tok_720')))"/><!-- ⲥ...ⲡ -->
<mark id="dipl_721" xlink:href="#tok_721"/><!-- · -->
<mark id="dipl_722" xlink:href="#tok_722"/><!-- ⲉ -->
<mark id="dipl_723" xlink:href="#tok_723"/><!-- ⲛ -->
<mark id="dipl_724" xlink:href="#tok_724"/><!-- ⲟⲛ︤ϩ︥ -->
<mark id="dipl_725" xlink:href="#tok_725"/><!-- ϩ︤ⲛ︥ -->
<mark id="dipl_726" xlink:href="#tok_726"/><!-- ⲟⲩ -->
<mark id="dipl_727" xlink:href="#tok_727"/><!-- ⲛⲟϭ -->
<mark id="dipl_728" xlink:href="#tok_728"/><!-- ⲛ̄ -->
<mark id="dipl_729" xlink:href="#tok_729"/><!-- ⲗⲩⲡⲏ -->
<mark id="dipl_730" xlink:href="#tok_730"/><!-- ⲙ︤ⲛ︥ -->
<mark id="dipl_731" xlink:href="#tok_731"/><!-- ⲟⲩ -->
<mark id="dipl_732" xlink:href="#tok_732"/><!-- ⲙ̄ⲕⲁϩ -->
<mark id="dipl_733" xlink:href="#tok_733"/><!-- ⲛ̄ -->
<mark id="dipl_734" xlink:href="#tok_734"/><!-- ϩⲏⲧ⳿ -->
<mark id="dipl_735" xlink:href="#tok_735"/><!-- ⲉ -->
<mark id="dipl_736" xlink:href="#tok_736"/><!-- ⲛⲁϣⲱ -->
<mark id="dipl_737" xlink:href="#tok_737"/><!-- ϥ -->
<mark id="dipl_738" xlink:href="#tok_738"/><!-- · -->
<mark id="dipl_739" xlink:href="#tok_739"/><!-- ⲉ -->
<mark id="dipl_740" xlink:href="#tok_740"/><!-- ⲧⲣⲉ -->
<mark id="dipl_741" xlink:href="#tok_741"/><!-- ⲩ -->
<mark id="dipl_742" xlink:href="#tok_742"/><!-- ⲉⲓⲣⲉ -->
<mark id="dipl_743" xlink:href="#tok_743"/><!-- ⲛ̄ -->
<mark id="dipl_744" xlink:href="#tok_744"/><!-- ⲧ -->
<mark id="dipl_745" xlink:href="#tok_745"/><!-- ⲟⲩⲉⲓ̂ -->
<mark id="dipl_746" xlink:href="#tok_746"/><!-- ⲧ -->
<mark id="dipl_747" xlink:href="#xpointer(id('tok_747')/range-to(id('tok_748')))"/><!-- ⲟⲩ...ⲉⲓ -->
<mark id="dipl_749" xlink:href="#tok_749"/><!-- ⲙ̄ⲙⲱ -->
<mark id="dipl_750" xlink:href="#tok_750"/><!-- ⲧ︤ⲛ︥ -->
<mark id="dipl_751" xlink:href="#tok_751"/><!-- ⲕⲁⲧⲁ -->
<mark id="dipl_752" xlink:href="#tok_752"/><!-- ⲡⲉⲥ -->
<mark id="dipl_753" xlink:href="#tok_753"/><!-- ⲙ̄ⲡϣⲁ -->
<mark id="dipl_754" xlink:href="#tok_754"/><!-- · -->
<mark id="dipl_755" xlink:href="#tok_755"/><!-- ⲉⲃⲟⲗ -->
<mark id="dipl_756" xlink:href="#tok_756"/><!-- ϫⲉ -->
<mark id="dipl_757" xlink:href="#tok_757"/><!-- ⲁ -->
<mark id="dipl_758" xlink:href="#xpointer(id('tok_758')/range-to(id('tok_759')))"/><!-- ⲧⲉ...ⲧ︤ⲛ︥ -->
<mark id="dipl_760" xlink:href="#tok_760"/><!-- ⲕⲱ̂ -->
<mark id="dipl_761" xlink:href="#tok_761"/><!-- ⲛ̄ⲥⲱ -->
<mark id="dipl_762" xlink:href="#xpointer(id('tok_762')/range-to(id('tok_763')))"/><!-- ⲧ︤...ⲛ︥ -->
<mark id="dipl_764" xlink:href="#tok_764"/><!-- ⲛ̄ -->
<mark id="dipl_765" xlink:href="#tok_765"/><!-- ⲧ -->
<mark id="dipl_766" xlink:href="#tok_766"/><!-- ⲡⲏⲅⲏ̂ -->
<mark id="dipl_767" xlink:href="#tok_767"/><!-- ⲙ̄ -->
<mark id="dipl_768" xlink:href="#tok_768"/><!-- ⲙⲟⲩ -->
<mark id="dipl_769" xlink:href="#tok_769"/><!-- ⲛ -->
<mark id="dipl_770" xlink:href="#tok_770"/><!-- ⲱⲛ︤ϩ︥ -->
<mark id="dipl_771" xlink:href="#tok_771"/><!-- · -->
<mark id="dipl_772" xlink:href="#tok_772"/><!-- ⲉ -->
<mark id="dipl_773" xlink:href="#tok_773"/><!-- ⲁ -->
<mark id="dipl_774" xlink:href="#tok_774"/><!-- ⲧⲉⲧ︤ⲛ︥ -->
<mark id="dipl_775" xlink:href="#tok_775"/><!-- ⲕⲓϣⲉ -->
<mark id="dipl_776" xlink:href="#tok_776"/><!-- ⲛⲏ -->
<mark id="dipl_777" xlink:href="#tok_777"/><!-- ⲧ︤ⲛ︥ -->
<mark id="dipl_778" xlink:href="#tok_778"/><!-- ⲛ̄ -->
<mark id="dipl_779" xlink:href="#tok_779"/><!-- ϩⲉⲛ -->
<mark id="dipl_780" xlink:href="#tok_780"/><!-- ϣⲏⲓ̈ -->
<mark id="dipl_781" xlink:href="#tok_781"/><!-- ⲉ -->
<mark id="dipl_782" xlink:href="#tok_782"/><!-- ⲩ -->
<mark id="dipl_783" xlink:href="#xpointer(id('tok_783')/range-to(id('tok_784')))"/><!-- ⲟⲩⲟϭ︤...ⲡ︥ -->
<mark id="dipl_785" xlink:href="#tok_785"/><!-- ϩ︤ⲙ︥ -->
<mark id="dipl_786" xlink:href="#tok_786"/><!-- ⲡ -->
<mark id="dipl_787" xlink:href="#tok_787"/><!-- ⲧⲣⲉ -->
<mark id="dipl_788" xlink:href="#xpointer(id('tok_788')/range-to(id('tok_789')))"/><!-- ⲡⲉ...ⲧ︤ⲛ︥ -->
<mark id="dipl_790" xlink:href="#tok_790"/><!-- ϩⲏⲧ -->
<mark id="dipl_791" xlink:href="#tok_791"/><!-- ⲛ̄ -->
<mark id="dipl_792" xlink:href="#xpointer(id('tok_792')/range-to(id('tok_794')))"/><!-- ⲁⲧ...ⲱ̂ -->
<mark id="dipl_795" xlink:href="#xpointer(id('tok_795')/range-to(id('tok_796')))"/><!-- ⲣ̄...ⲕⲁⲕⲉ -->
<mark id="dipl_797" xlink:href="#tok_797"/><!-- ⲉⲣⲱ -->
<mark id="dipl_798" xlink:href="#xpointer(id('tok_798')/range-to(id('tok_799')))"/><!-- ⲧ︤...ⲛ︥ -->
<mark id="dipl_800" xlink:href="#tok_800"/><!-- · -->
<mark id="dipl_801" xlink:href="#tok_801"/><!-- ⲉ -->
<mark id="dipl_802" xlink:href="#tok_802"/><!-- ⲧⲉⲧ︤ⲛ︥ -->
<mark id="dipl_803" xlink:href="#tok_803"/><!-- ϫⲱ -->
<mark id="dipl_804" xlink:href="#xpointer(id('tok_804')/range-to(id('tok_805')))"/><!-- ⲙ̄...ⲙⲟ -->
<mark id="dipl_806" xlink:href="#tok_806"/><!-- ⲥ -->
<mark id="dipl_807" xlink:href="#tok_807"/><!-- ϫⲉ -->
<mark id="dipl_808" xlink:href="#tok_808"/><!-- ⲁⲛⲟ⳯ -->
<mark id="dipl_809" xlink:href="#tok_809"/><!-- ϩⲉⲛ -->
<mark id="dipl_810" xlink:href="#tok_810"/><!-- ⲥⲁⲃⲉ -->
<mark id="dipl_811" xlink:href="#tok_811"/><!-- · -->
<mark id="dipl_812" xlink:href="#tok_812"/><!-- ⲁ -->
<mark id="dipl_813" xlink:href="#xpointer(id('tok_813')/range-to(id('tok_815')))"/><!-- ⲧ...ⲧ︤ⲛ︥ -->
<mark id="dipl_816" xlink:href="#xpointer(id('tok_816')/range-to(id('tok_817')))"/><!-- ⲣ̄...ⲥⲟϭ -->
<mark id="dipl_818" xlink:href="#tok_818"/><!-- · -->
<mark id="dipl_819" xlink:href="#tok_819"/><!-- ⲉ -->
<mark id="dipl_820" xlink:href="#tok_820"/><!-- ⲁ -->
<mark id="dipl_821" xlink:href="#xpointer(id('tok_821')/range-to(id('tok_823')))"/><!-- ⲧ...ⲧ︤ⲛ︥ -->
<mark id="dipl_824" xlink:href="#tok_824"/><!-- ϣⲓⲃⲉ -->
<mark id="dipl_825" xlink:href="#tok_825"/><!-- ⲙ̄ -->
<mark id="dipl_826" xlink:href="#tok_826"/><!-- ⲡ -->
<mark id="dipl_827" xlink:href="#xpointer(id('tok_827')/range-to(id('tok_828')))"/><!-- ⲉ...ⲟⲟⲩ -->
<mark id="dipl_829" xlink:href="#tok_829"/><!-- ⲙ̄ -->
<mark id="dipl_830" xlink:href="#tok_830"/><!-- ⲡ -->
<mark id="dipl_831" xlink:href="#xpointer(id('tok_831')/range-to(id('tok_832')))"/><!-- ⲛⲟⲩ...ⲧⲉ -->
<mark id="dipl_833" xlink:href="#tok_833"/><!-- ϩ︤ⲛ︥ -->
<mark id="dipl_834" xlink:href="#tok_834"/><!-- ϩⲉⲛ -->
<mark id="dipl_835" xlink:href="#tok_835"/><!-- ϩⲃⲏⲩⲉ -->
<mark id="dipl_836" xlink:href="#tok_836"/><!-- ⲉ -->
<mark id="dipl_837" xlink:href="#tok_837"/><!-- ⲙⲉϣϣⲉ -->
<mark id="dipl_838" xlink:href="#tok_838"/><!-- . -->
<mark id="dipl_839" xlink:href="#xpointer(id('tok_839')/range-to(id('tok_840')))"/><!-- ⲉ...ⲧⲃⲉ -->
<mark id="dipl_841" xlink:href="#tok_841"/><!-- ⲡⲁⲓ̈ -->
<mark id="dipl_842" xlink:href="#tok_842"/><!-- ⲁ -->
<mark id="dipl_843" xlink:href="#tok_843"/><!-- ⲡ -->
<mark id="dipl_844" xlink:href="#xpointer(id('tok_844')/range-to(id('tok_845')))"/><!-- ⲛⲟⲩ...ⲧⲉ -->
<mark id="dipl_846" xlink:href="#tok_846"/><!-- ϯ -->
<mark id="dipl_847" xlink:href="#tok_847"/><!-- ⲧⲏⲩⲧ︤ⲛ︥ -->
<mark id="dipl_848" xlink:href="#xpointer(id('tok_848')/range-to(id('tok_849')))"/><!-- ⲉ...ϩⲣⲁⲓ̈ -->
<mark id="dipl_850" xlink:href="#tok_850"/><!-- ⲉ -->
<mark id="dipl_851" xlink:href="#tok_851"/><!-- ϩⲉⲛ -->
<mark id="dipl_852" xlink:href="#xpointer(id('tok_852')/range-to(id('tok_853')))"/><!-- ⲡⲁ...ⲑⲟⲥ -->
<mark id="dipl_854" xlink:href="#tok_854"/><!-- ⲉ -->
<mark id="dipl_855" xlink:href="#tok_855"/><!-- ⲩ -->
<mark id="dipl_856" xlink:href="#tok_856"/><!-- ⲥⲏϣ -->
<mark id="dipl_857" xlink:href="#tok_857"/><!-- ⲉⲧⲉ -->
<mark id="dipl_858" xlink:href="#tok_858"/><!-- ⲡ -->
<mark id="dipl_859" xlink:href="#tok_859"/><!-- ϫⲓⲟⲩⲉ -->
<mark id="dipl_860" xlink:href="#tok_860"/><!-- ⲡⲉ -->
<mark id="dipl_861" xlink:href="#tok_861"/><!-- ⲙ︤ⲛ︥ -->
<mark id="dipl_862" xlink:href="#tok_862"/><!-- ⲡ -->
<mark id="dipl_863" xlink:href="#xpointer(id('tok_863')/range-to(id('tok_864')))"/><!-- ϫⲱϩ︤...ⲙ︥ -->
<mark id="dipl_865" xlink:href="#tok_865"/><!-- ⲙ︤ⲛ︥ -->
<mark id="dipl_866" xlink:href="#tok_866"/><!-- ⲡⲟⲛⲏⲣⲟ⳯ -->
<mark id="dipl_867" xlink:href="#tok_867"/><!-- ⲛⲓⲙ -->
<mark id="dipl_868" xlink:href="#tok_868"/><!-- · -->
<mark id="dipl_869" xlink:href="#tok_869"/><!-- ⲛⲁⲓ̈ -->
<mark id="dipl_870" xlink:href="#xpointer(id('tok_870')/range-to(id('tok_871')))"/><!-- ⲉⲧⲉ...ⲣⲉ -->
<mark id="dipl_872" xlink:href="#tok_872"/><!-- ⲧⲓⲙⲱⲣⲓⲁ -->
<mark id="dipl_873" xlink:href="#tok_873"/><!-- ⲛⲓⲙ⳿ -->
<mark id="dipl_874" xlink:href="#tok_874"/><!-- ϣⲟⲟⲡ⳿ -->
<mark id="dipl_875" xlink:href="#tok_875"/><!-- ⲛ̄ -->
<mark id="dipl_876" xlink:href="#tok_876"/><!-- ⲛⲉ -->
<mark id="dipl_877" xlink:href="#tok_877"/><!-- ⲧ -->
<mark id="dipl_878" xlink:href="#tok_878"/><!-- ⲉⲓⲣⲉ -->
<mark id="dipl_879" xlink:href="#tok_879"/><!-- ⲙ̄ⲙⲟ -->
<mark id="dipl_880" xlink:href="#tok_880"/><!-- ⲟⲩ -->
<mark id="dipl_881" xlink:href="#tok_881"/><!-- · -->
<mark id="dipl_882" xlink:href="#tok_882"/><!-- ⲟⲩ -->
<mark id="dipl_883" xlink:href="#tok_883"/><!-- ⲙⲟⲛⲟ⳯ -->
<mark id="dipl_884" xlink:href="#tok_884"/><!-- ϩ︤ⲙ︥ -->
<mark id="dipl_885" xlink:href="#tok_885"/><!-- ⲡⲉⲓ̈ -->
<mark id="dipl_886" xlink:href="#tok_886"/><!-- ⲁⲓⲱⲛ -->
<mark id="dipl_887" xlink:href="#tok_887"/><!-- · -->
<mark id="dipl_888" xlink:href="#tok_888"/><!-- ⲁⲗⲗⲁ -->
<mark id="dipl_889" xlink:href="#tok_889"/><!-- ϩ︤ⲙ︥ -->
<mark id="dipl_890" xlink:href="#tok_890"/><!-- ⲡ -->
<mark id="dipl_891" xlink:href="#tok_891"/><!-- ⲕⲉ -->
<mark id="dipl_892" xlink:href="#tok_892"/><!-- ⲟⲩⲁ̂ -->
<mark id="dipl_893" xlink:href="#tok_893"/><!-- : -->
<mark id="dipl_894" xlink:href="#tok_894"/><!--   -->
</markList>
</paula>
