<?xml version="1.0" encoding="UTF-8" standalone="no"?>

<!DOCTYPE paula SYSTEM "paula_mark.dtd">
<paula version="1.0">

<header paula_id="AP.177.ephraim_source_langSeg"/>

<markList xmlns:xlink="http://www.w3.org/1999/xlink" type="source_langSeg" xml:base="AP.177.ephraim.tok.xml">
<mark id="source_lang_6" xlink:href="#tok_6"/><!-- ⲙⲁⲕⲁⲣⲓ̇ⲟⲥ -->
<mark id="source_lang_7" xlink:href="#xpointer(id('tok_7')/range-to(id('tok_9')))"/><!-- ⲉ̇...ⲣⲉⲙ -->
<mark id="source_lang_21" xlink:href="#tok_21"/><!-- ⲏ̇ -->
<mark id="source_lang_41" xlink:href="#tok_41"/><!-- ⲁ̇ⲩⲝⲁⲛⲉ -->
<mark id="source_lang_55" xlink:href="#tok_55"/><!-- ⲕⲁⲣⲡⲟⲥ -->
<mark id="source_lang_77" xlink:href="#xpointer(id('tok_77')/range-to(id('tok_78')))"/><!-- ⲕⲁⲣ...ⲡⲟⲥ -->
</markList>
</paula>
