<?xml version="1.0" encoding="UTF-8" standalone="no"?>

<!DOCTYPE paula SYSTEM "paula_mark.dtd">
<paula version="1.0">

<header paula_id="AP.177.ephraim_lb_nSeg"/>

<markList xmlns:xlink="http://www.w3.org/1999/xlink" type="lb_nSeg" xml:base="AP.177.ephraim.tok.xml">
<mark id="lb_n_1" xlink:href="#xpointer(id('tok_1')/range-to(id('tok_2')))"/><!-- .... -->
<mark id="lb_n_3" xlink:href="#xpointer(id('tok_3')/range-to(id('tok_8')))"/><!-- Ⲉ...Ⲫ -->
<mark id="lb_n_9" xlink:href="#xpointer(id('tok_9')/range-to(id('tok_13')))"/><!-- ⲣⲉⲙ...ϣⲏⲙ -->
<mark id="lb_n_14" xlink:href="#xpointer(id('tok_14')/range-to(id('tok_23')))"/><!-- ⲁ...ⲩ -->
<mark id="lb_n_24" xlink:href="#xpointer(id('tok_24')/range-to(id('tok_29')))"/><!-- ϭⲱⲗⲡ̇...ⲩ -->
<mark id="lb_n_30" xlink:href="#xpointer(id('tok_30')/range-to(id('tok_34')))"/><!-- ⲃⲱ...ϩⲙ̇ -->
<mark id="lb_n_35" xlink:href="#xpointer(id('tok_35')/range-to(id('tok_40')))"/><!-- ⲡⲉϥ...ⲥ -->
<mark id="lb_n_41" xlink:href="#xpointer(id('tok_41')/range-to(id('tok_46')))"/><!-- ⲁ̇ⲩⲝⲁⲛⲉ...ⲕⲁϩ -->
<mark id="lb_n_47" xlink:href="#xpointer(id('tok_47')/range-to(id('tok_53')))"/><!-- ⲧⲏⲣ...ⲛⲁⲛⲟⲩ -->
<mark id="lb_n_54" xlink:href="#xpointer(id('tok_54')/range-to(id('tok_56')))"/><!-- ⲡⲉⲥ...ⲙ̇ⲙⲁⲧⲉ -->
<mark id="lb_n_57" xlink:href="#xpointer(id('tok_57')/range-to(id('tok_64')))"/><!-- Ⲁ...ϩⲁⲗⲁⲁ̇ -->
<mark id="lb_n_65" xlink:href="#xpointer(id('tok_65')/range-to(id('tok_70')))"/><!-- ⲧⲉ...ⲡⲉ -->
<mark id="lb_n_71" xlink:href="#xpointer(id('tok_71')/range-to(id('tok_77')))"/><!-- ⲁ̇...ⲕⲁⲣ -->
<mark id="lb_n_78" xlink:href="#xpointer(id('tok_78')/range-to(id('tok_82')))"/><!-- ⲡⲟⲥ...ⲉ -->
<mark id="lb_n_83" xlink:href="#xpointer(id('tok_83')/range-to(id('tok_89')))"/><!-- Ⲧ...ⲧ -->
<mark id="lb_n_90" xlink:href="#xpointer(id('tok_90')/range-to(id('tok_95')))"/><!-- ⲃⲱ...ϯ -->
<mark id="lb_n_96" xlink:href="#xpointer(id('tok_96')/range-to(id('tok_101')))"/><!-- ⲟⲩⲱ̇...ⲥⲟⲡ -->
<mark id="lb_n_102" xlink:href="#xpointer(id('tok_102')/range-to(id('tok_104')))"/><!-- ⲛ̇...:ⲻ -->
</markList>
</paula>
