<?xml version="1.0" encoding="UTF-8" standalone="no"?>

<!DOCTYPE paula SYSTEM "paula_feat.dtd">
<paula version="1.0">

<header paula_id="AP.53.ammona_source_lang"/>

<featList xmlns:xlink="http://www.w3.org/1999/xlink" type="source_lang" xml:base="AP.53.ammona.source_langSeg.xml">
<feat xlink:href="#source_lang_31" value="Greek"/><!-- Ⲫ -->
<feat xlink:href="#source_lang_40" value="Greek"/><!-- ⲇⲉ -->
<feat xlink:href="#source_lang_55" value="Greek"/><!-- Ⲫ -->
<feat xlink:href="#source_lang_88" value="Greek"/><!-- ⲉⲛⲱⲭⲗⲉⲓ̇ -->
<feat xlink:href="#source_lang_155" value="Greek"/><!-- ⲁ̇ⲗⲗⲁ -->
<feat xlink:href="#source_lang_180" value="Greek"/><!-- ⲧⲉⲗⲱⲛⲏⲥ -->
</featList>
</paula>
