<?xml version="1.0" encoding="UTF-8" standalone="no"?>

<!DOCTYPE paula SYSTEM "paula_mark.dtd">
<paula version="1.0">

<header paula_id="AP.53.ammona_coptic_sentSeg"/>

<markList xmlns:xlink="http://www.w3.org/1999/xlink" type="coptic_sentSeg" xml:base="AP.53.ammona.tok.xml">
<mark id="coptic_sent_6" xlink:href="#xpointer(id('tok_6')/range-to(id('tok_16')))"/><!-- Ⲁ...ϫⲉ -->
<mark id="coptic_sent_17" xlink:href="#xpointer(id('tok_17')/range-to(id('tok_28')))"/><!-- ⲛⲉ...· -->
<mark id="coptic_sent_29" xlink:href="#xpointer(id('tok_29')/range-to(id('tok_36')))"/><!-- ⲉ̇...·ⲻ -->
<mark id="coptic_sent_37" xlink:href="#xpointer(id('tok_37')/range-to(id('tok_44')))"/><!-- Ⲁ...ⲛⲁ -->
<mark id="coptic_sent_45" xlink:href="#xpointer(id('tok_45')/range-to(id('tok_52')))"/><!-- ⲁ̇...ϩⲗ̇ⲗⲟ -->
<mark id="coptic_sent_53" xlink:href="#xpointer(id('tok_53')/range-to(id('tok_60')))"/><!-- ⲉ̇...· -->
<mark id="coptic_sent_61" xlink:href="#xpointer(id('tok_61')/range-to(id('tok_65')))"/><!-- ⲡⲉϫⲁ...ϫⲉ -->
<mark id="coptic_sent_66" xlink:href="#xpointer(id('tok_66')/range-to(id('tok_76')))"/><!-- ⲛ̇...·ⲻ -->
<mark id="coptic_sent_77" xlink:href="#xpointer(id('tok_77')/range-to(id('tok_83')))"/><!-- Ⲁ...ϫⲉ -->
<mark id="coptic_sent_84" xlink:href="#xpointer(id('tok_84')/range-to(id('tok_91')))"/><!-- ⲟⲩⲛ̇...· -->
<mark id="coptic_sent_92" xlink:href="#xpointer(id('tok_92')/range-to(id('tok_100')))"/><!-- ⲏ̇...· -->
<mark id="coptic_sent_101" xlink:href="#xpointer(id('tok_101')/range-to(id('tok_115')))"/><!-- ⲏ̇...ⲧ̇ -->
<mark id="coptic_sent_116" xlink:href="#xpointer(id('tok_116')/range-to(id('tok_135')))"/><!-- ⲏ̇...·ⲻ -->
<mark id="coptic_sent_136" xlink:href="#xpointer(id('tok_136')/range-to(id('tok_144')))"/><!-- Ⲡ...ϫⲉ -->
<mark id="coptic_sent_145" xlink:href="#xpointer(id('tok_145')/range-to(id('tok_154')))"/><!-- ⲙⲛ̇...· -->
<mark id="coptic_sent_155" xlink:href="#xpointer(id('tok_155')/range-to(id('tok_188')))"/><!-- ⲁ̇ⲗⲗⲁ...· -->
<mark id="coptic_sent_189" xlink:href="#xpointer(id('tok_189')/range-to(id('tok_195')))"/><!-- ⲁⲩⲱ̇...·ⲻ -->
</markList>
</paula>
