<?xml version="1.0" encoding="UTF-8" standalone="no"?>

<!DOCTYPE paula SYSTEM "paula_feat.dtd">
<paula version="1.0">

<header paula_id="Mark_5_verse"/>

<featList xmlns:xlink="http://www.w3.org/1999/xlink" type="verse" xml:base="Mark_5.verseSeg.xml">
<feat xlink:href="#verse_1" value="Mark 5:1"/><!-- ⲁⲩⲱ -->
<feat xlink:href="#verse_17" value="Mark 5:2"/><!-- ⲁⲩⲱ -->
<feat xlink:href="#verse_49" value="Mark 5:3"/><!-- ⲉ -->
<feat xlink:href="#verse_67" value="Mark 5:4"/><!-- ϫⲉ -->
<feat xlink:href="#verse_100" value="Mark 5:5"/><!-- ⲁⲩⲱ -->
<feat xlink:href="#verse_132" value="Mark 5:6"/><!-- ⲛⲧⲉⲣⲉ -->
<feat xlink:href="#verse_154" value="Mark 5:7"/><!-- ⲁ -->
<feat xlink:href="#verse_197" value="Mark 5:8"/><!-- ⲛⲉⲣⲉ -->
<feat xlink:href="#verse_216" value="Mark 5:9"/><!-- ⲁⲩⲱ -->
<feat xlink:href="#verse_240" value="Mark 5:10"/><!-- ⲁⲩⲱ -->
<feat xlink:href="#verse_256" value="Mark 5:11"/><!-- ⲛⲉ -->
<feat xlink:href="#verse_280" value="Mark 5:12"/><!-- ⲁⲩⲱ -->
<feat xlink:href="#verse_299" value="Mark 5:13"/><!-- ⲁⲩⲱ -->
<feat xlink:href="#verse_351" value="Mark 5:14"/><!-- ⲛ -->
<feat xlink:href="#verse_383" value="Mark 5:15"/><!-- ⲁ -->
<feat xlink:href="#verse_427" value="Mark 5:16"/><!-- ⲛ -->
<feat xlink:href="#verse_455" value="Mark 5:17"/><!-- ⲁ -->
<feat xlink:href="#verse_468" value="Mark 5:18"/><!-- ⲁⲩⲱ -->
<feat xlink:href="#verse_493" value="Mark 5:19"/><!-- ⲁⲩⲱ -->
<feat xlink:href="#verse_528" value="Mark 5:20"/><!-- ⲉ -->
<feat xlink:href="#verse_562" value="Mark 5:21"/><!-- ⲛⲧⲉⲣⲉ -->
<feat xlink:href="#verse_593" value="Mark 5:22"/><!-- ⲁⲩⲱ -->
<feat xlink:href="#verse_619" value="Mark 5:23"/><!-- ⲁⲩⲱ -->
<feat xlink:href="#verse_654" value="Mark 5:24"/><!-- ⲁ -->
<feat xlink:href="#verse_680" value="Mark 5:25"/><!-- ⲁⲩⲱ -->
<feat xlink:href="#verse_694" value="Mark 5:26"/><!-- ⲁⲩⲱ -->
<feat xlink:href="#verse_735" value="Mark 5:27"/><!-- ⲛⲧⲉⲣⲉ -->
<feat xlink:href="#verse_761" value="Mark 5:28"/><!-- ⲁ -->
<feat xlink:href="#verse_776" value="Mark 5:29"/><!-- ⲁⲩⲱ -->
<feat xlink:href="#verse_808" value="Mark 5:30"/><!-- ⲓⲏⲥⲟⲩⲥ -->
<feat xlink:href="#verse_852" value="Mark 5:31"/><!-- ⲡⲉϫⲉ -->
<feat xlink:href="#verse_882" value="Mark 5:32"/><!-- ⲁ -->
<feat xlink:href="#verse_895" value="Mark 5:33"/><!-- ⲧⲉ -->
<feat xlink:href="#verse_935" value="Mark 5:34"/><!-- ⲛⲧⲟϥ -->
<feat xlink:href="#verse_963" value="Mark 5:35"/><!-- ⲉⲧⲓ -->
<feat xlink:href="#verse_1002" value="Mark 5:36"/><!-- ⲓⲏⲥⲟⲩⲥ -->
<feat xlink:href="#verse_1025" value="Mark 5:37"/><!-- ⲁⲩⲱ -->
<feat xlink:href="#verse_1046" value="Mark 5:38"/><!-- ⲁⲩⲱ -->
<feat xlink:href="#verse_1074" value="Mark 5:39"/><!-- ⲛⲧⲉⲣⲉ -->
<feat xlink:href="#verse_1103" value="Mark 5:40"/><!-- ⲁ -->
<feat xlink:href="#verse_1148" value="Mark 5:41"/><!-- ⲁⲩⲱ -->
<feat xlink:href="#verse_1183" value="Mark 5:42"/><!-- ⲁⲩⲱ -->
<feat xlink:href="#verse_1217" value="Mark 5:43"/><!-- ⲁ -->
</featList>
</paula>
