<?xml version="1.0" encoding="UTF-8" standalone="no"?>

<!DOCTYPE paula SYSTEM "paula_mark.dtd">
<paula version="1.0">

<header paula_id="A22.YA517-518_posSeg"/>

<markList xmlns:xlink="http://www.w3.org/1999/xlink" type="posSeg" xml:base="A22.YA517-518.tok.xml">
<mark id="pos_1" xlink:href="#tok_1"/><!-- […..]ⲉ̣ⲁ -->
<mark id="pos_2" xlink:href="#tok_2"/><!-- ⲙⲕⲁϩ -->
<mark id="pos_3" xlink:href="#tok_3"/><!-- [.....] -->
<mark id="pos_4" xlink:href="#tok_4"/><!-- ⲉⲙⲁⲧⲉ⳿ -->
<mark id="pos_5" xlink:href="#tok_5"/><!-- [.....]ⲩⲟ -->
<mark id="pos_6" xlink:href="#tok_6"/><!-- ⲉ -->
<mark id="pos_7" xlink:href="#tok_7"/><!-- ⲙⲕⲁϩ -->
<mark id="pos_8" xlink:href="#tok_8"/><!-- [ⲛⲓ]ⲙ -->
<mark id="pos_9" xlink:href="#tok_9"/><!-- ⲉ -->
<mark id="pos_10" xlink:href="#tok_10"/><!-- ϥ -->
<mark id="pos_11" xlink:href="#tok_11"/><!-- ϩⲣⲁⲓ̈ -->
<mark id="pos_12" xlink:href="#xpointer(id('tok_12')/range-to(id('tok_13')))"/><!-- ϩⲓ...ϫⲱ -->
<mark id="pos_14" xlink:href="#tok_14"/><!-- ⲓ̈ -->
<mark id="pos_15" xlink:href="#tok_15"/><!-- · -->
<mark id="pos_16" xlink:href="#tok_16"/><!-- ⲉⲧⲃⲉ -->
<mark id="pos_17" xlink:href="#tok_17"/><!-- Ⲛ̣̄ -->
<mark id="pos_18" xlink:href="#tok_18"/><!-- ϣⲉⲉⲣⲉ -->
<mark id="pos_19" xlink:href="#tok_19"/><!-- ⲇⲉ -->
<mark id="pos_20" xlink:href="#tok_20"/><!-- ϣⲏⲙ⳿ -->
<mark id="pos_21" xlink:href="#tok_21"/><!-- ⲛ̄ⲧ -->
<mark id="pos_22" xlink:href="#tok_22"/><!-- ⲁ -->
<mark id="pos_23" xlink:href="#tok_23"/><!-- ⲛ -->
<mark id="pos_24" xlink:href="#tok_24"/><!-- ⲥⲱⲧ︤ⲙ︥ -->
<mark id="pos_25" xlink:href="#xpointer(id('tok_25')/range-to(id('tok_26')))"/><!-- ⲉ...ⲧⲃⲏⲏⲧ -->
<mark id="pos_27" xlink:href="#tok_27"/><!-- ⲟⲩ -->
<mark id="pos_28" xlink:href="#tok_28"/><!-- · -->
<mark id="pos_29" xlink:href="#tok_29"/><!-- ϫⲉ -->
<mark id="pos_30" xlink:href="#tok_30"/><!-- ⲥⲉ -->
<mark id="pos_31" xlink:href="#tok_31"/><!-- ⲛⲁ -->
<mark id="pos_32" xlink:href="#tok_32"/><!-- ⲡⲱⲧ⳿ -->
<mark id="pos_33" xlink:href="#tok_33"/><!-- ⲉϩⲟⲩ⳯ -->
<mark id="pos_34" xlink:href="#tok_34"/><!-- ⲉ -->
<mark id="pos_35" xlink:href="#tok_35"/><!-- ⲛⲉⲩ -->
<mark id="pos_36" xlink:href="#tok_36"/><!-- ⲉⲣⲏⲩ⳿ -->
<mark id="pos_37" xlink:href="#tok_37"/><!-- ϩ︤ⲛ︥ -->
<mark id="pos_38" xlink:href="#tok_38"/><!-- ⲟⲩⲱϣ -->
<mark id="pos_39" xlink:href="#tok_39"/><!-- ⲛ -->
<mark id="pos_40" xlink:href="#xpointer(id('tok_40')/range-to(id('tok_41')))"/><!-- ⲥⲁⲣ...ⲕⲓⲕⲟⲛ -->
<mark id="pos_42" xlink:href="#tok_42"/><!-- · -->
<mark id="pos_43" xlink:href="#tok_43"/><!-- ⲙⲁ -->
<mark id="pos_44" xlink:href="#xpointer(id('tok_44')/range-to(id('tok_45')))"/><!-- ⲧⲁ...ⲙⲟ -->
<mark id="pos_46" xlink:href="#tok_46"/><!-- ⲓ̈ -->
<mark id="pos_47" xlink:href="#tok_47"/><!-- ⲉⲧⲃⲏⲏⲧ -->
<mark id="pos_48" xlink:href="#tok_48"/><!-- ⲟⲩ -->
<mark id="pos_49" xlink:href="#tok_49"/><!-- ϩ︤ⲛ︥ -->
<mark id="pos_50" xlink:href="#tok_50"/><!-- ⲟⲩ -->
<mark id="pos_51" xlink:href="#tok_51"/><!-- ⲱⲣ︤ϫ︥⳿ -->
<mark id="pos_52" xlink:href="#tok_52"/><!-- ϫⲉ -->
<mark id="pos_53" xlink:href="#tok_53"/><!-- ⲉⲓ̈ⲉ -->
<mark id="pos_54" xlink:href="#tok_54"/><!-- ⲉⲓⲙⲉ -->
<mark id="pos_55" xlink:href="#tok_55"/><!-- ⲁⲩⲱ -->
<mark id="pos_56" xlink:href="#tok_56"/><!-- ϯ -->
<mark id="pos_57" xlink:href="#tok_57"/><!-- ⲛⲁ -->
<mark id="pos_58" xlink:href="#tok_58"/><!-- ⲧⲁⲙⲱ -->
<mark id="pos_59" xlink:href="#tok_59"/><!-- ⲧ︤ⲛ︥ -->
<mark id="pos_60" xlink:href="#tok_60"/><!-- ϫⲉ -->
<mark id="pos_61" xlink:href="#tok_61"/><!-- ⲉ -->
<mark id="pos_62" xlink:href="#tok_62"/><!-- ⲧⲉⲧ -->
<mark id="pos_63" xlink:href="#tok_63"/><!-- ⲛⲁ -->
<mark id="pos_64" xlink:href="#tok_64"/><!-- ⲣ -->
<mark id="pos_65" xlink:href="#tok_65"/><!-- ⲟ᷍ⲩ -->
<mark id="pos_66" xlink:href="#tok_66"/><!-- ⲛⲁ -->
<mark id="pos_67" xlink:href="#tok_67"/><!-- ⲩ -->
<mark id="pos_68" xlink:href="#tok_68"/><!-- · -->
<mark id="pos_69" xlink:href="#tok_69"/><!-- Ⲉⲧⲃⲉ -->
<mark id="pos_70" xlink:href="#tok_70"/><!-- ⲧⲁⲓ̈ -->
<mark id="pos_71" xlink:href="#tok_71"/><!-- ⲇⲉ -->
<mark id="pos_72" xlink:href="#tok_72"/><!-- ⲟⲛ -->
<mark id="pos_73" xlink:href="#tok_73"/><!-- ⲛ̄ⲧⲁ -->
<mark id="pos_74" xlink:href="#tok_74"/><!-- ⲧⲉⲧ︤ⲛ︥ -->
<mark id="pos_75" xlink:href="#xpointer(id('tok_75')/range-to(id('tok_76')))"/><!-- ϫⲟ...ⲟ -->
<mark id="pos_77" xlink:href="#tok_77"/><!-- ⲥ⳿ -->
<mark id="pos_78" xlink:href="#tok_78"/><!-- ⲉⲧⲃⲏⲏⲧ︤ -->
<mark id="pos_79" xlink:href="#tok_79"/><!-- ⲥ︥ -->
<mark id="pos_80" xlink:href="#tok_80"/><!-- ⲉ -->
<mark id="pos_81" xlink:href="#tok_81"/><!-- ⲧⲣⲉ -->
<mark id="pos_82" xlink:href="#tok_82"/><!-- ⲥ -->
<mark id="pos_83" xlink:href="#tok_83"/><!-- ⲃⲱⲕ⳿ -->
<mark id="pos_84" xlink:href="#tok_84"/><!-- ⲉ -->
<mark id="pos_85" xlink:href="#tok_85"/><!-- ⲡ -->
<mark id="pos_86" xlink:href="#tok_86"/><!-- ⲙⲁ⳿ -->
<mark id="pos_87" xlink:href="#tok_87"/><!-- ⲛ̄ⲧ -->
<mark id="pos_88" xlink:href="#tok_88"/><!-- ⲁ -->
<mark id="pos_89" xlink:href="#xpointer(id('tok_89')/range-to(id('tok_90')))"/><!-- ⲧⲉ...ⲧ︤ⲛ︥ -->
<mark id="pos_91" xlink:href="#tok_91"/><!-- ⲧⲟϣ︤ -->
<mark id="pos_92" xlink:href="#tok_92"/><!-- ϥ︥ -->
<mark id="pos_93" xlink:href="#tok_93"/><!-- ⲛⲁ -->
<mark id="pos_94" xlink:href="#tok_94"/><!-- ⲥ -->
<mark id="pos_95" xlink:href="#tok_95"/><!-- ⲉ -->
<mark id="pos_96" xlink:href="#tok_96"/><!-- ⲧⲣⲉ -->
<mark id="pos_97" xlink:href="#tok_97"/><!-- ⲥ -->
<mark id="pos_98" xlink:href="#tok_98"/><!-- ⲣ̄ -->
<mark id="pos_99" xlink:href="#tok_99"/><!-- ⲡⲉⲥ -->
<mark id="pos_100" xlink:href="#tok_100"/><!-- ϩⲱⲃ⳿ -->
<mark id="pos_101" xlink:href="#tok_101"/><!-- ⲛ̄ϩⲏⲧ︤ -->
<mark id="pos_102" xlink:href="#tok_102"/><!-- ϥ︥ -->
<mark id="pos_103" xlink:href="#tok_103"/><!-- ⲉ -->
<mark id="pos_104" xlink:href="#tok_104"/><!-- ⲁ -->
<mark id="pos_105" xlink:href="#tok_105"/><!-- ⲥ -->
<mark id="pos_106" xlink:href="#tok_106"/><!-- ϫⲟⲟ -->
<mark id="pos_107" xlink:href="#tok_107"/><!-- ⲥ -->
<mark id="pos_108" xlink:href="#tok_108"/><!-- ⲛⲏ -->
<mark id="pos_109" xlink:href="#tok_109"/><!-- ⲧ︤ⲛ︥ -->
<mark id="pos_110" xlink:href="#tok_110"/><!-- ϫⲉ -->
<mark id="pos_111" xlink:href="#tok_111"/><!-- ⲉϣϫⲉ -->
<mark id="pos_112" xlink:href="#tok_112"/><!-- ⲧⲉⲧ -->
<mark id="pos_113" xlink:href="#tok_113"/><!-- ⲛⲁ -->
<mark id="pos_114" xlink:href="#tok_114"/><!-- ⲛ︤ⲧ︥ -->
<mark id="pos_115" xlink:href="#xpointer(id('tok_115')/range-to(id('tok_116')))"/><!-- ⲉ...ⲃⲟⲗ -->
<mark id="pos_117" xlink:href="#tok_117"/><!-- ϩ︤ⲙ︥ -->
<mark id="pos_118" xlink:href="#tok_118"/><!-- ⲡⲉⲓ̈ -->
<mark id="pos_119" xlink:href="#tok_119"/><!-- ⲙⲁ -->
<mark id="pos_120" xlink:href="#tok_120"/><!-- ⲉ -->
<mark id="pos_121" xlink:href="#tok_121"/><!-- ⲡⲁⲓ̈ -->
<mark id="pos_122" xlink:href="#tok_122"/><!-- ⲛ̣ -->
<mark id="pos_123" xlink:href="#tok_123"/><!-- ϯ̣ -->
<mark id="pos_124" xlink:href="#tok_124"/><!-- ⲛⲁ -->
<mark id="pos_125" xlink:href="#xpointer(id('tok_125')/range-to(id('tok_126')))"/><!-- ⲣ̄...ϩⲱⲃ -->
<mark id="pos_127" xlink:href="#tok_127"/><!-- ⲁ[ⲛ̣] -->
<mark id="pos_128" xlink:href="#tok_128"/><!-- ⲉ -->
<mark id="pos_129" xlink:href="#tok_129"/><!-- ⲡ -->
<mark id="pos_130" xlink:href="#xpointer(id('tok_130')/range-to(id('tok_132')))"/><!-- ϩ...ⲃ -->
<mark id="pos_133" xlink:href="#tok_133"/><!-- ⲉ -->
<mark id="pos_134" xlink:href="#tok_134"/><!-- ϯ -->
<mark id="pos_135" xlink:href="#xpointer(id('tok_135')/range-to(id('tok_136')))"/><!-- ⲣ̄...ϩⲱⲃ -->
<mark id="pos_137" xlink:href="#tok_137"/><!-- ⲉⲣⲟ -->
<mark id="pos_138" xlink:href="#tok_138"/><!-- ϥ -->
<mark id="pos_139" xlink:href="#tok_139"/><!-- · -->
<mark id="pos_140" xlink:href="#tok_140"/><!-- ⲁⲩⲱ -->
<mark id="pos_141" xlink:href="#tok_141"/><!-- ⲉϣⲱⲡⲉ -->
<mark id="pos_142" xlink:href="#tok_142"/><!-- ⲙ̄ⲡ︤ -->
<mark id="pos_143" xlink:href="#tok_143"/><!-- ⲥ︥ -->
<mark id="pos_144" xlink:href="#tok_144"/><!-- ⲣ̄ϩⲛⲁ -->
<mark id="pos_145" xlink:href="#tok_145"/><!-- ⲥ⳿ -->
<mark id="pos_146" xlink:href="#xpointer(id('tok_146')/range-to(id('tok_147')))"/><!-- ⲛⲁ...ⲙⲉ⳿ -->
<mark id="pos_148" xlink:href="#tok_148"/><!-- · -->
<mark id="pos_149" xlink:href="#tok_149"/><!-- ⲉⲓ̈ⲉ -->
<mark id="pos_150" xlink:href="#tok_150"/><!-- ⲁϫⲓ -->
<mark id="pos_151" xlink:href="#tok_151"/><!-- ⲥ -->
<mark id="pos_152" xlink:href="#tok_152"/><!-- ⲟⲛ -->
<mark id="pos_153" xlink:href="#tok_153"/><!-- ⲉⲣⲟ -->
<mark id="pos_154" xlink:href="#tok_154"/><!-- ⲓ̈⳿ -->
<mark id="pos_155" xlink:href="#tok_155"/><!-- ϯ -->
<mark id="pos_156" xlink:href="#tok_156"/><!-- ⲛⲁ -->
<mark id="pos_157" xlink:href="#tok_157"/><!-- ⲧⲥⲁⲃⲱ -->
<mark id="pos_158" xlink:href="#tok_158"/><!-- ⲧ︤ⲛ︥ -->
<mark id="pos_159" xlink:href="#tok_159"/><!-- ⲉ -->
<mark id="pos_160" xlink:href="#tok_160"/><!-- ⲡ -->
<mark id="pos_161" xlink:href="#tok_161"/><!-- ⲉⲧ -->
<mark id="pos_162" xlink:href="#tok_162"/><!-- ⲉⲧ -->
<mark id="pos_163" xlink:href="#tok_163"/><!-- ⲛⲁ -->
<mark id="pos_164" xlink:href="#xpointer(id('tok_164')/range-to(id('tok_165')))"/><!-- ⲁ...ⲁ -->
<mark id="pos_166" xlink:href="#tok_166"/><!-- ϥ⳿ -->
<mark id="pos_167" xlink:href="#tok_167"/><!-- ⲛⲁ -->
<mark id="pos_168" xlink:href="#tok_168"/><!-- ⲥ -->
<mark id="pos_169" xlink:href="#tok_169"/><!-- · -->
<mark id="pos_170" xlink:href="#tok_170"/><!-- Ⲛ̄ⲧⲱⲧ︤ⲛ︥ -->
<mark id="pos_171" xlink:href="#tok_171"/><!-- ⲇⲉ -->
<mark id="pos_172" xlink:href="#tok_172"/><!-- ⲧⲏⲣ -->
<mark id="pos_173" xlink:href="#tok_173"/><!-- ⲧ︤ⲛ︥ -->
<mark id="pos_174" xlink:href="#xpointer(id('tok_174')/range-to(id('tok_175')))"/><!-- ⲉⲧⲉⲧ︤ⲛ︥...ϣⲁⲛ -->
<mark id="pos_176" xlink:href="#tok_176"/><!-- ϩⲱⲡ⳿ -->
<mark id="pos_177" xlink:href="#xpointer(id('tok_177')/range-to(id('tok_178')))"/><!-- ⲉ...ⲣⲟ -->
<mark id="pos_179" xlink:href="#tok_179"/><!-- ⲛ⳿ -->
<mark id="pos_180" xlink:href="#tok_180"/><!-- ⲛ̄ -->
<mark id="pos_181" xlink:href="#tok_181"/><!-- ⲟⲩ -->
<mark id="pos_182" xlink:href="#tok_182"/><!-- ϩⲱⲃ -->
<mark id="pos_183" xlink:href="#tok_183"/><!-- ⲛ̄ -->
<mark id="pos_184" xlink:href="#tok_184"/><!-- ⲕⲣⲟϥ -->
<mark id="pos_185" xlink:href="#tok_185"/><!-- ϩⲁ -->
<mark id="pos_186" xlink:href="#tok_186"/><!-- ⲧ︤ⲛ︥ -->
<mark id="pos_187" xlink:href="#tok_187"/><!-- ⲧⲏⲩⲧ︤ⲛ︥ -->
<mark id="pos_188" xlink:href="#tok_188"/><!-- ⲉ -->
<mark id="pos_189" xlink:href="#tok_189"/><!-- ⲧ︤ⲙ︥ -->
<mark id="pos_190" xlink:href="#tok_190"/><!-- ⲧⲣⲉ -->
<mark id="pos_191" xlink:href="#tok_191"/><!-- ⲧ︤ⲛ︥ -->
<mark id="pos_192" xlink:href="#xpointer(id('tok_192')/range-to(id('tok_193')))"/><!-- ⲧⲁ...ⲙⲟ -->
<mark id="pos_194" xlink:href="#tok_194"/><!-- ⲛ⳿ -->
<mark id="pos_195" xlink:href="#tok_195"/><!-- ⲉⲣⲟ -->
<mark id="pos_196" xlink:href="#tok_196"/><!-- ϥ -->
<mark id="pos_197" xlink:href="#tok_197"/><!-- · -->
<mark id="pos_198" xlink:href="#tok_198"/><!-- ⲉ -->
<mark id="pos_199" xlink:href="#tok_199"/><!-- ⲧⲉⲧ︤ⲛ︥ -->
<mark id="pos_200" xlink:href="#xpointer(id('tok_200')/range-to(id('tok_201')))"/><!-- ⲧⲟⲩ...ⲛⲟⲥ -->
<mark id="pos_202" xlink:href="#tok_202"/><!-- ⲙ̄ -->
<mark id="pos_203" xlink:href="#tok_203"/><!-- ⲡ -->
<mark id="pos_204" xlink:href="#xpointer(id('tok_204')/range-to(id('tok_205')))"/><!-- ⲥⲁⲧⲁ...ⲛⲁⲥ⳿ -->
<mark id="pos_206" xlink:href="#tok_206"/><!-- ⲉϩⲣⲁⲓ̈ -->
<mark id="pos_207" xlink:href="#xpointer(id('tok_207')/range-to(id('tok_208')))"/><!-- ⲉ...ϫⲱ -->
<mark id="pos_209" xlink:href="#tok_209"/><!-- ⲧ︤ⲛ︥ -->
<mark id="pos_210" xlink:href="#xpointer(id('tok_210')/range-to(id('tok_211')))"/><!-- ⲙ̄ⲙⲓⲛ⳿...ⲙ̄ⲙⲱ -->
<mark id="pos_212" xlink:href="#tok_212"/><!-- ⲧ︤ⲛ︥ -->
<mark id="pos_213" xlink:href="#tok_213"/><!-- · -->
<mark id="pos_214" xlink:href="#tok_214"/><!-- ⲁⲩⲱ -->
<mark id="pos_215" xlink:href="#tok_215"/><!-- ⲉ -->
<mark id="pos_216" xlink:href="#tok_216"/><!-- ⲧⲉⲧ︤ⲛ︥ -->
<mark id="pos_217" xlink:href="#tok_217"/><!-- ⲕⲧⲟ -->
<mark id="pos_218" xlink:href="#tok_218"/><!-- ⲉⲃⲟⲗ -->
<mark id="pos_219" xlink:href="#tok_219"/><!-- ⲙ̄ⲙⲱ -->
<mark id="pos_220" xlink:href="#tok_220"/><!-- ⲧ︤ⲛ︥ -->
<mark id="pos_221" xlink:href="#tok_221"/><!-- ⲛ̄ -->
<mark id="pos_222" xlink:href="#tok_222"/><!-- ⲧ -->
<mark id="pos_223" xlink:href="#tok_223"/><!-- ⲃⲟⲏⲑⲓⲁ⳿ -->
<mark id="pos_224" xlink:href="#tok_224"/><!-- ⲙ -->
<mark id="pos_225" xlink:href="#tok_225"/><!-- ⲡ -->
<mark id="pos_226" xlink:href="#tok_226"/><!-- ⲛⲟⲩⲧⲉ⳿ -->
<mark id="pos_227" xlink:href="#xpointer(id('tok_227')/range-to(id('tok_228')))"/><!-- ⲙⲁⲩ...ⲁⲧ -->
<mark id="pos_229" xlink:href="#tok_229"/><!-- ⲧⲏⲩⲧ︤ⲛ︥ -->
<mark id="pos_230" xlink:href="#tok_230"/><!-- · -->
<mark id="pos_231" xlink:href="#tok_231"/><!-- ⲉⲓⲥ -->
<mark id="pos_232" xlink:href="#tok_232"/><!-- ⲡ -->
<mark id="pos_233" xlink:href="#tok_233"/><!-- ϩ̄ⲗ̄ⲗⲟ⳿ -->
<mark id="pos_234" xlink:href="#tok_234"/><!-- ⲁ -->
<mark id="pos_235" xlink:href="#tok_235"/><!-- ⲓ̈ -->
<mark id="pos_236" xlink:href="#xpointer(id('tok_236')/range-to(id('tok_237')))"/><!-- ⲧ︤ⲛ︥...ⲛⲟⲟⲩ -->
<mark id="pos_238" xlink:href="#tok_238"/><!-- ϥ -->
<mark id="pos_239" xlink:href="#tok_239"/><!-- ϣⲁⲣⲱ -->
<mark id="pos_240" xlink:href="#tok_240"/><!-- ⲧ︤ⲛ︥ -->
<mark id="pos_241" xlink:href="#tok_241"/><!-- ⲙ̄ -->
<mark id="pos_242" xlink:href="#tok_242"/><!-- ⲡⲉⲓ -->
<mark id="pos_243" xlink:href="#tok_243"/><!-- ⲕⲉ -->
<mark id="pos_244" xlink:href="#tok_244"/><!-- ⲥⲟⲡ[.] -->
<mark id="pos_245" xlink:href="#tok_245"/><!-- ⲛ -->
<mark id="pos_246" xlink:href="#tok_246"/><!-- ϩⲟⲥⲟ⳯ -->
<mark id="pos_247" xlink:href="#tok_247"/><!-- ⲉ -->
<mark id="pos_248" xlink:href="#tok_248"/><!-- ⲛ -->
<mark id="pos_249" xlink:href="#tok_249"/><!-- ϣ[ⲟ]ⲟⲡ -->
<mark id="pos_250" xlink:href="#tok_250"/><!-- : -->
<mark id="pos_251" xlink:href="#tok_251"/><!-- ⲻ -->
</markList>
</paula>
