<?xml version="1.0" encoding="UTF-8" standalone="no"?>

<!DOCTYPE paula SYSTEM "paula_mark.dtd">
<paula version="1.0">

<header paula_id="A22.YA517-518_dipl_wordSeg"/>

<markList xmlns:xlink="http://www.w3.org/1999/xlink" type="dipl_wordSeg" xml:base="A22.YA517-518.tok.xml">
<mark id="dipl_word_1" xlink:href="#tok_1"/><!-- […..]ⲉ̣ⲁ -->
<mark id="dipl_word_2" xlink:href="#tok_2"/><!-- ⲙⲕⲁϩ -->
<mark id="dipl_word_3" xlink:href="#tok_3"/><!-- [.....] -->
<mark id="dipl_word_4" xlink:href="#tok_4"/><!-- ⲉⲙⲁⲧⲉ⳿ -->
<mark id="dipl_word_5" xlink:href="#tok_5"/><!-- [.....]ⲩⲟ -->
<mark id="dipl_word_6" xlink:href="#xpointer(id('tok_6')/range-to(id('tok_7')))"/><!-- ⲉ...ⲙⲕⲁϩ -->
<mark id="dipl_word_8" xlink:href="#tok_8"/><!-- [ⲛⲓ]ⲙ -->
<mark id="dipl_word_9" xlink:href="#xpointer(id('tok_9')/range-to(id('tok_11')))"/><!-- ⲉ...ϩⲣⲁⲓ̈ -->
<mark id="dipl_word_12" xlink:href="#xpointer(id('tok_12')/range-to(id('tok_14')))"/><!-- ϩⲓ...ⲓ̈ -->
<mark id="dipl_word_15" xlink:href="#tok_15"/><!-- · -->
<mark id="dipl_word_16" xlink:href="#xpointer(id('tok_16')/range-to(id('tok_18')))"/><!-- ⲉⲧⲃⲉ...ϣⲉⲉⲣⲉ -->
<mark id="dipl_word_19" xlink:href="#tok_19"/><!-- ⲇⲉ -->
<mark id="dipl_word_20" xlink:href="#tok_20"/><!-- ϣⲏⲙ⳿ -->
<mark id="dipl_word_21" xlink:href="#xpointer(id('tok_21')/range-to(id('tok_24')))"/><!-- ⲛ̄ⲧ...ⲥⲱⲧ︤ⲙ︥ -->
<mark id="dipl_word_25" xlink:href="#xpointer(id('tok_25')/range-to(id('tok_28')))"/><!-- ⲉ...· -->
<mark id="dipl_word_29" xlink:href="#xpointer(id('tok_29')/range-to(id('tok_32')))"/><!-- ϫⲉ...ⲡⲱⲧ⳿ -->
<mark id="dipl_word_33" xlink:href="#tok_33"/><!-- ⲉϩⲟⲩ⳯ -->
<mark id="dipl_word_34" xlink:href="#xpointer(id('tok_34')/range-to(id('tok_36')))"/><!-- ⲉ...ⲉⲣⲏⲩ⳿ -->
<mark id="dipl_word_37" xlink:href="#xpointer(id('tok_37')/range-to(id('tok_38')))"/><!-- ϩ︤ⲛ︥...ⲟⲩⲱϣ -->
<mark id="dipl_word_39" xlink:href="#xpointer(id('tok_39')/range-to(id('tok_41')))"/><!-- ⲛ...ⲕⲓⲕⲟⲛ -->
<mark id="dipl_word_42" xlink:href="#tok_42"/><!-- · -->
<mark id="dipl_word_43" xlink:href="#xpointer(id('tok_43')/range-to(id('tok_46')))"/><!-- ⲙⲁ...ⲓ̈ -->
<mark id="dipl_word_47" xlink:href="#xpointer(id('tok_47')/range-to(id('tok_48')))"/><!-- ⲉⲧⲃⲏⲏⲧ...ⲟⲩ -->
<mark id="dipl_word_49" xlink:href="#xpointer(id('tok_49')/range-to(id('tok_51')))"/><!-- ϩ︤ⲛ︥...ⲱⲣ︤ϫ︥⳿ -->
<mark id="dipl_word_52" xlink:href="#xpointer(id('tok_52')/range-to(id('tok_54')))"/><!-- ϫⲉ...ⲉⲓⲙⲉ -->
<mark id="dipl_word_55" xlink:href="#tok_55"/><!-- ⲁⲩⲱ -->
<mark id="dipl_word_56" xlink:href="#xpointer(id('tok_56')/range-to(id('tok_59')))"/><!-- ϯ...ⲧ︤ⲛ︥ -->
<mark id="dipl_word_60" xlink:href="#xpointer(id('tok_60')/range-to(id('tok_65')))"/><!-- ϫⲉ...ⲟ᷍ⲩ -->
<mark id="dipl_word_66" xlink:href="#xpointer(id('tok_66')/range-to(id('tok_67')))"/><!-- ⲛⲁ...ⲩ -->
<mark id="dipl_word_68" xlink:href="#tok_68"/><!-- · -->
<mark id="dipl_word_69" xlink:href="#xpointer(id('tok_69')/range-to(id('tok_70')))"/><!-- Ⲉⲧⲃⲉ...ⲧⲁⲓ̈ -->
<mark id="dipl_word_71" xlink:href="#tok_71"/><!-- ⲇⲉ -->
<mark id="dipl_word_72" xlink:href="#tok_72"/><!-- ⲟⲛ -->
<mark id="dipl_word_73" xlink:href="#xpointer(id('tok_73')/range-to(id('tok_77')))"/><!-- ⲛ̄ⲧⲁ...ⲥ⳿ -->
<mark id="dipl_word_78" xlink:href="#xpointer(id('tok_78')/range-to(id('tok_79')))"/><!-- ⲉⲧⲃⲏⲏⲧ︤...ⲥ︥ -->
<mark id="dipl_word_80" xlink:href="#xpointer(id('tok_80')/range-to(id('tok_83')))"/><!-- ⲉ...ⲃⲱⲕ⳿ -->
<mark id="dipl_word_84" xlink:href="#xpointer(id('tok_84')/range-to(id('tok_86')))"/><!-- ⲉ...ⲙⲁ⳿ -->
<mark id="dipl_word_87" xlink:href="#xpointer(id('tok_87')/range-to(id('tok_92')))"/><!-- ⲛ̄ⲧ...ϥ︥ -->
<mark id="dipl_word_93" xlink:href="#xpointer(id('tok_93')/range-to(id('tok_94')))"/><!-- ⲛⲁ...ⲥ -->
<mark id="dipl_word_95" xlink:href="#xpointer(id('tok_95')/range-to(id('tok_100')))"/><!-- ⲉ...ϩⲱⲃ⳿ -->
<mark id="dipl_word_101" xlink:href="#xpointer(id('tok_101')/range-to(id('tok_102')))"/><!-- ⲛ̄ϩⲏⲧ︤...ϥ︥ -->
<mark id="dipl_word_103" xlink:href="#xpointer(id('tok_103')/range-to(id('tok_107')))"/><!-- ⲉ...ⲥ -->
<mark id="dipl_word_108" xlink:href="#xpointer(id('tok_108')/range-to(id('tok_109')))"/><!-- ⲛⲏ...ⲧ︤ⲛ︥ -->
<mark id="dipl_word_110" xlink:href="#xpointer(id('tok_110')/range-to(id('tok_114')))"/><!-- ϫⲉ...ⲛ︤ⲧ︥ -->
<mark id="dipl_word_115" xlink:href="#xpointer(id('tok_115')/range-to(id('tok_116')))"/><!-- ⲉ...ⲃⲟⲗ -->
<mark id="dipl_word_117" xlink:href="#xpointer(id('tok_117')/range-to(id('tok_119')))"/><!-- ϩ︤ⲙ︥...ⲙⲁ -->
<mark id="dipl_word_120" xlink:href="#xpointer(id('tok_120')/range-to(id('tok_121')))"/><!-- ⲉ...ⲡⲁⲓ̈ -->
<mark id="dipl_word_122" xlink:href="#xpointer(id('tok_122')/range-to(id('tok_126')))"/><!-- ⲛ̣...ϩⲱⲃ -->
<mark id="dipl_word_127" xlink:href="#tok_127"/><!-- ⲁ[ⲛ̣] -->
<mark id="dipl_word_128" xlink:href="#xpointer(id('tok_128')/range-to(id('tok_132')))"/><!-- ⲉ...ⲃ -->
<mark id="dipl_word_133" xlink:href="#xpointer(id('tok_133')/range-to(id('tok_136')))"/><!-- ⲉ...ϩⲱⲃ -->
<mark id="dipl_word_137" xlink:href="#xpointer(id('tok_137')/range-to(id('tok_138')))"/><!-- ⲉⲣⲟ...ϥ -->
<mark id="dipl_word_139" xlink:href="#tok_139"/><!-- · -->
<mark id="dipl_word_140" xlink:href="#tok_140"/><!-- ⲁⲩⲱ -->
<mark id="dipl_word_141" xlink:href="#tok_141"/><!-- ⲉϣⲱⲡⲉ -->
<mark id="dipl_word_142" xlink:href="#xpointer(id('tok_142')/range-to(id('tok_145')))"/><!-- ⲙ̄ⲡ︤...ⲥ⳿ -->
<mark id="dipl_word_146" xlink:href="#xpointer(id('tok_146')/range-to(id('tok_147')))"/><!-- ⲛⲁ...ⲙⲉ⳿ -->
<mark id="dipl_word_148" xlink:href="#tok_148"/><!-- · -->
<mark id="dipl_word_149" xlink:href="#xpointer(id('tok_149')/range-to(id('tok_151')))"/><!-- ⲉⲓ̈ⲉ...ⲥ -->
<mark id="dipl_word_152" xlink:href="#tok_152"/><!-- ⲟⲛ -->
<mark id="dipl_word_153" xlink:href="#xpointer(id('tok_153')/range-to(id('tok_154')))"/><!-- ⲉⲣⲟ...ⲓ̈⳿ -->
<mark id="dipl_word_155" xlink:href="#xpointer(id('tok_155')/range-to(id('tok_158')))"/><!-- ϯ...ⲧ︤ⲛ︥ -->
<mark id="dipl_word_159" xlink:href="#xpointer(id('tok_159')/range-to(id('tok_166')))"/><!-- ⲉ...ϥ⳿ -->
<mark id="dipl_word_167" xlink:href="#xpointer(id('tok_167')/range-to(id('tok_168')))"/><!-- ⲛⲁ...ⲥ -->
<mark id="dipl_word_169" xlink:href="#tok_169"/><!-- · -->
<mark id="dipl_word_170" xlink:href="#tok_170"/><!-- Ⲛ̄ⲧⲱⲧ︤ⲛ︥ -->
<mark id="dipl_word_171" xlink:href="#tok_171"/><!-- ⲇⲉ -->
<mark id="dipl_word_172" xlink:href="#xpointer(id('tok_172')/range-to(id('tok_173')))"/><!-- ⲧⲏⲣ...ⲧ︤ⲛ︥ -->
<mark id="dipl_word_174" xlink:href="#xpointer(id('tok_174')/range-to(id('tok_176')))"/><!-- ⲉⲧⲉⲧ︤ⲛ︥...ϩⲱⲡ⳿ -->
<mark id="dipl_word_177" xlink:href="#xpointer(id('tok_177')/range-to(id('tok_179')))"/><!-- ⲉ...ⲛ⳿ -->
<mark id="dipl_word_180" xlink:href="#xpointer(id('tok_180')/range-to(id('tok_182')))"/><!-- ⲛ̄...ϩⲱⲃ -->
<mark id="dipl_word_183" xlink:href="#xpointer(id('tok_183')/range-to(id('tok_184')))"/><!-- ⲛ̄...ⲕⲣⲟϥ -->
<mark id="dipl_word_185" xlink:href="#xpointer(id('tok_185')/range-to(id('tok_186')))"/><!-- ϩⲁ...ⲧ︤ⲛ︥ -->
<mark id="dipl_word_187" xlink:href="#tok_187"/><!-- ⲧⲏⲩⲧ︤ⲛ︥ -->
<mark id="dipl_word_188" xlink:href="#xpointer(id('tok_188')/range-to(id('tok_194')))"/><!-- ⲉ...ⲛ⳿ -->
<mark id="dipl_word_195" xlink:href="#xpointer(id('tok_195')/range-to(id('tok_196')))"/><!-- ⲉⲣⲟ...ϥ -->
<mark id="dipl_word_197" xlink:href="#tok_197"/><!-- · -->
<mark id="dipl_word_198" xlink:href="#xpointer(id('tok_198')/range-to(id('tok_201')))"/><!-- ⲉ...ⲛⲟⲥ -->
<mark id="dipl_word_202" xlink:href="#xpointer(id('tok_202')/range-to(id('tok_205')))"/><!-- ⲙ̄...ⲛⲁⲥ⳿ -->
<mark id="dipl_word_206" xlink:href="#tok_206"/><!-- ⲉϩⲣⲁⲓ̈ -->
<mark id="dipl_word_207" xlink:href="#xpointer(id('tok_207')/range-to(id('tok_209')))"/><!-- ⲉ...ⲧ︤ⲛ︥ -->
<mark id="dipl_word_210" xlink:href="#xpointer(id('tok_210')/range-to(id('tok_212')))"/><!-- ⲙ̄ⲙⲓⲛ⳿...ⲧ︤ⲛ︥ -->
<mark id="dipl_word_213" xlink:href="#tok_213"/><!-- · -->
<mark id="dipl_word_214" xlink:href="#tok_214"/><!-- ⲁⲩⲱ -->
<mark id="dipl_word_215" xlink:href="#xpointer(id('tok_215')/range-to(id('tok_217')))"/><!-- ⲉ...ⲕⲧⲟ -->
<mark id="dipl_word_218" xlink:href="#tok_218"/><!-- ⲉⲃⲟⲗ -->
<mark id="dipl_word_219" xlink:href="#xpointer(id('tok_219')/range-to(id('tok_220')))"/><!-- ⲙ̄ⲙⲱ...ⲧ︤ⲛ︥ -->
<mark id="dipl_word_221" xlink:href="#xpointer(id('tok_221')/range-to(id('tok_223')))"/><!-- ⲛ̄...ⲃⲟⲏⲑⲓⲁ⳿ -->
<mark id="dipl_word_224" xlink:href="#xpointer(id('tok_224')/range-to(id('tok_226')))"/><!-- ⲙ...ⲛⲟⲩⲧⲉ⳿ -->
<mark id="dipl_word_227" xlink:href="#xpointer(id('tok_227')/range-to(id('tok_229')))"/><!-- ⲙⲁⲩ...ⲧⲏⲩⲧ︤ⲛ︥ -->
<mark id="dipl_word_230" xlink:href="#tok_230"/><!-- · -->
<mark id="dipl_word_231" xlink:href="#tok_231"/><!-- ⲉⲓⲥ -->
<mark id="dipl_word_232" xlink:href="#xpointer(id('tok_232')/range-to(id('tok_233')))"/><!-- ⲡ...ϩ̄ⲗ̄ⲗⲟ⳿ -->
<mark id="dipl_word_234" xlink:href="#xpointer(id('tok_234')/range-to(id('tok_238')))"/><!-- ⲁ...ϥ -->
<mark id="dipl_word_239" xlink:href="#xpointer(id('tok_239')/range-to(id('tok_240')))"/><!-- ϣⲁⲣⲱ...ⲧ︤ⲛ︥ -->
<mark id="dipl_word_241" xlink:href="#xpointer(id('tok_241')/range-to(id('tok_243')))"/><!-- ⲙ̄...ⲕⲉ -->
<mark id="dipl_word_244" xlink:href="#tok_244"/><!-- ⲥⲟⲡ[.] -->
<mark id="dipl_word_245" xlink:href="#xpointer(id('tok_245')/range-to(id('tok_246')))"/><!-- ⲛ...ϩⲟⲥⲟ⳯ -->
<mark id="dipl_word_247" xlink:href="#xpointer(id('tok_247')/range-to(id('tok_249')))"/><!-- ⲉ...ϣ[ⲟ]ⲟⲡ -->
<mark id="dipl_word_250" xlink:href="#tok_250"/><!-- : -->
<mark id="dipl_word_251" xlink:href="#tok_251"/><!-- ⲻ -->
</markList>
</paula>
