<?xml version="1.0" encoding="UTF-8" standalone="no"?>

<!DOCTYPE paula SYSTEM "paula_mark.dtd">
<paula version="1.0">

<header paula_id="AP.157.papnoute_diplSeg"/>

<markList xmlns:xlink="http://www.w3.org/1999/xlink" type="diplSeg" xml:base="AP.157.papnoute.tok.xml">
<mark id="dipl_1" xlink:href="#tok_1"/><!-- Ⲁ -->
<mark id="dipl_2" xlink:href="#tok_2"/><!-- ⲩ -->
<mark id="dipl_3" xlink:href="#tok_3"/><!-- ϫⲟⲟ̇ -->
<mark id="dipl_4" xlink:href="#tok_4"/><!-- ⲥ -->
<mark id="dipl_5" xlink:href="#tok_5"/><!-- ⲉ̇ⲧⲃⲉ -->
<mark id="dipl_6" xlink:href="#tok_6"/><!-- ⲁ̇ⲡⲁ -->
<mark id="dipl_7" xlink:href="#xpointer(id('tok_7')/range-to(id('tok_8')))"/><!-- ⲡⲁ̇ⲡ...ⲛⲟⲩⲧⲉ -->
<mark id="dipl_9" xlink:href="#tok_9"/><!-- ϫⲉ -->
<mark id="dipl_10" xlink:href="#tok_10"/><!-- ⲙⲉ -->
<mark id="dipl_11" xlink:href="#tok_11"/><!-- ϥ -->
<mark id="dipl_12" xlink:href="#xpointer(id('tok_12')/range-to(id('tok_13')))"/><!-- ϭⲉ...ⲡⲏ -->
<mark id="dipl_14" xlink:href="#tok_14"/><!-- ⲉ̇ -->
<mark id="dipl_15" xlink:href="#tok_15"/><!-- ⲥⲉ -->
<mark id="dipl_16" xlink:href="#tok_16"/><!-- ⲏ̇ⲣⲡ̇ -->
<mark id="dipl_17" xlink:href="#tok_17"/><!-- . -->
<mark id="dipl_18" xlink:href="#tok_18"/><!-- ⲻ -->
<mark id="dipl_19" xlink:href="#tok_19"/><!-- Ⲉ -->
<mark id="dipl_20" xlink:href="#tok_20"/><!-- ϥ -->
<mark id="dipl_21" xlink:href="#tok_21"/><!-- ⲙⲟⲟ̇ϣⲉ -->
<mark id="dipl_22" xlink:href="#tok_22"/><!-- ⲇⲉ -->
<mark id="dipl_23" xlink:href="#tok_23"/><!-- ⲛ̅ -->
<mark id="dipl_24" xlink:href="#tok_24"/><!-- ⲟⲩ -->
<mark id="dipl_25" xlink:href="#xpointer(id('tok_25')/range-to(id('tok_26')))"/><!-- ⲟⲩⲟ̇...ⲉⲓ̇ϣ -->
<mark id="dipl_27" xlink:href="#tok_27"/><!-- ⲁ -->
<mark id="dipl_28" xlink:href="#tok_28"/><!-- ϥ -->
<mark id="dipl_29" xlink:href="#tok_29"/><!-- ⲉⲓ̇ -->
<mark id="dipl_30" xlink:href="#tok_30"/><!-- ⲉ̇ϫⲛ -->
<mark id="dipl_31" xlink:href="#tok_31"/><!-- ⲟⲩ -->
<mark id="dipl_32" xlink:href="#tok_32"/><!-- ⲕⲟⲗⲗⲩⲕⲓ̇ⲟⲛ -->
<mark id="dipl_33" xlink:href="#tok_33"/><!-- ⲛ̇ -->
<mark id="dipl_34" xlink:href="#xpointer(id('tok_34')/range-to(id('tok_35')))"/><!-- ⲗⲩⲥ...ⲧⲏⲥ -->
<mark id="dipl_36" xlink:href="#tok_36"/><!-- ⲁⲩⲱ̇ -->
<mark id="dipl_37" xlink:href="#tok_37"/><!-- ⲁ̇ -->
<mark id="dipl_38" xlink:href="#tok_38"/><!-- ϥ -->
<mark id="dipl_39" xlink:href="#tok_39"/><!-- ϭⲛ̇ⲧ -->
<mark id="dipl_40" xlink:href="#tok_40"/><!-- ⲟⲩ -->
<mark id="dipl_41" xlink:href="#tok_41"/><!-- ⲉ̇ -->
<mark id="dipl_42" xlink:href="#tok_42"/><!-- ⲩ -->
<mark id="dipl_43" xlink:href="#tok_43"/><!-- ⲥⲱ -->
<mark id="dipl_44" xlink:href="#tok_44"/><!-- . -->
<mark id="dipl_45" xlink:href="#tok_45"/><!-- ⲁ̇ -->
<mark id="dipl_46" xlink:href="#tok_46"/><!-- ϥ -->
<mark id="dipl_47" xlink:href="#tok_47"/><!-- ⲥⲟⲩⲱⲛ -->
<mark id="dipl_48" xlink:href="#tok_48"/><!-- ϥ̇ -->
<mark id="dipl_49" xlink:href="#tok_49"/><!-- Ⲇⲉ̇ -->
<mark id="dipl_50" xlink:href="#tok_50"/><!-- ⲛ̇ϭⲓ̇ -->
<mark id="dipl_51" xlink:href="#tok_51"/><!-- ⲡ -->
<mark id="dipl_52" xlink:href="#tok_52"/><!-- ⲉⲧ -->
<mark id="dipl_53" xlink:href="#tok_53"/><!-- ⲟ -->
<mark id="dipl_54" xlink:href="#tok_54"/><!-- ⲛ -->
<mark id="dipl_55" xlink:href="#tok_55"/><!-- ⲁ̇ⲛϫⲱϫ -->
<mark id="dipl_56" xlink:href="#tok_56"/><!-- ⲁⲩⲱ̇ -->
<mark id="dipl_57" xlink:href="#tok_57"/><!-- ⲉ̇ -->
<mark id="dipl_58" xlink:href="#tok_58"/><!-- ϥ̇ -->
<mark id="dipl_59" xlink:href="#tok_59"/><!-- ⲥⲟⲟ̇ⲩⲛ̇ -->
<mark id="dipl_60" xlink:href="#tok_60"/><!-- ϫⲉ̇ -->
<mark id="dipl_61" xlink:href="#tok_61"/><!-- ⲙⲉ -->
<mark id="dipl_62" xlink:href="#tok_62"/><!-- ϥ -->
<mark id="dipl_63" xlink:href="#tok_63"/><!-- ⲥⲉ -->
<mark id="dipl_64" xlink:href="#tok_64"/><!-- ⲏ̇ⲣⲡ̇ -->
<mark id="dipl_65" xlink:href="#tok_65"/><!-- · -->
<mark id="dipl_66" xlink:href="#tok_66"/><!-- ⲻ -->
<mark id="dipl_67" xlink:href="#tok_67"/><!-- Ⲁ -->
<mark id="dipl_68" xlink:href="#tok_68"/><!-- ϥ -->
<mark id="dipl_69" xlink:href="#tok_69"/><!-- ⲛⲁⲩ -->
<mark id="dipl_70" xlink:href="#tok_70"/><!-- ⲉ̇ⲣⲟ -->
<mark id="dipl_71" xlink:href="#tok_71"/><!-- ϥ -->
<mark id="dipl_72" xlink:href="#tok_72"/><!-- ϩⲛ̇ -->
<mark id="dipl_73" xlink:href="#tok_73"/><!-- ⲟⲩ -->
<mark id="dipl_74" xlink:href="#tok_74"/><!-- ⲛⲟϭ -->
<mark id="dipl_75" xlink:href="#tok_75"/><!-- ⲛ̇ -->
<mark id="dipl_76" xlink:href="#tok_76"/><!-- ϩⲓⲥⲉ -->
<mark id="dipl_77" xlink:href="#tok_77"/><!-- ⲁ̇ -->
<mark id="dipl_78" xlink:href="#tok_78"/><!-- ϥ -->
<mark id="dipl_79" xlink:href="#tok_79"/><!-- ⲙⲟⲩϩ -->
<mark id="dipl_80" xlink:href="#tok_80"/><!-- ⲛ -->
<mark id="dipl_81" xlink:href="#tok_81"/><!-- ⲟⲩ -->
<mark id="dipl_82" xlink:href="#tok_82"/><!-- ⲁ̇ⲡⲟⲧ -->
<mark id="dipl_83" xlink:href="#tok_83"/><!-- ⲛ -->
<mark id="dipl_84" xlink:href="#tok_84"/><!-- ⲏⲣ̇ⲡ̇ -->
<mark id="dipl_85" xlink:href="#tok_85"/><!-- ⲉ̇ⲣⲉ -->
<mark id="dipl_86" xlink:href="#tok_86"/><!-- ⲧⲉϥ -->
<mark id="dipl_87" xlink:href="#tok_87"/><!-- ⲥⲏϥⲉ -->
<mark id="dipl_88" xlink:href="#tok_88"/><!-- ϩⲛ̇ -->
<mark id="dipl_89" xlink:href="#tok_89"/><!-- ⲧⲉϥ -->
<mark id="dipl_90" xlink:href="#tok_90"/><!-- ϭⲓ̇ϫ -->
<mark id="dipl_91" xlink:href="#tok_91"/><!-- · -->
<mark id="dipl_92" xlink:href="#tok_92"/><!-- ⲁⲩⲱ̇ -->
<mark id="dipl_93" xlink:href="#tok_93"/><!-- ⲡⲉϫⲁ -->
<mark id="dipl_94" xlink:href="#tok_94"/><!-- ϥ -->
<mark id="dipl_95" xlink:href="#tok_95"/><!-- ⲙ̇ -->
<mark id="dipl_96" xlink:href="#tok_96"/><!-- ⲡ̇ -->
<mark id="dipl_97" xlink:href="#xpointer(id('tok_97')/range-to(id('tok_98')))"/><!-- ϩⲗ̇...ⲗⲟ -->
<mark id="dipl_99" xlink:href="#tok_99"/><!-- ϫⲉ -->
<mark id="dipl_100" xlink:href="#tok_100"/><!-- ⲉ̇ -->
<mark id="dipl_101" xlink:href="#tok_101"/><!-- ⲕ -->
<mark id="dipl_102" xlink:href="#tok_102"/><!-- ⲧⲙ̇ -->
<mark id="dipl_103" xlink:href="#tok_103"/><!-- ⲥⲱ -->
<mark id="dipl_104" xlink:href="#tok_104"/><!-- ϯ̇ -->
<mark id="dipl_105" xlink:href="#tok_105"/><!-- ⲛⲁ -->
<mark id="dipl_106" xlink:href="#tok_106"/><!-- ϩⲟⲧⲃⲉ -->
<mark id="dipl_107" xlink:href="#tok_107"/><!-- ⲕ -->
<mark id="dipl_108" xlink:href="#tok_108"/><!-- .ⲻ -->
<mark id="dipl_109" xlink:href="#tok_109"/><!-- Ⲁ -->
<mark id="dipl_110" xlink:href="#tok_110"/><!-- ϥ -->
<mark id="dipl_111" xlink:href="#tok_111"/><!-- ⲉⲓⲙⲉ -->
<mark id="dipl_112" xlink:href="#tok_112"/><!-- ⲛ̇ϭⲓ̇ -->
<mark id="dipl_113" xlink:href="#tok_113"/><!-- ⲡ̇ -->
<mark id="dipl_114" xlink:href="#tok_114"/><!-- ϩⲗ̇ⲗⲟ -->
<mark id="dipl_115" xlink:href="#tok_115"/><!-- ϫⲉ -->
<mark id="dipl_116" xlink:href="#tok_116"/><!-- ⲉ̇ -->
<mark id="dipl_117" xlink:href="#tok_117"/><!-- ϥ -->
<mark id="dipl_118" xlink:href="#tok_118"/><!-- ⲟⲩⲱ̇ϣ -->
<mark id="dipl_119" xlink:href="#tok_119"/><!-- ⲉ̇ -->
<mark id="dipl_120" xlink:href="#tok_120"/><!-- ⲉⲓ̇ⲣⲉ -->
<mark id="dipl_121" xlink:href="#tok_121"/><!-- ⲛ -->
<mark id="dipl_122" xlink:href="#tok_122"/><!-- ⲟⲩ -->
<mark id="dipl_123" xlink:href="#xpointer(id('tok_123')/range-to(id('tok_124')))"/><!-- ⲛ̇...ⲧⲟⲗⲏ̇ -->
<mark id="dipl_125" xlink:href="#tok_125"/><!-- ⲛ̇ⲧⲉ -->
<mark id="dipl_126" xlink:href="#tok_126"/><!-- ⲡ̇ -->
<mark id="dipl_127" xlink:href="#tok_127"/><!-- ⲛⲟⲩⲧⲉ -->
<mark id="dipl_128" xlink:href="#tok_128"/><!-- ⲉ̇ -->
<mark id="dipl_129" xlink:href="#tok_129"/><!-- ϥ -->
<mark id="dipl_130" xlink:href="#tok_130"/><!-- ⲟⲩⲱ̇ϣ -->
<mark id="dipl_131" xlink:href="#tok_131"/><!-- ⲉ̇ -->
<mark id="dipl_132" xlink:href="#tok_132"/><!-- ϯ̇ -->
<mark id="dipl_133" xlink:href="#tok_133"/><!-- ϩⲏⲩ -->
<mark id="dipl_134" xlink:href="#xpointer(id('tok_134')/range-to(id('tok_135')))"/><!-- ⲙ̇...ⲙⲟ -->
<mark id="dipl_136" xlink:href="#tok_136"/><!-- ϥ -->
<mark id="dipl_137" xlink:href="#tok_137"/><!-- ⲁ̇ -->
<mark id="dipl_138" xlink:href="#tok_138"/><!-- ϥ -->
<mark id="dipl_139" xlink:href="#tok_139"/><!-- ϫⲓ̇ⲧ -->
<mark id="dipl_140" xlink:href="#tok_140"/><!-- ϥ̇ -->
<mark id="dipl_141" xlink:href="#tok_141"/><!-- ⲁ̇ -->
<mark id="dipl_142" xlink:href="#tok_142"/><!-- ϥ -->
<mark id="dipl_143" xlink:href="#tok_143"/><!-- ⲥⲟ̇ⲟ -->
<mark id="dipl_144" xlink:href="#tok_144"/><!-- ϥ̇ -->
<mark id="dipl_145" xlink:href="#tok_145"/><!-- . -->
<mark id="dipl_146" xlink:href="#tok_146"/><!-- Ⲡ -->
<mark id="dipl_147" xlink:href="#tok_147"/><!-- ⲁⲛϫⲱϫ -->
<mark id="dipl_148" xlink:href="#tok_148"/><!-- ⲇⲉ -->
<mark id="dipl_149" xlink:href="#tok_149"/><!-- ⲛ̇ -->
<mark id="dipl_150" xlink:href="#xpointer(id('tok_150')/range-to(id('tok_151')))"/><!-- ⲗⲩⲥ...ⲧⲏⲥ -->
<mark id="dipl_152" xlink:href="#tok_152"/><!-- ⲁ̇ -->
<mark id="dipl_153" xlink:href="#tok_153"/><!-- ϥ -->
<mark id="dipl_154" xlink:href="#tok_154"/><!-- ⲙⲉⲧⲁⲛⲟⲓ -->
<mark id="dipl_155" xlink:href="#tok_155"/><!-- ⲉ̇ -->
<mark id="dipl_156" xlink:href="#tok_156"/><!-- ϥ -->
<mark id="dipl_157" xlink:href="#tok_157"/><!-- ϫⲱ -->
<mark id="dipl_158" xlink:href="#tok_158"/><!-- ⲙ̇ⲙⲟ -->
<mark id="dipl_159" xlink:href="#tok_159"/><!-- ⲥ -->
<mark id="dipl_160" xlink:href="#tok_160"/><!-- ϫⲉ -->
<mark id="dipl_161" xlink:href="#tok_161"/><!-- ⲕⲱ -->
<mark id="dipl_162" xlink:href="#tok_162"/><!-- ⲛⲁ -->
<mark id="dipl_163" xlink:href="#tok_163"/><!-- ⲓ̇ -->
<mark id="dipl_164" xlink:href="#tok_164"/><!-- ⲉ̇ⲃⲟⲗ -->
<mark id="dipl_165" xlink:href="#tok_165"/><!-- ⲡⲁ -->
<mark id="dipl_166" xlink:href="#tok_166"/><!-- ⲉⲓ̇ⲱⲧ -->
<mark id="dipl_167" xlink:href="#tok_167"/><!-- ϫⲉ -->
<mark id="dipl_168" xlink:href="#tok_168"/><!-- ⲁ -->
<mark id="dipl_169" xlink:href="#tok_169"/><!-- ⲓ̇ -->
<mark id="dipl_170" xlink:href="#tok_170"/><!-- ϯ̇ -->
<mark id="dipl_171" xlink:href="#tok_171"/><!-- ϩⲓ̈ⲥⲉ -->
<mark id="dipl_172" xlink:href="#tok_172"/><!-- ⲛⲁ -->
<mark id="dipl_173" xlink:href="#tok_173"/><!-- ⲕ -->
<mark id="dipl_174" xlink:href="#tok_174"/><!-- .ⲻ -->
<mark id="dipl_175" xlink:href="#tok_175"/><!-- Ⲡⲉϫⲁ -->
<mark id="dipl_176" xlink:href="#tok_176"/><!-- ϥ -->
<mark id="dipl_177" xlink:href="#tok_177"/><!-- ⲛⲁ -->
<mark id="dipl_178" xlink:href="#tok_178"/><!-- ϥ -->
<mark id="dipl_179" xlink:href="#tok_179"/><!-- ⲛ̇ϭⲓ̇ -->
<mark id="dipl_180" xlink:href="#tok_180"/><!-- ⲡ̇ -->
<mark id="dipl_181" xlink:href="#xpointer(id('tok_181')/range-to(id('tok_182')))"/><!-- ϩⲗ̇...ⲗⲟ -->
<mark id="dipl_183" xlink:href="#tok_183"/><!-- ϫⲉ -->
<mark id="dipl_184" xlink:href="#tok_184"/><!-- ϯ̇ -->
<mark id="dipl_185" xlink:href="#tok_185"/><!-- ⲡⲓⲥⲧⲉⲩⲉ -->
<mark id="dipl_186" xlink:href="#tok_186"/><!-- ⲉ̇ -->
<mark id="dipl_187" xlink:href="#tok_187"/><!-- ⲡ -->
<mark id="dipl_188" xlink:href="#tok_188"/><!-- ⲛⲟⲩⲧⲉ -->
<mark id="dipl_189" xlink:href="#tok_189"/><!-- ϫⲉ -->
<mark id="dipl_190" xlink:href="#tok_190"/><!-- ϥ̇ -->
<mark id="dipl_191" xlink:href="#tok_191"/><!-- ⲛⲁ -->
<mark id="dipl_192" xlink:href="#xpointer(id('tok_192')/range-to(id('tok_193')))"/><!-- ⲉⲓ̇...ⲣⲉ -->
<mark id="dipl_194" xlink:href="#tok_194"/><!-- ⲛⲁ -->
<mark id="dipl_195" xlink:href="#tok_195"/><!-- ⲕ -->
<mark id="dipl_196" xlink:href="#tok_196"/><!-- ⲛ -->
<mark id="dipl_197" xlink:href="#tok_197"/><!-- ⲟⲩ -->
<mark id="dipl_198" xlink:href="#tok_198"/><!-- ⲛⲁ -->
<mark id="dipl_199" xlink:href="#tok_199"/><!-- ⲉ̇ⲧⲃⲉ -->
<mark id="dipl_200" xlink:href="#tok_200"/><!-- ⲡⲉⲓ -->
<mark id="dipl_201" xlink:href="#tok_201"/><!-- ⲁ̇ⲡⲟⲧ -->
<mark id="dipl_202" xlink:href="#tok_202"/><!-- ⲛ -->
<mark id="dipl_203" xlink:href="#tok_203"/><!-- ⲏⲣⲡ̇ -->
<mark id="dipl_204" xlink:href="#tok_204"/><!-- ϩⲙ̇ -->
<mark id="dipl_205" xlink:href="#tok_205"/><!-- ⲡⲉⲓ̇ -->
<mark id="dipl_206" xlink:href="#tok_206"/><!-- ⲱ̇ⲛϩ̇ -->
<mark id="dipl_207" xlink:href="#tok_207"/><!-- ⲙⲛ -->
<mark id="dipl_208" xlink:href="#tok_208"/><!-- ⲡ -->
<mark id="dipl_209" xlink:href="#tok_209"/><!-- ⲉⲧ -->
<mark id="dipl_210" xlink:href="#tok_210"/><!-- ⲛⲏⲩ -->
<mark id="dipl_211" xlink:href="#tok_211"/><!-- . -->
<mark id="dipl_212" xlink:href="#tok_212"/><!-- Ⲡⲉϫⲁ -->
<mark id="dipl_213" xlink:href="#tok_213"/><!-- ϥ -->
<mark id="dipl_214" xlink:href="#tok_214"/><!-- ⲛⲁ -->
<mark id="dipl_215" xlink:href="#tok_215"/><!-- ϥ -->
<mark id="dipl_216" xlink:href="#tok_216"/><!-- ⲛ̇ϭⲓ̇ -->
<mark id="dipl_217" xlink:href="#tok_217"/><!-- ⲡ -->
<mark id="dipl_218" xlink:href="#xpointer(id('tok_218')/range-to(id('tok_219')))"/><!-- ⲁⲣ...ⲭⲏⲗⲏⲥⲧⲏⲥ -->
<mark id="dipl_220" xlink:href="#tok_220"/><!-- ϫⲉ -->
<mark id="dipl_221" xlink:href="#tok_221"/><!-- ϯ -->
<mark id="dipl_222" xlink:href="#tok_222"/><!-- ⲡⲓ̇ⲥⲧⲉⲩⲉ̇ -->
<mark id="dipl_223" xlink:href="#tok_223"/><!-- ⲉ̇ -->
<mark id="dipl_224" xlink:href="#tok_224"/><!-- ⲡ -->
<mark id="dipl_225" xlink:href="#tok_225"/><!-- ⲛⲟⲩⲧⲉ -->
<mark id="dipl_226" xlink:href="#tok_226"/><!-- ϫⲉ -->
<mark id="dipl_227" xlink:href="#tok_227"/><!-- ϫⲓ̇ⲛ -->
<mark id="dipl_228" xlink:href="#tok_228"/><!-- ⲧⲉⲛⲟⲩ -->
<mark id="dipl_229" xlink:href="#tok_229"/><!-- ⲛ̇ -->
<mark id="dipl_230" xlink:href="#tok_230"/><!-- ϯ̇ -->
<mark id="dipl_231" xlink:href="#tok_231"/><!-- ⲛⲁ -->
<mark id="dipl_232" xlink:href="#tok_232"/><!-- ⲣ̇ -->
<mark id="dipl_233" xlink:href="#tok_233"/><!-- ⲡ -->
<mark id="dipl_234" xlink:href="#tok_234"/><!-- ⲉⲑ -->
<mark id="dipl_235" xlink:href="#tok_235"/><!-- ⲟⲟⲩ -->
<mark id="dipl_236" xlink:href="#tok_236"/><!-- ⲁ̇ⲛ -->
<mark id="dipl_237" xlink:href="#tok_237"/><!-- ⲛ̇ -->
<mark id="dipl_238" xlink:href="#tok_238"/><!-- ⲗⲁⲁⲩ -->
<mark id="dipl_239" xlink:href="#tok_239"/><!-- . -->
<mark id="dipl_240" xlink:href="#tok_240"/><!-- Ⲡ -->
<mark id="dipl_241" xlink:href="#tok_241"/><!-- ϩⲗ̇ⲗⲟ -->
<mark id="dipl_242" xlink:href="#tok_242"/><!-- ⲇⲉ -->
<mark id="dipl_243" xlink:href="#tok_243"/><!-- ⲁ̇ -->
<mark id="dipl_244" xlink:href="#tok_244"/><!-- ϥ -->
<mark id="dipl_245" xlink:href="#tok_245"/><!-- ϫⲡⲟ -->
<mark id="dipl_246" xlink:href="#tok_246"/><!-- ⲛⲁ -->
<mark id="dipl_247" xlink:href="#tok_247"/><!-- ϥ -->
<mark id="dipl_248" xlink:href="#tok_248"/><!-- ⲛ̇ -->
<mark id="dipl_249" xlink:href="#tok_249"/><!-- ⲧ̇ -->
<mark id="dipl_250" xlink:href="#tok_250"/><!-- ⲕⲟⲗⲗⲩϭⲉ -->
<mark id="dipl_251" xlink:href="#tok_251"/><!-- ⲧⲏ̇ⲣ -->
<mark id="dipl_252" xlink:href="#tok_252"/><!-- ⲥ̇ -->
<mark id="dipl_253" xlink:href="#tok_253"/><!-- ϫⲉ -->
<mark id="dipl_254" xlink:href="#tok_254"/><!-- ⲁ̇ -->
<mark id="dipl_255" xlink:href="#tok_255"/><!-- ϥ -->
<mark id="dipl_256" xlink:href="#tok_256"/><!-- ⲕⲱ -->
<mark id="dipl_257" xlink:href="#tok_257"/><!-- ⲛ̇ⲥⲱ -->
<mark id="dipl_258" xlink:href="#tok_258"/><!-- ϥ -->
<mark id="dipl_259" xlink:href="#tok_259"/><!-- ⲙ̇ -->
<mark id="dipl_260" xlink:href="#tok_260"/><!-- ⲡⲉϥ -->
<mark id="dipl_261" xlink:href="#tok_261"/><!-- ⲟⲩⲱ̇ϣ -->
<mark id="dipl_262" xlink:href="#tok_262"/><!-- ⲉ̇ⲧ̇ⲃⲉ -->
<mark id="dipl_263" xlink:href="#tok_263"/><!-- ⲡ̇ -->
<mark id="dipl_264" xlink:href="#tok_264"/><!-- ⲛⲟⲩⲧⲉ -->
<mark id="dipl_265" xlink:href="#tok_265"/><!-- . -->
<mark id="dipl_266" xlink:href="#tok_266"/><!-- ⲻ -->
</markList>
</paula>
