<?xml version="1.0" encoding="UTF-8" standalone="no"?>

<!DOCTYPE paula SYSTEM "paula_mark.dtd">
<paula version="1.0">

<header paula_id="AP.157.papnoute_wordSeg"/>

<markList xmlns:xlink="http://www.w3.org/1999/xlink" type="wordSeg" xml:base="AP.157.papnoute.tok.xml">
<mark id="word_1" xlink:href="#xpointer(id('tok_1')/range-to(id('tok_4')))"/><!-- Ⲁ...ⲥ -->
<mark id="word_5" xlink:href="#xpointer(id('tok_5')/range-to(id('tok_6')))"/><!-- ⲉ̇ⲧⲃⲉ...ⲁ̇ⲡⲁ -->
<mark id="word_7" xlink:href="#xpointer(id('tok_7')/range-to(id('tok_8')))"/><!-- ⲡⲁ̇ⲡ...ⲛⲟⲩⲧⲉ -->
<mark id="word_9" xlink:href="#xpointer(id('tok_9')/range-to(id('tok_13')))"/><!-- ϫⲉ...ⲡⲏ -->
<mark id="word_14" xlink:href="#xpointer(id('tok_14')/range-to(id('tok_16')))"/><!-- ⲉ̇...ⲏ̇ⲣⲡ̇ -->
<mark id="word_17" xlink:href="#xpointer(id('tok_17')/range-to(id('tok_18')))"/><!-- ....ⲻ -->
<mark id="word_19" xlink:href="#xpointer(id('tok_19')/range-to(id('tok_21')))"/><!-- Ⲉ...ⲙⲟⲟ̇ϣⲉ -->
<mark id="word_22" xlink:href="#tok_22"/><!-- ⲇⲉ -->
<mark id="word_23" xlink:href="#xpointer(id('tok_23')/range-to(id('tok_26')))"/><!-- ⲛ̅...ⲉⲓ̇ϣ -->
<mark id="word_27" xlink:href="#xpointer(id('tok_27')/range-to(id('tok_29')))"/><!-- ⲁ...ⲉⲓ̇ -->
<mark id="word_30" xlink:href="#xpointer(id('tok_30')/range-to(id('tok_32')))"/><!-- ⲉ̇ϫⲛ...ⲕⲟⲗⲗⲩⲕⲓ̇ⲟⲛ -->
<mark id="word_33" xlink:href="#xpointer(id('tok_33')/range-to(id('tok_35')))"/><!-- ⲛ̇...ⲧⲏⲥ -->
<mark id="word_36" xlink:href="#tok_36"/><!-- ⲁⲩⲱ̇ -->
<mark id="word_37" xlink:href="#xpointer(id('tok_37')/range-to(id('tok_40')))"/><!-- ⲁ̇...ⲟⲩ -->
<mark id="word_41" xlink:href="#xpointer(id('tok_41')/range-to(id('tok_43')))"/><!-- ⲉ̇...ⲥⲱ -->
<mark id="word_44" xlink:href="#tok_44"/><!-- . -->
<mark id="word_45" xlink:href="#xpointer(id('tok_45')/range-to(id('tok_48')))"/><!-- ⲁ̇...ϥ̇ -->
<mark id="word_49" xlink:href="#tok_49"/><!-- Ⲇⲉ̇ -->
<mark id="word_50" xlink:href="#xpointer(id('tok_50')/range-to(id('tok_53')))"/><!-- ⲛ̇ϭⲓ̇...ⲟ -->
<mark id="word_54" xlink:href="#xpointer(id('tok_54')/range-to(id('tok_55')))"/><!-- ⲛ...ⲁ̇ⲛϫⲱϫ -->
<mark id="word_56" xlink:href="#tok_56"/><!-- ⲁⲩⲱ̇ -->
<mark id="word_57" xlink:href="#xpointer(id('tok_57')/range-to(id('tok_59')))"/><!-- ⲉ̇...ⲥⲟⲟ̇ⲩⲛ̇ -->
<mark id="word_60" xlink:href="#xpointer(id('tok_60')/range-to(id('tok_63')))"/><!-- ϫⲉ̇...ⲥⲉ -->
<mark id="word_64" xlink:href="#tok_64"/><!-- ⲏ̇ⲣⲡ̇ -->
<mark id="word_65" xlink:href="#xpointer(id('tok_65')/range-to(id('tok_66')))"/><!-- ·...ⲻ -->
<mark id="word_67" xlink:href="#xpointer(id('tok_67')/range-to(id('tok_69')))"/><!-- Ⲁ...ⲛⲁⲩ -->
<mark id="word_70" xlink:href="#xpointer(id('tok_70')/range-to(id('tok_71')))"/><!-- ⲉ̇ⲣⲟ...ϥ -->
<mark id="word_72" xlink:href="#xpointer(id('tok_72')/range-to(id('tok_74')))"/><!-- ϩⲛ̇...ⲛⲟϭ -->
<mark id="word_75" xlink:href="#xpointer(id('tok_75')/range-to(id('tok_76')))"/><!-- ⲛ̇...ϩⲓⲥⲉ -->
<mark id="word_77" xlink:href="#xpointer(id('tok_77')/range-to(id('tok_79')))"/><!-- ⲁ̇...ⲙⲟⲩϩ -->
<mark id="word_80" xlink:href="#xpointer(id('tok_80')/range-to(id('tok_82')))"/><!-- ⲛ...ⲁ̇ⲡⲟⲧ -->
<mark id="word_83" xlink:href="#xpointer(id('tok_83')/range-to(id('tok_84')))"/><!-- ⲛ...ⲏⲣ̇ⲡ̇ -->
<mark id="word_85" xlink:href="#tok_85"/><!-- ⲉ̇ⲣⲉ -->
<mark id="word_86" xlink:href="#xpointer(id('tok_86')/range-to(id('tok_87')))"/><!-- ⲧⲉϥ...ⲥⲏϥⲉ -->
<mark id="word_88" xlink:href="#xpointer(id('tok_88')/range-to(id('tok_90')))"/><!-- ϩⲛ̇...ϭⲓ̇ϫ -->
<mark id="word_91" xlink:href="#tok_91"/><!-- · -->
<mark id="word_92" xlink:href="#tok_92"/><!-- ⲁⲩⲱ̇ -->
<mark id="word_93" xlink:href="#xpointer(id('tok_93')/range-to(id('tok_94')))"/><!-- ⲡⲉϫⲁ...ϥ -->
<mark id="word_95" xlink:href="#xpointer(id('tok_95')/range-to(id('tok_98')))"/><!-- ⲙ̇...ⲗⲟ -->
<mark id="word_99" xlink:href="#xpointer(id('tok_99')/range-to(id('tok_103')))"/><!-- ϫⲉ...ⲥⲱ -->
<mark id="word_104" xlink:href="#xpointer(id('tok_104')/range-to(id('tok_107')))"/><!-- ϯ̇...ⲕ -->
<mark id="word_108" xlink:href="#tok_108"/><!-- .ⲻ -->
<mark id="word_109" xlink:href="#xpointer(id('tok_109')/range-to(id('tok_111')))"/><!-- Ⲁ...ⲉⲓⲙⲉ -->
<mark id="word_112" xlink:href="#xpointer(id('tok_112')/range-to(id('tok_114')))"/><!-- ⲛ̇ϭⲓ̇...ϩⲗ̇ⲗⲟ -->
<mark id="word_115" xlink:href="#xpointer(id('tok_115')/range-to(id('tok_118')))"/><!-- ϫⲉ...ⲟⲩⲱ̇ϣ -->
<mark id="word_119" xlink:href="#xpointer(id('tok_119')/range-to(id('tok_120')))"/><!-- ⲉ̇...ⲉⲓ̇ⲣⲉ -->
<mark id="word_121" xlink:href="#xpointer(id('tok_121')/range-to(id('tok_124')))"/><!-- ⲛ...ⲧⲟⲗⲏ̇ -->
<mark id="word_125" xlink:href="#xpointer(id('tok_125')/range-to(id('tok_127')))"/><!-- ⲛ̇ⲧⲉ...ⲛⲟⲩⲧⲉ -->
<mark id="word_128" xlink:href="#xpointer(id('tok_128')/range-to(id('tok_130')))"/><!-- ⲉ̇...ⲟⲩⲱ̇ϣ -->
<mark id="word_131" xlink:href="#xpointer(id('tok_131')/range-to(id('tok_133')))"/><!-- ⲉ̇...ϩⲏⲩ -->
<mark id="word_134" xlink:href="#xpointer(id('tok_134')/range-to(id('tok_136')))"/><!-- ⲙ̇...ϥ -->
<mark id="word_137" xlink:href="#xpointer(id('tok_137')/range-to(id('tok_140')))"/><!-- ⲁ̇...ϥ̇ -->
<mark id="word_141" xlink:href="#xpointer(id('tok_141')/range-to(id('tok_144')))"/><!-- ⲁ̇...ϥ̇ -->
<mark id="word_145" xlink:href="#tok_145"/><!-- . -->
<mark id="word_146" xlink:href="#xpointer(id('tok_146')/range-to(id('tok_147')))"/><!-- Ⲡ...ⲁⲛϫⲱϫ -->
<mark id="word_148" xlink:href="#tok_148"/><!-- ⲇⲉ -->
<mark id="word_149" xlink:href="#xpointer(id('tok_149')/range-to(id('tok_151')))"/><!-- ⲛ̇...ⲧⲏⲥ -->
<mark id="word_152" xlink:href="#xpointer(id('tok_152')/range-to(id('tok_154')))"/><!-- ⲁ̇...ⲙⲉⲧⲁⲛⲟⲓ -->
<mark id="word_155" xlink:href="#xpointer(id('tok_155')/range-to(id('tok_157')))"/><!-- ⲉ̇...ϫⲱ -->
<mark id="word_158" xlink:href="#xpointer(id('tok_158')/range-to(id('tok_159')))"/><!-- ⲙ̇ⲙⲟ...ⲥ -->
<mark id="word_160" xlink:href="#xpointer(id('tok_160')/range-to(id('tok_161')))"/><!-- ϫⲉ...ⲕⲱ -->
<mark id="word_162" xlink:href="#xpointer(id('tok_162')/range-to(id('tok_163')))"/><!-- ⲛⲁ...ⲓ̇ -->
<mark id="word_164" xlink:href="#tok_164"/><!-- ⲉ̇ⲃⲟⲗ -->
<mark id="word_165" xlink:href="#xpointer(id('tok_165')/range-to(id('tok_166')))"/><!-- ⲡⲁ...ⲉⲓ̇ⲱⲧ -->
<mark id="word_167" xlink:href="#xpointer(id('tok_167')/range-to(id('tok_171')))"/><!-- ϫⲉ...ϩⲓ̈ⲥⲉ -->
<mark id="word_172" xlink:href="#xpointer(id('tok_172')/range-to(id('tok_173')))"/><!-- ⲛⲁ...ⲕ -->
<mark id="word_174" xlink:href="#tok_174"/><!-- .ⲻ -->
<mark id="word_175" xlink:href="#xpointer(id('tok_175')/range-to(id('tok_176')))"/><!-- Ⲡⲉϫⲁ...ϥ -->
<mark id="word_177" xlink:href="#xpointer(id('tok_177')/range-to(id('tok_178')))"/><!-- ⲛⲁ...ϥ -->
<mark id="word_179" xlink:href="#xpointer(id('tok_179')/range-to(id('tok_182')))"/><!-- ⲛ̇ϭⲓ̇...ⲗⲟ -->
<mark id="word_183" xlink:href="#xpointer(id('tok_183')/range-to(id('tok_185')))"/><!-- ϫⲉ...ⲡⲓⲥⲧⲉⲩⲉ -->
<mark id="word_186" xlink:href="#xpointer(id('tok_186')/range-to(id('tok_188')))"/><!-- ⲉ̇...ⲛⲟⲩⲧⲉ -->
<mark id="word_189" xlink:href="#xpointer(id('tok_189')/range-to(id('tok_193')))"/><!-- ϫⲉ...ⲣⲉ -->
<mark id="word_194" xlink:href="#xpointer(id('tok_194')/range-to(id('tok_195')))"/><!-- ⲛⲁ...ⲕ -->
<mark id="word_196" xlink:href="#xpointer(id('tok_196')/range-to(id('tok_198')))"/><!-- ⲛ...ⲛⲁ -->
<mark id="word_199" xlink:href="#xpointer(id('tok_199')/range-to(id('tok_201')))"/><!-- ⲉ̇ⲧⲃⲉ...ⲁ̇ⲡⲟⲧ -->
<mark id="word_202" xlink:href="#xpointer(id('tok_202')/range-to(id('tok_203')))"/><!-- ⲛ...ⲏⲣⲡ̇ -->
<mark id="word_204" xlink:href="#xpointer(id('tok_204')/range-to(id('tok_206')))"/><!-- ϩⲙ̇...ⲱ̇ⲛϩ̇ -->
<mark id="word_207" xlink:href="#xpointer(id('tok_207')/range-to(id('tok_210')))"/><!-- ⲙⲛ...ⲛⲏⲩ -->
<mark id="word_211" xlink:href="#tok_211"/><!-- . -->
<mark id="word_212" xlink:href="#xpointer(id('tok_212')/range-to(id('tok_213')))"/><!-- Ⲡⲉϫⲁ...ϥ -->
<mark id="word_214" xlink:href="#xpointer(id('tok_214')/range-to(id('tok_215')))"/><!-- ⲛⲁ...ϥ -->
<mark id="word_216" xlink:href="#xpointer(id('tok_216')/range-to(id('tok_219')))"/><!-- ⲛ̇ϭⲓ̇...ⲭⲏⲗⲏⲥⲧⲏⲥ -->
<mark id="word_220" xlink:href="#xpointer(id('tok_220')/range-to(id('tok_222')))"/><!-- ϫⲉ...ⲡⲓ̇ⲥⲧⲉⲩⲉ̇ -->
<mark id="word_223" xlink:href="#xpointer(id('tok_223')/range-to(id('tok_225')))"/><!-- ⲉ̇...ⲛⲟⲩⲧⲉ -->
<mark id="word_226" xlink:href="#xpointer(id('tok_226')/range-to(id('tok_228')))"/><!-- ϫⲉ...ⲧⲉⲛⲟⲩ -->
<mark id="word_229" xlink:href="#xpointer(id('tok_229')/range-to(id('tok_232')))"/><!-- ⲛ̇...ⲣ̇ -->
<mark id="word_233" xlink:href="#xpointer(id('tok_233')/range-to(id('tok_235')))"/><!-- ⲡ...ⲟⲟⲩ -->
<mark id="word_236" xlink:href="#tok_236"/><!-- ⲁ̇ⲛ -->
<mark id="word_237" xlink:href="#xpointer(id('tok_237')/range-to(id('tok_238')))"/><!-- ⲛ̇...ⲗⲁⲁⲩ -->
<mark id="word_239" xlink:href="#tok_239"/><!-- . -->
<mark id="word_240" xlink:href="#xpointer(id('tok_240')/range-to(id('tok_241')))"/><!-- Ⲡ...ϩⲗ̇ⲗⲟ -->
<mark id="word_242" xlink:href="#tok_242"/><!-- ⲇⲉ -->
<mark id="word_243" xlink:href="#xpointer(id('tok_243')/range-to(id('tok_245')))"/><!-- ⲁ̇...ϫⲡⲟ -->
<mark id="word_246" xlink:href="#xpointer(id('tok_246')/range-to(id('tok_247')))"/><!-- ⲛⲁ...ϥ -->
<mark id="word_248" xlink:href="#xpointer(id('tok_248')/range-to(id('tok_250')))"/><!-- ⲛ̇...ⲕⲟⲗⲗⲩϭⲉ -->
<mark id="word_251" xlink:href="#xpointer(id('tok_251')/range-to(id('tok_252')))"/><!-- ⲧⲏ̇ⲣ...ⲥ̇ -->
<mark id="word_253" xlink:href="#xpointer(id('tok_253')/range-to(id('tok_256')))"/><!-- ϫⲉ...ⲕⲱ -->
<mark id="word_257" xlink:href="#xpointer(id('tok_257')/range-to(id('tok_258')))"/><!-- ⲛ̇ⲥⲱ...ϥ -->
<mark id="word_259" xlink:href="#xpointer(id('tok_259')/range-to(id('tok_261')))"/><!-- ⲙ̇...ⲟⲩⲱ̇ϣ -->
<mark id="word_262" xlink:href="#xpointer(id('tok_262')/range-to(id('tok_264')))"/><!-- ⲉ̇ⲧ̇ⲃⲉ...ⲛⲟⲩⲧⲉ -->
<mark id="word_265" xlink:href="#xpointer(id('tok_265')/range-to(id('tok_266')))"/><!-- ....ⲻ -->
</markList>
</paula>
