<?xml version="1.0" encoding="UTF-8" standalone="no"?>

<!DOCTYPE paula SYSTEM "paula_mark.dtd">
<paula version="1.0">

<header paula_id="AP.34.theodorus_noteSeg"/>

<markList xmlns:xlink="http://www.w3.org/1999/xlink" type="noteSeg" xml:base="AP.34.theodorus.tok.xml">
<mark id="note_1" xlink:href="#tok_1"/><!-- Ⲟ -->
<mark id="note_34" xlink:href="#tok_34"/><!-- Ⲡ -->
<mark id="note_61" xlink:href="#tok_61"/><!-- Ⲁ -->
<mark id="note_98" xlink:href="#tok_98"/><!-- Ⲡ -->
<mark id="note_128" xlink:href="#tok_128"/><!-- Ⲉ -->
<mark id="note_171" xlink:href="#tok_171"/><!-- Ϫ -->
<mark id="note_181" xlink:href="#tok_181"/><!-- Ⲡ -->
</markList>
</paula>
