<?xml version="1.0" encoding="UTF-8" standalone="no"?>

<!DOCTYPE paula SYSTEM "paula_feat.dtd">
<paula version="1.0">

<header paula_id="Mark_1_word"/>

<featList xmlns:xlink="http://www.w3.org/1999/xlink" type="word" xml:base="Mark_1.wordSeg.xml">
<feat xlink:href="#word_1" value="ⲧⲁⲣⲭⲏ"/><!-- ⲧ -->
<feat xlink:href="#word_3" value="ⲙⲡⲉⲩⲁⲅⲅⲉⲗⲓⲟⲛ"/><!-- ⲙ -->
<feat xlink:href="#word_6" value="ⲛⲓⲏⲥⲟⲩⲥ"/><!-- ⲛ -->
<feat xlink:href="#word_8" value="ⲡⲉⲭⲣⲓⲥⲧⲟⲥ"/><!-- ⲡⲉ -->
<feat xlink:href="#word_10" value="["/><!-- [ -->
<feat xlink:href="#word_11" value="ⲡϣⲏⲣⲉ"/><!-- ⲡ -->
<feat xlink:href="#word_13" value="ⲙⲡⲛⲟⲩⲧⲉ"/><!-- ⲙ -->
<feat xlink:href="#word_16" value="]"/><!-- ] -->
<feat xlink:href="#word_17" value="."/><!-- . -->
<feat xlink:href="#word_18" value="ⲕⲁⲧⲁⲡⲉⲧⲥⲏϩ"/><!-- ⲕⲁⲧⲁ -->
<feat xlink:href="#word_22" value="ϩⲛⲏⲥⲁⲓⲁⲥ"/><!-- ϩⲛ -->
<feat xlink:href="#word_24" value="ⲡⲉⲡⲣⲟⲫⲏⲧⲏⲥ"/><!-- ⲡⲉ -->
<feat xlink:href="#word_26" value="ϫⲉⲉⲓⲥϩⲏⲏⲧⲉ"/><!-- ϫⲉ -->
<feat xlink:href="#word_29" value="ϯⲛⲁϫⲉⲩⲡⲁⲁⲅⲅⲉⲗⲟⲥ"/><!-- ϯ -->
<feat xlink:href="#word_34" value="ϩⲓϩⲏ"/><!-- ϩⲓ -->
<feat xlink:href="#word_36" value="ⲙⲙⲟⲕ"/><!-- ⲙⲙⲟ -->
<feat xlink:href="#word_38" value="ⲛϥⲥⲃⲧⲉ"/><!-- ⲛ -->
<feat xlink:href="#word_41" value="ⲧⲉⲕϩⲓⲏ"/><!-- ⲧⲉⲕ -->
<feat xlink:href="#word_43" value="."/><!-- . -->
<feat xlink:href="#word_44" value="ⲡⲉϩⲣⲟⲟⲩ"/><!-- ⲡⲉ -->
<feat xlink:href="#word_46" value="ⲙⲡⲉⲧⲱϣ"/><!-- ⲙ -->
<feat xlink:href="#word_50" value="ⲉⲃⲟⲗ"/><!-- ⲉⲃⲟⲗ -->
<feat xlink:href="#word_51" value="ϩⲛⲧⲉⲣⲏⲙⲟⲥ"/><!-- ϩⲛ -->
<feat xlink:href="#word_54" value="ϫⲉⲥⲟⲩⲧⲛ"/><!-- ϫⲉ -->
<feat xlink:href="#word_56" value="ⲧⲉϩⲓⲏ"/><!-- ⲧⲉ -->
<feat xlink:href="#word_58" value="ⲙⲡϫⲟⲉⲓⲥ"/><!-- ⲙ -->
<feat xlink:href="#word_61" value="ⲛⲧⲉⲧⲛ"/><!-- ⲛ -->
<feat xlink:href="#word_63" value="ⲥⲟⲩⲧⲛⲛⲉϥⲙⲟⲓⲧ"/><!-- ⲥⲟⲩⲧⲛ -->
<feat xlink:href="#word_66" value="."/><!-- . -->
<feat xlink:href="#word_67" value="ⲁϥϣⲱⲡⲉ"/><!-- ⲁ -->
<feat xlink:href="#word_70" value="ⲇⲉ"/><!-- ⲇⲉ -->
<feat xlink:href="#word_71" value="ⲛϭⲓⲓⲱϩⲁⲛⲛⲏⲥ"/><!-- ⲛϭⲓ -->
<feat xlink:href="#word_73" value="ⲉϥϯⲃⲁⲡⲧⲓⲥⲙⲁ"/><!-- ⲉ -->
<feat xlink:href="#word_77" value="ⲙⲡϫⲁⲓⲉ"/><!-- ⲙ -->
<feat xlink:href="#word_80" value="ⲉϥⲕⲏⲣⲩⲥⲥⲉ"/><!-- ⲉ -->
<feat xlink:href="#word_83" value="ⲛⲟⲩⲃⲁⲡⲧⲓⲥⲙⲁ"/><!-- ⲛ -->
<feat xlink:href="#word_86" value="ⲙⲙⲉⲧⲁⲛⲟⲓⲁ"/><!-- ⲙ -->
<feat xlink:href="#word_88" value="ⲉⲡⲕⲱ"/><!-- ⲉ -->
<feat xlink:href="#word_91" value="ⲉⲃⲟⲗ"/><!-- ⲉⲃⲟⲗ -->
<feat xlink:href="#word_92" value="ⲛⲛⲛⲟⲃⲉ"/><!-- ⲛ -->
<feat xlink:href="#word_95" value="."/><!-- . -->
<feat xlink:href="#word_96" value="ⲁⲩⲱ"/><!-- ⲁⲩⲱ -->
<feat xlink:href="#word_97" value="ⲁⲥⲃⲱⲕ"/><!-- ⲁ -->
<feat xlink:href="#word_100" value="ⲛⲁϥ"/><!-- ⲛⲁ -->
<feat xlink:href="#word_102" value="ⲉⲃⲟⲗ"/><!-- ⲉⲃⲟⲗ -->
<feat xlink:href="#word_103" value="ⲛϭⲓⲧⲉⲭⲱⲣⲁ"/><!-- ⲛϭⲓ -->
<feat xlink:href="#word_106" value="ⲧⲏⲣⲥ"/><!-- ⲧⲏⲣ -->
<feat xlink:href="#word_108" value="ⲛⲧⲓⲟⲩⲇⲁⲓⲁ"/><!-- ⲛ -->
<feat xlink:href="#word_111" value="ⲛⲙⲛⲁ"/><!-- ⲛⲙ -->
<feat xlink:href="#word_113" value="ⲧϩⲓⲉⲣⲟⲥⲟⲗⲩⲙⲁ"/><!-- ⲑ -->
<feat xlink:href="#word_115" value="ⲧⲏⲣⲟⲩ"/><!-- ⲧⲏⲣ -->
<feat xlink:href="#word_117" value="ⲁⲩϫⲓ"/><!-- ⲁ -->
<feat xlink:href="#word_120" value="ⲃⲁⲡⲧⲓⲥⲙⲁ"/><!-- ⲃⲁⲡⲧⲓⲥⲙⲁ -->
<feat xlink:href="#word_121" value="ⲛⲧⲟⲟⲧϥ"/><!-- ⲛⲧⲟⲟⲧ -->
<feat xlink:href="#word_123" value="ϩⲙⲡⲓⲟⲣⲇⲁⲛⲏⲥ"/><!-- ϩⲙ -->
<feat xlink:href="#word_126" value="ⲡⲓⲉⲣⲟ"/><!-- ⲡ -->
<feat xlink:href="#word_128" value="ⲉⲩⲉⲝⲟⲙⲟⲗⲟⲅⲓ"/><!-- ⲉ -->
<feat xlink:href="#word_131" value="ⲛⲛⲉⲩⲛⲟⲃⲉ"/><!-- ⲛ -->
<feat xlink:href="#word_134" value="."/><!-- . -->
<feat xlink:href="#word_135" value="ⲁⲩⲱ"/><!-- ⲁⲩⲱ -->
<feat xlink:href="#word_136" value="ⲓⲱϩⲁⲛⲛⲏⲥ"/><!-- ⲓⲱϩⲁⲛⲛⲏⲥ -->
<feat xlink:href="#word_137" value="ⲛⲉⲣⲉϩⲉⲛϥⲱ"/><!-- ⲛⲉⲣⲉ -->
<feat xlink:href="#word_140" value="ⲛϭⲁⲙⲟⲩⲗ"/><!-- ⲛ -->
<feat xlink:href="#word_142" value="ⲧⲟ"/><!-- ⲧⲟ -->
<feat xlink:href="#word_143" value="ϩⲓⲱⲱϥ"/><!-- ϩⲓⲱⲱ -->
<feat xlink:href="#word_145" value="ⲉⲣⲉⲟⲩⲙⲟϫ"/><!-- ⲉⲣⲉ -->
<feat xlink:href="#word_148" value="ⲛϣⲁⲁⲣ"/><!-- ⲛ -->
<feat xlink:href="#word_150" value="ⲙⲏⲣ"/><!-- ⲙⲏⲣ -->
<feat xlink:href="#word_151" value="ⲉⲧⲉϥϯⲡⲉ"/><!-- ⲉ -->
<feat xlink:href="#word_154" value="."/><!-- . -->
<feat xlink:href="#word_155" value="ⲉϥⲟⲩⲉⲙϣϫⲉ"/><!-- ⲉ -->
<feat xlink:href="#word_159" value="ϩⲓⲉⲃⲓⲱ"/><!-- ϩⲓ -->
<feat xlink:href="#word_161" value="ⲛϩⲟⲟⲩⲧ"/><!-- ⲛ -->
<feat xlink:href="#word_163" value="."/><!-- . -->
<feat xlink:href="#word_164" value="ⲁⲩⲱ"/><!-- ⲁⲩⲱ -->
<feat xlink:href="#word_165" value="ⲛⲉϥⲧⲁϣⲉⲟⲓϣ"/><!-- ⲛⲉ -->
<feat xlink:href="#word_169" value="ⲉϥϫⲱ"/><!-- ⲉ -->
<feat xlink:href="#word_172" value="ⲙⲙⲟⲥ"/><!-- ⲙⲙⲟ -->
<feat xlink:href="#word_174" value="ϫⲉϥⲛⲏⲩ"/><!-- ϫⲉ -->
<feat xlink:href="#word_177" value="ⲙⲛⲛⲥⲱⲉⲓ"/><!-- ⲙⲛⲛⲥⲱ -->
<feat xlink:href="#word_179" value="ⲛϭⲓⲡⲉⲧϫⲟⲟⲣ"/><!-- ⲛϭⲓ -->
<feat xlink:href="#word_183" value="ⲉⲣⲟⲉⲓ"/><!-- ⲉⲣⲟ -->
<feat xlink:href="#word_185" value="ⲉⲁⲛⲅⲟⲩϩⲓⲕⲁⲛⲟⲥ"/><!-- ⲉ -->
<feat xlink:href="#word_189" value="ⲁⲛ"/><!-- ⲁⲛ -->
<feat xlink:href="#word_190" value="ⲉⲡⲁϩⲧ"/><!-- ⲉ -->
<feat xlink:href="#word_192" value="ⲉⲃⲱⲗ"/><!-- ⲉ -->
<feat xlink:href="#word_194" value="ⲉⲃⲟⲗ"/><!-- ⲉⲃⲟⲗ -->
<feat xlink:href="#word_195" value="ⲙⲡⲙⲟⲩⲥ"/><!-- ⲙ -->
<feat xlink:href="#word_198" value="ⲙⲡⲉϥⲧⲟⲟⲩⲉ"/><!-- ⲙ -->
<feat xlink:href="#word_201" value="."/><!-- . -->
<feat xlink:href="#word_202" value="ⲁⲛⲟⲕ"/><!-- ⲁⲛⲟⲕ -->
<feat xlink:href="#word_203" value="ⲁⲉⲓϯⲃⲁⲡⲧⲓⲥⲙⲁ"/><!-- ⲁ -->
<feat xlink:href="#word_207" value="ⲛⲏⲧⲛ"/><!-- ⲛⲏ -->
<feat xlink:href="#word_209" value="ϩⲛⲟⲩⲙⲟⲟⲩ"/><!-- ϩⲛ -->
<feat xlink:href="#word_212" value="."/><!-- . -->
<feat xlink:href="#word_213" value="ⲛⲧⲟϥ"/><!-- ⲛⲧⲟϥ -->
<feat xlink:href="#word_214" value="ⲇⲉ"/><!-- ⲇⲉ -->
<feat xlink:href="#word_215" value="ⲉϥⲛⲁⲃⲁⲡⲧⲓⲍⲉ"/><!-- ⲉ -->
<feat xlink:href="#word_219" value="ⲙⲙⲱⲧⲛ"/><!-- ⲙⲙⲱ -->
<feat xlink:href="#word_221" value="ϩⲛⲟⲩⲡⲛⲉⲩⲙⲁ"/><!-- ϩⲛ -->
<feat xlink:href="#word_224" value="ⲉϥⲟⲩⲁⲁⲃ"/><!-- ⲉ -->
<feat xlink:href="#word_227" value="."/><!-- . -->
<feat xlink:href="#word_228" value="ⲁⲩⲱ"/><!-- ⲁⲩⲱ -->
<feat xlink:href="#word_229" value="ⲁⲥϣⲱⲡⲉ"/><!-- ⲁ -->
<feat xlink:href="#word_232" value="ϩⲛⲛⲉϩⲟⲟⲩ"/><!-- ϩⲛ -->
<feat xlink:href="#word_235" value="ⲉⲧⲙⲙⲁⲩ"/><!-- ⲉⲧ -->
<feat xlink:href="#word_237" value="ⲁϥⲉⲓ"/><!-- ⲁ -->
<feat xlink:href="#word_240" value="ⲛϭⲓⲓⲏⲥⲟⲩⲥ"/><!-- ⲛϭⲓ -->
<feat xlink:href="#word_242" value="ⲉⲃⲟⲗ"/><!-- ⲉⲃⲟⲗ -->
<feat xlink:href="#word_243" value="ϩⲛⲛⲁⲍⲁⲣⲉⲑ"/><!-- ϩⲛ -->
<feat xlink:href="#word_245" value="ⲛⲧⲉⲧⲅⲁⲗⲓⲗⲁⲓⲁ"/><!-- ⲛⲧⲉ -->
<feat xlink:href="#word_248" value="ⲁⲩⲱ"/><!-- ⲁⲩⲱ -->
<feat xlink:href="#word_249" value="ⲁϥϫⲓⲃⲁⲡⲧⲓⲥⲙⲁ"/><!-- ⲁ -->
<feat xlink:href="#word_253" value="ϩⲙⲡⲓⲟⲣⲇⲁⲛⲏⲥ"/><!-- ϩⲙ -->
<feat xlink:href="#word_256" value="ⲛⲧⲛⲓⲱϩⲁⲛⲛⲏⲥ"/><!-- ⲛⲧⲛ -->
<feat xlink:href="#word_258" value="ⲛⲧⲉⲩⲛⲟⲩ"/><!-- ⲛⲧⲉⲩⲛⲟⲩ -->
<feat xlink:href="#word_259" value="ⲇⲉ"/><!-- ⲇⲉ -->
<feat xlink:href="#word_260" value="ⲉϥⲛⲏⲩ"/><!-- ⲉ -->
<feat xlink:href="#word_263" value="ⲉϩⲣⲁⲓ"/><!-- ⲉϩⲣⲁⲓ -->
<feat xlink:href="#word_264" value="ⲙⲡⲙⲟⲟⲩ"/><!-- ⲙ -->
<feat xlink:href="#word_267" value="ⲁϥⲛⲁⲩ"/><!-- ⲁ -->
<feat xlink:href="#word_270" value="ⲉⲙⲡⲏⲩⲉ"/><!-- ⲉⲙⲡⲏⲩⲉ -->
<feat xlink:href="#word_271" value="ⲉⲁⲩⲟⲩⲱⲛ"/><!-- ⲉ -->
<feat xlink:href="#word_275" value="ⲁⲩⲱ"/><!-- ⲁⲩⲱ -->
<feat xlink:href="#word_276" value="ⲡⲉⲡⲛⲉⲩⲙⲁ"/><!-- ⲡⲉ -->
<feat xlink:href="#word_278" value="ⲉϥⲛⲏⲩ"/><!-- ⲉ -->
<feat xlink:href="#word_281" value="ⲉⲡⲉⲥⲏⲧ"/><!-- ⲉⲡⲉⲥⲏⲧ -->
<feat xlink:href="#word_282" value="ⲉϫⲱϥ"/><!-- ⲉϫⲱ -->
<feat xlink:href="#word_284" value="ⲛⲧϩⲉ"/><!-- ⲛ -->
<feat xlink:href="#word_287" value="ⲛⲟⲩϭⲣⲟⲟⲙⲡⲉ"/><!-- ⲛ -->
<feat xlink:href="#word_290" value="ⲁⲩⲱ"/><!-- ⲁⲩⲱ -->
<feat xlink:href="#word_291" value="ⲟⲩⲥⲙⲏ"/><!-- ⲟⲩ -->
<feat xlink:href="#word_293" value="ⲁⲥϣⲱⲡⲉ"/><!-- ⲁ -->
<feat xlink:href="#word_296" value="ⲉⲃⲟⲗ"/><!-- ⲉⲃⲟⲗ -->
<feat xlink:href="#word_297" value="ϩⲛⲙⲡⲏⲩⲉ"/><!-- ϩⲛ -->
<feat xlink:href="#word_300" value="ϫⲉⲛⲧⲟⲕ"/><!-- ϫⲉ -->
<feat xlink:href="#word_302" value="ⲡⲉ"/><!-- ⲡⲉ -->
<feat xlink:href="#word_303" value="ⲡⲁϣⲏⲣⲉ"/><!-- ⲡⲁ -->
<feat xlink:href="#word_305" value="ⲡⲁⲙⲉⲣⲓⲧ"/><!-- ⲡⲁ -->
<feat xlink:href="#word_307" value="ⲉⲛⲧⲁⲡⲁⲟⲩⲱϣ"/><!-- ⲉⲛⲧ -->
<feat xlink:href="#word_311" value="ϣⲱⲡⲉ"/><!-- ϣⲱⲡⲉ -->
<feat xlink:href="#word_312" value="ⲛϩⲏⲧⲕ"/><!-- ⲛϩⲏⲧ -->
<feat xlink:href="#word_314" value="ⲁⲩⲱ"/><!-- ⲁⲩⲱ -->
<feat xlink:href="#word_315" value="ⲧⲉⲩⲛⲟⲩ"/><!-- ⲧⲉ -->
<feat xlink:href="#word_317" value="ⲡⲉⲡⲛⲉⲩⲙⲁ"/><!-- ⲡⲉ -->
<feat xlink:href="#word_319" value="ⲁϥϫⲓⲧϥ"/><!-- ⲁ -->
<feat xlink:href="#word_323" value="ⲉⲃⲟⲗ"/><!-- ⲉⲃⲟⲗ -->
<feat xlink:href="#word_324" value="ⲉⲧⲉⲣⲏⲙⲟⲥ"/><!-- ⲉ -->
<feat xlink:href="#word_327" value="ⲁⲩⲱ"/><!-- ⲁⲩⲱ -->
<feat xlink:href="#word_328" value="ⲛⲉϥϩⲛⲧⲉⲣⲏⲙⲟⲥ"/><!-- ⲛⲉ -->
<feat xlink:href="#word_333" value="ⲛϩⲙⲉ"/><!-- ⲛ -->
<feat xlink:href="#word_335" value="ⲛϩⲟⲟⲩ"/><!-- ⲛ -->
<feat xlink:href="#word_337" value="ⲉⲣⲉⲡⲥⲁⲧⲁⲛⲁⲥ"/><!-- ⲉⲣⲉ -->
<feat xlink:href="#word_340" value="ⲡⲉⲓⲣⲁⲍⲉ"/><!-- ⲡⲉⲓⲣⲁⲍⲉ -->
<feat xlink:href="#word_341" value="ⲙⲙⲟϥ"/><!-- ⲙⲙⲟ -->
<feat xlink:href="#word_343" value="ⲉϥϣⲟⲟⲡ"/><!-- ⲉ -->
<feat xlink:href="#word_346" value="ⲙⲛⲛⲉⲑⲏⲣⲓⲟⲛ"/><!-- ⲙⲛ -->
<feat xlink:href="#word_349" value="."/><!-- . -->
<feat xlink:href="#word_350" value="ⲁⲩⲱ"/><!-- ⲁⲩⲱ -->
<feat xlink:href="#word_351" value="ⲛⲁⲅⲅⲉⲗⲟⲥ"/><!-- ⲛ -->
<feat xlink:href="#word_353" value="ⲛⲉⲩⲇⲓⲁⲕⲟⲛⲓ"/><!-- ⲛⲉ -->
<feat xlink:href="#word_356" value="ⲛⲁϥ"/><!-- ⲛⲁ -->
<feat xlink:href="#word_358" value="."/><!-- . -->
<feat xlink:href="#word_359" value="ⲙⲛⲛⲥⲁⲛⲥⲉⲡⲁⲣⲁⲇⲓⲇⲟⲩ"/><!-- ⲙⲛⲛⲥⲁ -->
<feat xlink:href="#word_363" value="ⲛⲓⲱϩⲁⲛⲛⲏⲥ"/><!-- ⲛ -->
<feat xlink:href="#word_365" value="ⲁϥⲉⲓ"/><!-- ⲁ -->
<feat xlink:href="#word_368" value="ⲛϭⲓⲓⲏⲥⲟⲩⲥ"/><!-- ⲛϭⲓ -->
<feat xlink:href="#word_370" value="ⲉⲧⲅⲁⲗⲓⲗⲁⲓⲁ"/><!-- ⲉ -->
<feat xlink:href="#word_373" value="ⲉϥⲕⲏⲣⲩⲥⲥⲉ"/><!-- ⲉ -->
<feat xlink:href="#word_376" value="ⲙⲡⲉⲩⲁⲅⲅⲉⲗⲓⲟⲛ"/><!-- ⲙ -->
<feat xlink:href="#word_379" value="ⲙⲡⲛⲟⲩⲧⲉ"/><!-- ⲙ -->
<feat xlink:href="#word_382" value="ϫⲉⲁⲡⲉⲩⲟⲓϣ"/><!-- ϫⲉ -->
<feat xlink:href="#word_386" value="ϫⲱⲕ"/><!-- ϫⲱⲕ -->
<feat xlink:href="#word_387" value="ⲉⲃⲟⲗ"/><!-- ⲉⲃⲟⲗ -->
<feat xlink:href="#word_388" value="ⲁⲩⲱ"/><!-- ⲁⲩⲱ -->
<feat xlink:href="#word_389" value="ⲁⲥϩⲱⲛ"/><!-- ⲁ -->
<feat xlink:href="#word_392" value="ⲉϩⲟⲩⲛ"/><!-- ⲉϩⲟⲩⲛ -->
<feat xlink:href="#word_393" value="ⲛϭⲓⲧⲙⲛⲧⲣⲣⲟ"/><!-- ⲛϭⲓ -->
<feat xlink:href="#word_396" value="ⲙⲡⲛⲟⲩⲧⲉ"/><!-- ⲙ -->
<feat xlink:href="#word_399" value="ⲙⲉⲧⲁⲛⲟⲓ"/><!-- ⲙⲉⲧⲁⲛⲟⲓ -->
<feat xlink:href="#word_400" value="ⲛⲧⲉⲧⲛⲡⲓⲥⲧⲉⲩⲉ"/><!-- ⲛ -->
<feat xlink:href="#word_403" value="ϩⲙⲡⲉⲩⲁⲅⲅⲉⲗⲓⲟⲛ"/><!-- ϩⲙ -->
<feat xlink:href="#word_406" value="."/><!-- . -->
<feat xlink:href="#word_407" value="ⲁⲩⲱ"/><!-- ⲁⲩⲱ -->
<feat xlink:href="#word_408" value="ⲉϥⲙⲟⲟϣⲉ"/><!-- ⲉ -->
<feat xlink:href="#word_411" value="ϩⲁⲧⲛⲧⲉⲑⲁⲗⲁⲥⲥⲁ"/><!-- ϩⲁⲧⲛ -->
<feat xlink:href="#word_414" value="ⲛⲧⲅⲁⲗⲓⲗⲁⲓⲁ"/><!-- ⲛ -->
<feat xlink:href="#word_417" value="ⲁϥⲛⲁⲩ"/><!-- ⲁ -->
<feat xlink:href="#word_420" value="ⲉⲥⲓⲙⲱⲛ"/><!-- ⲉ -->
<feat xlink:href="#word_422" value="ⲛⲙⲁⲛⲇⲣⲉⲁⲥ"/><!-- ⲛⲙ -->
<feat xlink:href="#word_424" value="ⲡⲥⲟⲛ"/><!-- ⲡ -->
<feat xlink:href="#word_426" value="ⲛⲥⲓⲙⲱⲛ"/><!-- ⲛ -->
<feat xlink:href="#word_428" value="ⲉⲩⲛⲟⲩϫϣⲛⲉ"/><!-- ⲉ -->
<feat xlink:href="#word_432" value="ⲉⲧⲉⲑⲁⲗⲁⲥⲥⲁ"/><!-- ⲉ -->
<feat xlink:href="#word_435" value="ⲛⲉϩⲉⲛⲟⲩⲱϩⲉ"/><!-- ⲛⲉ -->
<feat xlink:href="#word_438" value="ⲅⲁⲣ"/><!-- ⲅⲁⲣ -->
<feat xlink:href="#word_439" value="ⲛⲉ"/><!-- ⲛⲉ -->
<feat xlink:href="#word_440" value="."/><!-- . -->
<feat xlink:href="#word_441" value="ⲡⲉϫⲁϥ"/><!-- ⲡⲉϫⲁ -->
<feat xlink:href="#word_443" value="ⲛⲁⲩ"/><!-- ⲛⲁ -->
<feat xlink:href="#word_445" value="ⲛϭⲓⲓⲏⲥⲟⲩⲥ"/><!-- ⲛϭⲓ -->
<feat xlink:href="#word_447" value="ϫⲉⲁⲙⲏⲉⲓⲛ"/><!-- ϫⲉ -->
<feat xlink:href="#word_449" value="ⲟⲩⲉϩⲧⲏⲩⲧⲛ"/><!-- ⲟⲩⲉϩ -->
<feat xlink:href="#word_451" value="ⲛⲥⲱⲓ"/><!-- ⲛⲥⲱ -->
<feat xlink:href="#word_453" value="ⲁⲩⲱ"/><!-- ⲁⲩⲱ -->
<feat xlink:href="#word_454" value="ϯⲛⲁⲣⲧⲏⲩⲧⲛ"/><!-- ϯ -->
<feat xlink:href="#word_458" value="ⲛⲟⲩⲱϩⲉ"/><!-- ⲛ -->
<feat xlink:href="#word_460" value="ⲛⲣⲉϥϭⲉⲡⲣⲱⲙⲉ"/><!-- ⲛ -->
<feat xlink:href="#word_462" value="."/><!-- . -->
<feat xlink:href="#word_463" value="ⲛⲧⲉⲩⲛⲟⲩ"/><!-- ⲛ -->
<feat xlink:href="#word_466" value="ⲇⲉ"/><!-- ⲇⲉ -->
<feat xlink:href="#word_467" value="ⲁⲩⲕⲁⲛⲉⲩϣⲛⲏⲩ"/><!-- ⲁ -->
<feat xlink:href="#word_472" value="ⲁⲩⲟⲩⲁϩⲟⲩ"/><!-- ⲁ -->
<feat xlink:href="#word_476" value="ⲛⲥⲱϥ"/><!-- ⲛⲥⲱ -->
<feat xlink:href="#word_478" value="ⲁⲩⲱ"/><!-- ⲁⲩⲱ -->
<feat xlink:href="#word_479" value="ⲛⲧⲉⲣⲉϥⲙⲟⲟϣⲉ"/><!-- ⲛⲧⲉⲣⲉ -->
<feat xlink:href="#word_482" value="ⲉⲧϩⲏ"/><!-- ⲉ -->
<feat xlink:href="#word_485" value="ⲛⲟⲩⲕⲟⲩⲉⲓ"/><!-- ⲛ -->
<feat xlink:href="#word_488" value="ⲁϥⲛⲁⲩ"/><!-- ⲁ -->
<feat xlink:href="#word_491" value="ⲉⲓⲁⲕⲱⲃⲟⲥ"/><!-- ⲉ -->
<feat xlink:href="#word_493" value="ⲡϣⲏⲣⲉ"/><!-- ⲡ -->
<feat xlink:href="#word_495" value="ⲛⲍⲉⲃⲉⲇⲁⲓⲟⲥ"/><!-- ⲛ -->
<feat xlink:href="#word_497" value="ⲛⲙⲓⲱϩⲁⲛⲛⲏⲥ"/><!-- ⲛⲙ -->
<feat xlink:href="#word_499" value="ⲡⲉϥⲥⲟⲛ"/><!-- ⲡⲉϥ -->
<feat xlink:href="#word_501" value="ⲛⲧⲟⲟⲩ"/><!-- ⲛⲧⲟⲟⲩ -->
<feat xlink:href="#word_502" value="ϩⲱⲟⲩ"/><!-- ϩⲱ -->
<feat xlink:href="#word_504" value="ⲉⲩϩⲙⲡϫⲟⲉⲓ"/><!-- ⲉ -->
<feat xlink:href="#word_509" value="ⲉⲩⲥⲟⲃⲧⲉ"/><!-- ⲉ -->
<feat xlink:href="#word_512" value="ⲛⲛⲉⲩϣⲛⲏⲩ"/><!-- ⲛ -->
<feat xlink:href="#word_515" value="ⲛⲧⲉⲩⲛⲟⲩ"/><!-- ⲛ -->
<feat xlink:href="#word_518" value="ⲁϥⲙⲟⲩⲧⲉ"/><!-- ⲁ -->
<feat xlink:href="#word_521" value="ⲉⲣⲟⲟⲩ"/><!-- ⲉⲣⲟ -->
<feat xlink:href="#word_523" value="ⲁⲩⲱ"/><!-- ⲁⲩⲱ -->
<feat xlink:href="#word_524" value="ⲁⲩⲕⲁⲡⲉⲩⲓⲱⲧ"/><!-- ⲁ -->
<feat xlink:href="#word_529" value="ⲍⲉⲃⲉⲇⲁⲓⲟⲥ"/><!-- ⲍⲉⲃⲉⲇⲁⲓⲟⲥ -->
<feat xlink:href="#word_530" value="ϩⲙⲡϫⲟⲉⲓ"/><!-- ϩⲙ -->
<feat xlink:href="#word_533" value="ⲙⲛⲛϫⲁⲓⲃⲉⲕⲉ"/><!-- ⲙⲛ -->
<feat xlink:href="#word_536" value="ⲁⲩⲃⲱⲕ"/><!-- ⲁ -->
<feat xlink:href="#word_539" value="ⲁⲩⲟⲩⲁϩⲟⲩ"/><!-- ⲁ -->
<feat xlink:href="#word_543" value="ⲛⲥⲱϥ"/><!-- ⲛⲥⲱ -->
<feat xlink:href="#word_545" value="ⲁⲩⲃⲱⲕ"/><!-- ⲁ -->
<feat xlink:href="#word_548" value="ⲇⲉ"/><!-- ⲇⲉ -->
<feat xlink:href="#word_549" value="ⲉϩⲟⲩⲛ"/><!-- ⲉϩⲟⲩⲛ -->
<feat xlink:href="#word_550" value="ⲉⲕⲁⲫⲁⲣⲛⲁⲟⲩⲙ"/><!-- ⲉ -->
<feat xlink:href="#word_552" value="ⲁⲩⲱ"/><!-- ⲁⲩⲱ -->
<feat xlink:href="#word_553" value="ⲛⲧⲉⲩⲛⲟⲩ"/><!-- ⲛ -->
<feat xlink:href="#word_556" value="ϩⲛⲛⲥⲁⲃⲃⲁⲧⲟⲛ"/><!-- ϩⲛ -->
<feat xlink:href="#word_559" value="ⲁϥϯⲥⲃⲱ"/><!-- ⲁ -->
<feat xlink:href="#word_562" value="ϩⲛⲧⲥⲩⲛⲁⲅⲱⲅⲏ"/><!-- ϩⲛ -->
<feat xlink:href="#word_565" value="ⲁⲩⲱ"/><!-- ⲁⲩⲱ -->
<feat xlink:href="#word_566" value="ⲁⲩⲣϣⲡⲏⲣⲉ"/><!-- ⲁ -->
<feat xlink:href="#word_569" value="ⲉϫⲛⲧⲉϥⲥⲃⲱ"/><!-- ⲉϫⲛ -->
<feat xlink:href="#word_572" value="ⲉϥϯⲥⲃⲱ"/><!-- ⲉ -->
<feat xlink:href="#word_575" value="ⲅⲁⲣ"/><!-- ⲅⲁⲣ -->
<feat xlink:href="#word_576" value="ⲛⲁⲩ"/><!-- ⲛⲁ -->
<feat xlink:href="#word_578" value="ⲛⲧϩⲉ"/><!-- ⲛ -->
<feat xlink:href="#word_581" value="ⲁⲛ"/><!-- ⲁⲛ -->
<feat xlink:href="#word_582" value="ⲉⲧⲟⲩϯⲥⲃⲱ"/><!-- ⲉⲧ -->
<feat xlink:href="#word_585" value="ⲛϭⲓⲛⲉⲅⲣⲁⲙⲙⲁⲧⲉⲩⲥ"/><!-- ⲛϭⲓ -->
<feat xlink:href="#word_588" value="ϩⲱⲥⲉⲩⲛⲧϥⲧⲉⲝⲟⲩⲥⲓⲁ"/><!-- ϩⲱⲥ -->
<feat xlink:href="#word_594" value="ⲙⲙⲁⲩ"/><!-- ⲙⲙⲁⲩ -->
<feat xlink:href="#word_595" value="ⲁⲩⲱ"/><!-- ⲁⲩⲱ -->
<feat xlink:href="#word_596" value="ⲛⲧⲉⲩⲛⲟⲩ"/><!-- ⲛ -->
<feat xlink:href="#word_599" value="ⲛⲉⲩⲛⲟⲩⲣⲱⲙⲉ"/><!-- ⲛⲉ -->
<feat xlink:href="#word_603" value="ϩⲛⲧⲥⲩⲛⲁⲅⲱⲅⲏ"/><!-- ϩⲛ -->
<feat xlink:href="#word_606" value="ⲉⲣⲉ"/><!-- ⲉⲣⲉ -->
<feat xlink:href="#word_607" value="ⲟⲩⲡⲛⲉⲩⲙⲁ"/><!-- ⲟⲩ -->
<feat xlink:href="#word_609" value="ⲛⲁⲕⲁⲑⲁⲣⲧⲟⲛ"/><!-- ⲛ -->
<feat xlink:href="#word_611" value="ⲛⲙⲙⲁϥ"/><!-- ⲛⲙⲙⲁ -->
<feat xlink:href="#word_613" value="ⲁⲩⲱ"/><!-- ⲁⲩⲱ -->
<feat xlink:href="#word_614" value="ⲁϥϫⲓϣⲕⲁⲕ"/><!-- ⲁ -->
<feat xlink:href="#word_618" value="ⲉⲃⲟⲗ"/><!-- ⲉⲃⲟⲗ -->
<feat xlink:href="#word_619" value="ⲉϥϫⲱ"/><!-- ⲉ -->
<feat xlink:href="#word_622" value="ⲙⲙⲟⲥ"/><!-- ⲙⲙⲟ -->
<feat xlink:href="#word_624" value="ϫⲉⲁϩⲣⲟⲕ"/><!-- ϫⲉ -->
<feat xlink:href="#word_627" value="ⲛⲙⲙⲁⲛ"/><!-- ⲛⲙⲙⲁ -->
<feat xlink:href="#word_629" value="ⲓⲏⲥⲟⲩⲥ"/><!-- ⲓⲏⲥⲟⲩⲥ -->
<feat xlink:href="#word_630" value="ⲡⲛⲁⲍⲱⲣⲁⲓⲟⲥ"/><!-- ⲡ -->
<feat xlink:href="#word_632" value="ⲛⲧⲁⲕⲉⲓ"/><!-- ⲛⲧ -->
<feat xlink:href="#word_636" value="ⲉⲧⲁⲕⲟⲛ"/><!-- ⲉ -->
<feat xlink:href="#word_639" value="ϯⲥⲟⲟⲩⲛ"/><!-- ϯ -->
<feat xlink:href="#word_641" value="ⲙⲙⲟⲕ"/><!-- ⲙⲙⲟ -->
<feat xlink:href="#word_643" value="ϫⲉⲛⲧⲕⲛⲓⲙ"/><!-- ϫⲉ -->
<feat xlink:href="#word_646" value="ⲛⲧⲕⲡⲉⲧⲟⲩⲁⲁⲃ"/><!-- ⲛⲧⲕ -->
<feat xlink:href="#word_650" value="ⲙⲡⲛⲟⲩⲧⲉ"/><!-- ⲙ -->
<feat xlink:href="#word_653" value="."/><!-- . -->
<feat xlink:href="#word_654" value="ⲁⲩⲱ"/><!-- ⲁⲩⲱ -->
<feat xlink:href="#word_655" value="ⲓⲏⲥⲟⲩⲥ"/><!-- ⲓⲏⲥⲟⲩⲥ -->
<feat xlink:href="#word_656" value="ⲁϥⲉⲡⲓⲧⲓⲙⲁ"/><!-- ⲁ -->
<feat xlink:href="#word_659" value="ⲛⲁϥ"/><!-- ⲛⲁ -->
<feat xlink:href="#word_661" value="ⲉϥϫⲱ"/><!-- ⲉ -->
<feat xlink:href="#word_664" value="ⲙⲙⲟⲥ"/><!-- ⲙⲙⲟ -->
<feat xlink:href="#word_666" value="ϫⲉⲧⲙⲣⲱⲕ"/><!-- ϫⲉ -->
<feat xlink:href="#word_670" value="ⲛⲅⲉⲓ"/><!-- ⲛ -->
<feat xlink:href="#word_673" value="ⲉⲃⲟⲗ"/><!-- ⲉⲃⲟⲗ -->
<feat xlink:href="#word_674" value="ⲙⲙⲟϥ"/><!-- ⲙⲙⲟ -->
<feat xlink:href="#word_676" value="ⲁⲩⲱ"/><!-- ⲁⲩⲱ -->
<feat xlink:href="#word_677" value="ⲛⲧⲉⲣⲉⲡⲉⲡⲛⲉⲩⲙⲁ"/><!-- ⲛⲧⲉⲣⲉ -->
<feat xlink:href="#word_680" value="ⲛⲁⲕⲁⲑⲁⲣⲧⲟⲛ"/><!-- ⲛ -->
<feat xlink:href="#word_682" value="ⲣⲁϩⲧϥ"/><!-- ⲣⲁϩⲧ -->
<feat xlink:href="#word_684" value="ⲉⲡⲕⲁϩ"/><!-- ⲉ -->
<feat xlink:href="#word_687" value="ⲁⲩⲱ"/><!-- ⲁⲩⲱ -->
<feat xlink:href="#word_688" value="ⲁϥⲱϣ"/><!-- ⲁ -->
<feat xlink:href="#word_691" value="ⲉⲃⲟⲗ"/><!-- ⲉⲃⲟⲗ -->
<feat xlink:href="#word_692" value="ϩⲛⲟⲩⲛⲟϭ"/><!-- ϩⲛ -->
<feat xlink:href="#word_695" value="ⲛϩⲣⲟⲟⲩ"/><!-- ⲛ -->
<feat xlink:href="#word_697" value="ⲁϥⲉⲓ"/><!-- ⲁ -->
<feat xlink:href="#word_700" value="ⲉⲃⲟⲗ"/><!-- ⲉⲃⲟⲗ -->
<feat xlink:href="#word_701" value="ⲙⲙⲟϥ"/><!-- ⲙⲙⲟ -->
<feat xlink:href="#word_703" value="ⲁⲩⲱ"/><!-- ⲁⲩⲱ -->
<feat xlink:href="#word_704" value="ⲁⲩⲣϩⲟⲧⲉ"/><!-- ⲁ -->
<feat xlink:href="#word_707" value="ⲧⲏⲣⲟⲩ"/><!-- ⲧⲏⲣ -->
<feat xlink:href="#word_709" value="ϩⲱⲥⲧⲉ"/><!-- ϩⲱⲥⲧⲉ -->
<feat xlink:href="#word_710" value="ⲛⲥⲉϣⲁϫⲉ"/><!-- ⲛ -->
<feat xlink:href="#word_713" value="ⲙⲛ"/><!-- ⲛⲙ -->
<feat xlink:href="#word_714" value="ⲛⲉⲩⲉⲣⲏⲩ"/><!-- ⲛⲉⲩ -->
<feat xlink:href="#word_716" value="ⲉⲩϫⲱ"/><!-- ⲉ -->
<feat xlink:href="#word_719" value="ⲙⲙⲟⲥ"/><!-- ⲙⲙⲟ -->
<feat xlink:href="#word_721" value="ϫⲉⲟⲩ"/><!-- ϫⲉ -->
<feat xlink:href="#word_723" value="ⲡⲉ"/><!-- ⲡⲉ -->
<feat xlink:href="#word_724" value="ⲡⲁⲓ"/><!-- ⲡⲁⲓ -->
<feat xlink:href="#word_725" value="ⲉⲓⲥⲟⲩⲥⲃⲱ"/><!-- ⲉⲓⲥ -->
<feat xlink:href="#word_728" value="ⲃⲃⲣⲣⲉ"/><!-- ⲃⲃⲣⲣⲉ -->
<feat xlink:href="#word_729" value="ϩⲛⲟⲩⲉⲝⲟⲩⲥⲓⲁ"/><!-- ϩⲛ -->
<feat xlink:href="#word_732" value="ⲛⲕⲉⲡⲛⲉⲩⲙⲁ"/><!-- ⲛ -->
<feat xlink:href="#word_735" value="ⲛⲁⲕⲁⲑⲁⲣⲧⲟⲛ"/><!-- ⲛ -->
<feat xlink:href="#word_737" value="ϥⲟⲩⲉϩⲥⲁϩⲛⲉ"/><!-- ϥ -->
<feat xlink:href="#word_739" value="ⲛⲁⲩ"/><!-- ⲛⲁ -->
<feat xlink:href="#word_741" value="ⲁⲩⲱ"/><!-- ⲁⲩⲱ -->
<feat xlink:href="#word_742" value="ⲥⲉⲥⲱⲧⲙ"/><!-- ⲥⲉ -->
<feat xlink:href="#word_744" value="ⲛⲥⲱϥ"/><!-- ⲛⲥⲱ -->
<feat xlink:href="#word_746" value="ⲁⲡⲉϥⲥⲟⲉⲓⲧ"/><!-- ⲁ -->
<feat xlink:href="#word_749" value="ⲃⲱⲕ"/><!-- ⲃⲱⲕ -->
<feat xlink:href="#word_750" value="ⲉⲃⲟⲗ"/><!-- ⲉⲃⲟⲗ -->
<feat xlink:href="#word_751" value="ⲛⲧⲉⲩⲛⲟⲩ"/><!-- ⲛ -->
<feat xlink:href="#word_754" value="ϩⲙⲙⲁ"/><!-- ϩⲙ -->
<feat xlink:href="#word_756" value="ⲛⲓⲙ"/><!-- ⲛⲓⲙ -->
<feat xlink:href="#word_757" value="ⲙⲡⲕⲱⲧⲉ"/><!-- ⲙ -->
<feat xlink:href="#word_760" value="ⲧⲏⲣϥ"/><!-- ⲧⲏⲣ -->
<feat xlink:href="#word_762" value="ⲛⲧⲅⲁⲗⲓⲗⲁⲓⲁ"/><!-- ⲛ -->
<feat xlink:href="#word_765" value="."/><!-- . -->
<feat xlink:href="#word_766" value="ⲛⲧⲉⲩⲛⲟⲩ"/><!-- ⲛ -->
<feat xlink:href="#word_769" value="ⲇⲉ"/><!-- ⲇⲉ -->
<feat xlink:href="#word_770" value="ⲛⲧⲉⲣⲟⲩⲉⲓ"/><!-- ⲛⲧⲉⲣ -->
<feat xlink:href="#word_773" value="ⲉⲃⲟⲗ"/><!-- ⲉⲃⲟⲗ -->
<feat xlink:href="#word_774" value="ϩⲛⲧⲥⲩⲛⲁⲅⲱⲅⲏ"/><!-- ϩⲛ -->
<feat xlink:href="#word_777" value="ⲁϥⲃⲱⲕ"/><!-- ⲁ -->
<feat xlink:href="#word_780" value="ⲉϩⲟⲩⲛ"/><!-- ⲉϩⲟⲩⲛ -->
<feat xlink:href="#word_781" value="ⲉⲡⲏⲉⲓ"/><!-- ⲉ -->
<feat xlink:href="#word_784" value="ⲛⲥⲓⲙⲱⲛ"/><!-- ⲛ -->
<feat xlink:href="#word_786" value="ⲙⲛⲁⲛⲇⲣⲉⲁⲥ"/><!-- ⲙⲛ -->
<feat xlink:href="#word_788" value="ⲛⲙⲓⲁⲕⲱⲃⲟⲥ"/><!-- ⲛⲙ -->
<feat xlink:href="#word_790" value="ⲛⲙⲓⲱϩⲁⲛⲛⲏⲥ"/><!-- ⲛⲙ -->
<feat xlink:href="#word_792" value="ⲧϣⲱⲙⲉ"/><!-- ⲧ -->
<feat xlink:href="#word_794" value="ⲇⲉ"/><!-- ⲇⲉ -->
<feat xlink:href="#word_795" value="ⲛⲥⲓⲙⲱⲛ"/><!-- ⲛ -->
<feat xlink:href="#word_797" value="ⲛⲉⲥⲛⲏϫ"/><!-- ⲛⲉ -->
<feat xlink:href="#word_800" value="ⲉⲥϩⲏⲙ"/><!-- ⲉ -->
<feat xlink:href="#word_803" value="."/><!-- . -->
<feat xlink:href="#word_804" value="ⲁⲩⲱ"/><!-- ⲁⲩⲱ -->
<feat xlink:href="#word_805" value="ⲛⲧⲉⲩⲛⲟⲩ"/><!-- ⲛ -->
<feat xlink:href="#word_808" value="ⲁⲩϣⲁϫⲉ"/><!-- ⲁ -->
<feat xlink:href="#word_811" value="ⲛⲙⲙⲁϥ"/><!-- ⲛⲙⲙⲁ -->
<feat xlink:href="#word_813" value="ⲉⲧⲃⲏⲏⲧⲥ"/><!-- ⲉⲧⲃⲏⲏⲧ -->
<feat xlink:href="#word_815" value="."/><!-- . -->
<feat xlink:href="#word_816" value="ⲁϥϯⲡⲉϥⲟⲩⲟⲉⲓ"/><!-- ⲁ -->
<feat xlink:href="#word_821" value="ⲇⲉ"/><!-- ⲇⲉ -->
<feat xlink:href="#word_822" value="ⲉⲣⲟⲥ"/><!-- ⲉⲣⲟ -->
<feat xlink:href="#word_824" value="ⲁϥⲧⲟⲩⲛⲟⲥ"/><!-- ⲁ -->
<feat xlink:href="#word_827" value="ⲉⲁϥⲁⲙⲁϩⲧⲉ"/><!-- ⲉ -->
<feat xlink:href="#word_831" value="ⲛⲧⲉⲥϭⲓϫ"/><!-- ⲛ -->
<feat xlink:href="#word_834" value="ⲁⲩⲱ"/><!-- ⲁⲩⲱ -->
<feat xlink:href="#word_835" value="ⲡⲉϩⲙⲟⲙ"/><!-- ⲡⲉ -->
<feat xlink:href="#word_837" value="ⲁϥⲗⲟ"/><!-- ⲁ -->
<feat xlink:href="#word_840" value="ϩⲓⲱⲱⲥ"/><!-- ϩⲓⲱⲱ -->
<feat xlink:href="#word_842" value="ⲁⲥⲇⲓⲁⲕⲟⲛⲓ"/><!-- ⲁ -->
<feat xlink:href="#word_845" value="ⲛⲁⲩ"/><!-- ⲛⲁ -->
<feat xlink:href="#word_847" value="."/><!-- . -->
<feat xlink:href="#word_848" value="ⲣⲟⲩϩⲉ"/><!-- ⲣⲟⲩϩⲉ -->
<feat xlink:href="#word_849" value="ⲇⲉ"/><!-- ⲇⲉ -->
<feat xlink:href="#word_850" value="ⲛⲧⲉⲣⲉϥϣⲱⲡⲉ"/><!-- ⲛⲧⲉⲣⲉ -->
<feat xlink:href="#word_853" value="ⲡⲉ"/><!-- ⲡⲉ -->
<feat xlink:href="#word_854" value="ⲉⲣⲉⲡⲣⲏ"/><!-- ⲉⲣⲉ -->
<feat xlink:href="#word_857" value="ⲛⲁϩⲱⲧⲡ"/><!-- ⲛⲁ -->
<feat xlink:href="#word_859" value="ⲁⲩⲉⲓⲛⲉ"/><!-- ⲁ -->
<feat xlink:href="#word_862" value="ⲛⲁϥ"/><!-- ⲛⲁ -->
<feat xlink:href="#word_864" value="ⲛⲛⲉⲧⲙⲟⲕϩ"/><!-- ⲛ -->
<feat xlink:href="#word_868" value="ⲧⲏⲣⲟⲩ"/><!-- ⲧⲏⲣ -->
<feat xlink:href="#word_870" value="ⲙⲛⲛⲉⲧⲉⲣⲉⲛⲇⲁⲓⲙⲱⲛⲓⲟⲛ"/><!-- ⲙⲛ -->
<feat xlink:href="#word_875" value="ⲛⲙⲙⲁⲩ"/><!-- ⲛⲙⲙⲁ -->
<feat xlink:href="#word_877" value="ⲁⲩⲱ"/><!-- ⲁⲩⲱ -->
<feat xlink:href="#word_878" value="ⲧⲡⲟⲗⲓⲥ"/><!-- ⲧ -->
<feat xlink:href="#word_880" value="ⲧⲏⲣⲥ"/><!-- ⲧⲏⲣ -->
<feat xlink:href="#word_882" value="ⲁⲥⲥⲱⲟⲩϩ"/><!-- ⲁ -->
<feat xlink:href="#word_885" value="ϩⲓⲣⲙⲡⲣⲟ"/><!-- ϩⲓⲣⲙ -->
<feat xlink:href="#word_888" value="ⲙⲡⲏⲓ"/><!-- ⲙ -->
<feat xlink:href="#word_891" value="."/><!-- . -->
<feat xlink:href="#word_892" value="ⲁϥⲑⲉⲣⲁⲡⲟⲩ"/><!-- ⲁ -->
<feat xlink:href="#word_895" value="ⲛⲟⲩⲙⲏⲏϣⲉ"/><!-- ⲛ -->
<feat xlink:href="#word_898" value="ⲉⲩⲙⲟⲕϩ"/><!-- ⲉ -->
<feat xlink:href="#word_901" value="ⲛϣⲱⲛⲉ"/><!-- ⲛ -->
<feat xlink:href="#word_903" value="ⲉⲩϣⲟⲃⲉ"/><!-- ⲉ -->
<feat xlink:href="#word_906" value="ⲁⲩⲱ"/><!-- ⲁⲩⲱ -->
<feat xlink:href="#word_907" value="ⲟⲩⲙⲏⲏϣⲉ"/><!-- ⲟⲩ -->
<feat xlink:href="#word_909" value="ⲛⲇⲁⲓⲙⲱⲛⲓⲟⲛ"/><!-- ⲛ -->
<feat xlink:href="#word_911" value="ⲁϥⲛⲟϫⲟⲩ"/><!-- ⲁ -->
<feat xlink:href="#word_915" value="ⲉⲃⲟⲗ"/><!-- ⲉⲃⲟⲗ -->
<feat xlink:href="#word_916" value="ⲉⲙⲁϥⲕⲁⲛⲇⲁⲓⲙⲱⲛⲓⲟⲛ"/><!-- ⲉ -->
<feat xlink:href="#word_922" value="ⲉϣⲁϫⲉ"/><!-- ⲉ -->
<feat xlink:href="#word_924" value="ⲉⲃⲟⲗ"/><!-- ⲉⲃⲟⲗ -->
<feat xlink:href="#word_925" value="ϫⲉⲉⲩⲥⲟⲟⲩⲛ"/><!-- ϫⲉ -->
<feat xlink:href="#word_929" value="ⲙⲙⲟϥ"/><!-- ⲙⲙⲟ -->
<feat xlink:href="#word_931" value="ⲁⲩⲱ"/><!-- ⲁⲩⲱ -->
<feat xlink:href="#word_932" value="ϩⲧⲟⲟⲩ"/><!-- ϩⲧⲟⲟⲩ -->
<feat xlink:href="#word_933" value="ⲉⲙⲁⲧⲉ"/><!-- ⲉⲙⲁⲧⲉ -->
<feat xlink:href="#word_934" value="ⲛⲧⲉⲣⲉϥⲧⲱⲟⲩⲛ"/><!-- ⲛⲧⲉⲣⲉ -->
<feat xlink:href="#word_937" value="ⲁϥⲃⲱⲕ"/><!-- ⲁ -->
<feat xlink:href="#word_940" value="ⲉⲃⲟⲗ"/><!-- ⲉⲃⲟⲗ -->
<feat xlink:href="#word_941" value="ⲉⲩⲙⲁ"/><!-- ⲉ -->
<feat xlink:href="#word_944" value="ⲛϫⲁⲓⲉ"/><!-- ⲛ -->
<feat xlink:href="#word_946" value="ⲁϥϣⲗⲏⲗ"/><!-- ⲁ -->
<feat xlink:href="#word_949" value="ⲙⲡⲛⲁⲩ"/><!-- ⲙ -->
<feat xlink:href="#word_952" value="ⲉⲧⲙⲙⲁⲩ"/><!-- ⲉⲧ -->
<feat xlink:href="#word_954" value="ⲁⲩⲱ"/><!-- ⲁⲩⲱ -->
<feat xlink:href="#word_955" value="ⲁⲩⲡⲱⲧ"/><!-- ⲁ -->
<feat xlink:href="#word_958" value="ⲉⲃⲟⲗ"/><!-- ⲉⲃⲟⲗ -->
<feat xlink:href="#word_959" value="ⲛⲥⲱϥ"/><!-- ⲛⲥⲱ -->
<feat xlink:href="#word_961" value="ⲛϭⲓⲥⲓⲙⲱⲛ"/><!-- ⲛϭⲓ -->
<feat xlink:href="#word_963" value="ⲙⲛⲛⲉⲧⲛⲙⲙⲁϥ"/><!-- ⲙⲛ -->
<feat xlink:href="#word_968" value="ⲁⲩⲧⲁϩⲟϥ"/><!-- ⲁ -->
<feat xlink:href="#word_972" value="ⲁⲩⲱ"/><!-- ⲁⲩⲱ -->
<feat xlink:href="#word_973" value="ⲡⲉϫⲁⲩ"/><!-- ⲡⲉϫⲁ -->
<feat xlink:href="#word_975" value="ⲛⲁϥ"/><!-- ⲛⲁ -->
<feat xlink:href="#word_977" value="ϫⲉⲥⲉⲕⲱⲧⲉ"/><!-- ϫⲉ -->
<feat xlink:href="#word_980" value="ⲛⲥⲱⲕ"/><!-- ⲛⲥⲱ -->
<feat xlink:href="#word_982" value="ⲧⲏⲣⲟⲩ"/><!-- ⲧⲏⲣ -->
<feat xlink:href="#word_984" value="ⲡⲉϫⲁϥ"/><!-- ⲡⲉϫⲁ -->
<feat xlink:href="#word_986" value="ⲛⲁⲩ"/><!-- ⲛⲁ -->
<feat xlink:href="#word_988" value="ϫⲉⲙⲁⲣⲟⲛ"/><!-- ϫⲉ -->
<feat xlink:href="#word_991" value="ⲉⲕⲉⲙⲁ"/><!-- ⲉ -->
<feat xlink:href="#word_994" value="ⲉⲛⲕⲉⲧⲙⲙⲟ"/><!-- ⲉ -->
<feat xlink:href="#word_998" value="ⲉⲧϩⲏⲛ"/><!-- ⲉⲧ -->
<feat xlink:href="#word_1000" value="ⲉϩⲟⲩⲛ"/><!-- ⲉϩⲟⲩⲛ -->
<feat xlink:href="#word_1001" value="ϫⲉⲕⲁⲁⲥ"/><!-- ϫⲉⲕⲁⲁⲥ -->
<feat xlink:href="#word_1002" value="ⲉⲓⲉⲕⲏⲣⲩⲥⲥⲉ"/><!-- ⲉ -->
<feat xlink:href="#word_1006" value="ⲟⲛ"/><!-- ⲟⲛ -->
<feat xlink:href="#word_1007" value="ⲛϩⲏⲧⲟⲩ"/><!-- ⲛϩⲏⲧ -->
<feat xlink:href="#word_1009" value="ⲛⲧⲁⲓⲉⲓ"/><!-- ⲛⲧ -->
<feat xlink:href="#word_1013" value="ⲅⲁⲣ"/><!-- ⲅⲁⲣ -->
<feat xlink:href="#word_1014" value="ⲉⲃⲟⲗ"/><!-- ⲉⲃⲟⲗ -->
<feat xlink:href="#word_1015" value="ⲉⲡⲉⲓϩⲱⲃ"/><!-- ⲉ -->
<feat xlink:href="#word_1018" value="."/><!-- . -->
<feat xlink:href="#word_1019" value="ⲁⲩⲱ"/><!-- ⲁⲩⲱ -->
<feat xlink:href="#word_1020" value="ⲁϥⲃⲱⲕ"/><!-- ⲁ -->
<feat xlink:href="#word_1023" value="ⲉϥⲕⲏⲣⲩⲥⲥⲉ"/><!-- ⲉ -->
<feat xlink:href="#word_1026" value="ϩⲛⲛⲉⲩⲥⲩⲛⲁⲅⲱⲅⲏ"/><!-- ϩⲛ -->
<feat xlink:href="#word_1029" value="ϩⲛⲧⲅⲁⲗⲓⲗⲁⲓⲁ"/><!-- ϩⲛ -->
<feat xlink:href="#word_1032" value="ⲧⲏⲣⲥ"/><!-- ⲧⲏⲣ -->
<feat xlink:href="#word_1034" value="ⲁⲩⲱ"/><!-- ⲁⲩⲱ -->
<feat xlink:href="#word_1035" value="ⲛⲕⲉⲇⲁⲓⲙⲱⲛⲓⲟⲛ"/><!-- ⲛ -->
<feat xlink:href="#word_1038" value="ⲉϥⲛⲟⲩϫⲉ"/><!-- ⲉ -->
<feat xlink:href="#word_1041" value="ⲙⲙⲟⲟⲩ"/><!-- ⲙⲙⲟ -->
<feat xlink:href="#word_1043" value="ⲉⲃⲟⲗ"/><!-- ⲉⲃⲟⲗ -->
<feat xlink:href="#word_1044" value="ⲁⲩⲱ"/><!-- ⲁⲩⲱ -->
<feat xlink:href="#word_1045" value="ⲁϥⲉⲓ"/><!-- ⲁ -->
<feat xlink:href="#word_1048" value="ϣⲁⲣⲟϥ"/><!-- ϣⲁⲣⲟ -->
<feat xlink:href="#word_1050" value="ⲛϭⲓⲟⲩⲣⲱⲙⲉ"/><!-- ⲛϭⲓ -->
<feat xlink:href="#word_1053" value="ⲉϥⲥⲟⲃϩ"/><!-- ⲉ -->
<feat xlink:href="#word_1056" value="ⲉϥⲡⲁⲣⲁⲕⲁⲗⲉⲓ"/><!-- ⲉ -->
<feat xlink:href="#word_1059" value="ⲙⲙⲟϥ"/><!-- ⲙⲙⲟ -->
<feat xlink:href="#word_1061" value="ⲉϥϫⲱ"/><!-- ⲉ -->
<feat xlink:href="#word_1064" value="ⲙⲙⲟⲥ"/><!-- ⲙⲙⲟ -->
<feat xlink:href="#word_1066" value="ⲛⲁϥ"/><!-- ⲛⲁ -->
<feat xlink:href="#word_1068" value="ϫⲉⲉⲕϣⲁⲛⲟⲩⲱϣ"/><!-- ϫⲉ -->
<feat xlink:href="#word_1073" value="ⲕⲛⲁⲧⲃⲃⲟⲉⲓ"/><!-- ⲕ -->
<feat xlink:href="#word_1077" value="ⲁⲩⲱ"/><!-- ⲁⲩⲱ -->
<feat xlink:href="#word_1078" value="ⲛⲧⲉⲣⲉϥϣⲛϩⲧⲏϥ"/><!-- ⲛⲧⲉⲣⲉ -->
<feat xlink:href="#word_1083" value="ⲁϥⲥⲟⲩⲧⲛⲧⲟⲟⲧϥ"/><!-- ⲁ -->
<feat xlink:href="#word_1088" value="ⲉⲃⲟⲗ"/><!-- ⲉⲃⲟⲗ -->
<feat xlink:href="#word_1089" value="ⲁⲩⲱ"/><!-- ⲁⲩⲱ -->
<feat xlink:href="#word_1090" value="ⲁϥⲕⲱϩ"/><!-- ⲁ -->
<feat xlink:href="#word_1093" value="ⲉⲣⲟϥ"/><!-- ⲉⲣⲟ -->
<feat xlink:href="#word_1095" value="ⲉϥϫⲱ"/><!-- ⲉ -->
<feat xlink:href="#word_1098" value="ⲙⲙⲟⲥ"/><!-- ⲙⲙⲟ -->
<feat xlink:href="#word_1100" value="ⲛⲁϥ"/><!-- ⲛⲁ -->
<feat xlink:href="#word_1102" value="ϫⲉϯⲟⲩⲱϣ"/><!-- ϫⲉ -->
<feat xlink:href="#word_1105" value="ⲧⲃⲃⲟ"/><!-- ⲧⲃⲃⲟ -->
<feat xlink:href="#word_1106" value="."/><!-- . -->
<feat xlink:href="#word_1107" value="ⲁⲩⲱ"/><!-- ⲁⲩⲱ -->
<feat xlink:href="#word_1108" value="ⲛⲧⲉⲩⲛⲟⲩ"/><!-- ⲛ -->
<feat xlink:href="#word_1111" value="ⲁⲡⲉϥⲥⲱⲃⲁϩ"/><!-- ⲁ -->
<feat xlink:href="#word_1114" value="ⲗⲟ"/><!-- ⲗⲟ -->
<feat xlink:href="#word_1115" value="ϩⲓⲱⲱϥ"/><!-- ϩⲓⲱⲱ -->
<feat xlink:href="#word_1117" value="ⲁϥⲧⲃⲃⲟ"/><!-- ⲁ -->
<feat xlink:href="#word_1120" value="."/><!-- . -->
<feat xlink:href="#word_1121" value="ⲁⲩⲱ"/><!-- ⲁⲩⲱ -->
<feat xlink:href="#word_1122" value="ⲛⲧⲉⲣⲉϥϩⲱⲛ"/><!-- ⲛⲧⲉⲣⲉ -->
<feat xlink:href="#word_1125" value="ⲉⲧⲟⲟⲧϥ"/><!-- ⲉⲧⲟⲟⲧ -->
<feat xlink:href="#word_1127" value="ⲛⲧⲉⲩⲛⲟⲩ"/><!-- ⲛ -->
<feat xlink:href="#word_1130" value="ⲁϥϫⲟⲟⲩϥ"/><!-- ⲁ -->
<feat xlink:href="#word_1134" value="ⲉⲃⲟⲗ"/><!-- ⲉⲃⲟⲗ -->
<feat xlink:href="#word_1135" value="ⲉϥϫⲱ"/><!-- ⲉ -->
<feat xlink:href="#word_1138" value="ⲙⲙⲟⲥ"/><!-- ⲙⲙⲟ -->
<feat xlink:href="#word_1140" value="ⲛⲁϥ"/><!-- ⲛⲁ -->
<feat xlink:href="#word_1142" value="ϫⲉϭⲱϣⲧ"/><!-- ϫⲉ -->
<feat xlink:href="#word_1144" value="ⲙⲡⲣϫⲟⲟⲥ"/><!-- ⲙⲡⲣ -->
<feat xlink:href="#word_1147" value="ⲛⲗⲁⲁⲩ"/><!-- ⲛ -->
<feat xlink:href="#word_1149" value="."/><!-- . -->
<feat xlink:href="#word_1150" value="ⲁⲗⲗⲁ"/><!-- ⲁⲗⲗⲁ -->
<feat xlink:href="#word_1151" value="ⲃⲱⲕ"/><!-- ⲃⲱⲕ -->
<feat xlink:href="#word_1152" value="ⲛⲅⲧⲥⲁⲃⲟⲕ"/><!-- ⲛ -->
<feat xlink:href="#word_1156" value="ⲉⲡⲟⲩⲏⲏⲃ"/><!-- ⲉ -->
<feat xlink:href="#word_1159" value="ⲛⲅϫⲓ"/><!-- ⲛ -->
<feat xlink:href="#word_1162" value="ⲉϩⲣⲁⲓ"/><!-- ⲉϩⲣⲁⲓ -->
<feat xlink:href="#word_1163" value="ⲉⲧⲃⲉⲡⲉⲕⲧⲃⲃⲟ"/><!-- ⲉⲧⲃⲉ -->
<feat xlink:href="#word_1166" value="ⲛⲛⲉⲛⲧⲁⲙⲱⲩⲥⲏⲥ"/><!-- ⲛ -->
<feat xlink:href="#word_1171" value="ⲟⲩⲉϩⲥⲁϩⲛⲉ"/><!-- ⲟⲩⲉϩⲥⲁϩⲛⲉ -->
<feat xlink:href="#word_1172" value="ⲙⲙⲟⲟⲩ"/><!-- ⲙⲙⲟ -->
<feat xlink:href="#word_1174" value="ⲉⲩⲙⲛⲧⲙⲛⲧⲣⲉ"/><!-- ⲉ -->
<feat xlink:href="#word_1177" value="ⲛⲁⲩ"/><!-- ⲛⲁ -->
<feat xlink:href="#word_1179" value="."/><!-- . -->
<feat xlink:href="#word_1180" value="ⲛⲧⲉⲣⲉϥⲉⲓ"/><!-- ⲛⲧⲉⲣⲉ -->
<feat xlink:href="#word_1183" value="ⲇⲉ"/><!-- ⲇⲉ -->
<feat xlink:href="#word_1184" value="ⲉⲃⲟⲗ"/><!-- ⲉⲃⲟⲗ -->
<feat xlink:href="#word_1185" value="ⲁϥⲁⲣⲭⲉⲥⲑⲁⲓ"/><!-- ⲁ -->
<feat xlink:href="#word_1188" value="ⲛⲧⲁϣⲉⲟⲓϣ"/><!-- ⲛ -->
<feat xlink:href="#word_1191" value="ⲛϩⲁϩ"/><!-- ⲛ -->
<feat xlink:href="#word_1193" value="ⲁⲩⲱ"/><!-- ⲁⲩⲱ -->
<feat xlink:href="#word_1194" value="ⲉⲥⲣⲡϣⲁϫⲉ"/><!-- ⲉ -->
<feat xlink:href="#word_1198" value="ϩⲱⲥⲧⲉ"/><!-- ϩⲱⲥⲧⲉ -->
<feat xlink:href="#word_1199" value="ⲛϥⲧⲙϭⲙϭⲟⲙ"/><!-- ⲛ -->
<feat xlink:href="#word_1203" value="ⲉⲃⲱⲕ"/><!-- ⲉ -->
<feat xlink:href="#word_1205" value="ⲉϩⲟⲩⲛ"/><!-- ⲉϩⲟⲩⲛ -->
<feat xlink:href="#word_1206" value="ⲉⲧⲡⲟⲗⲓⲥ"/><!-- ⲉ -->
<feat xlink:href="#word_1209" value="ⲛⲟⲩⲱⲛϩ"/><!-- ⲛ -->
<feat xlink:href="#word_1211" value="ⲁⲗⲗⲁ"/><!-- ⲁⲗⲗⲁ -->
<feat xlink:href="#word_1212" value="ⲛⲉϥϩⲛϩⲉⲛⲙⲁ"/><!-- ⲛⲉ -->
<feat xlink:href="#word_1217" value="ⲛϫⲁⲓⲉ"/><!-- ⲛ -->
<feat xlink:href="#word_1219" value="ⲁⲩⲱ"/><!-- ⲁⲩⲱ -->
<feat xlink:href="#word_1220" value="ⲛⲉⲩⲛⲏⲩ"/><!-- ⲛⲉ -->
<feat xlink:href="#word_1223" value="ⲉⲣⲁⲧϥ"/><!-- ⲉⲣⲁⲧ -->
<feat xlink:href="#word_1225" value="ⲉⲃⲟⲗ"/><!-- ⲉⲃⲟⲗ -->
<feat xlink:href="#word_1226" value="ϩⲙⲙⲁ"/><!-- ϩⲙ -->
<feat xlink:href="#word_1228" value="ⲛⲓⲙ"/><!-- ⲛⲓⲙ -->
<feat xlink:href="#word_1229" value="."/><!-- . -->
</featList>
</paula>
