<?xml version="1.0" encoding="UTF-8" standalone="no"?>

<!DOCTYPE paula SYSTEM "paula_feat.dtd">
<paula version="1.0">

<header paula_id="AP.157.papnoute_merge_norm"/>

<featList xmlns:xlink="http://www.w3.org/1999/xlink" type="norm" xml:base="AP.157.papnoute_merge.normSeg.xml">
<feat xlink:href="#norm_1" value="ⲁ"/><!-- Ⲁ -->
<feat xlink:href="#norm_2" value="ⲩ"/><!-- ⲩ -->
<feat xlink:href="#norm_3" value="ϫⲟⲟ"/><!-- ϫⲟⲟ̇ -->
<feat xlink:href="#norm_4" value="ⲥ"/><!-- ⲥ -->
<feat xlink:href="#norm_5" value="ⲉⲧⲃⲉ"/><!-- ⲉ̇ⲧⲃⲉ -->
<feat xlink:href="#norm_6" value="ⲁⲡⲁ"/><!-- ⲁ̇ⲡⲁ -->
<feat xlink:href="#norm_7" value="ⲡⲁⲡⲛⲟⲩⲧⲉ"/><!-- ⲡⲁ̇ⲡ -->
<feat xlink:href="#norm_9" value="ϫⲉ"/><!-- ϫⲉ -->
<feat xlink:href="#norm_10" value="ⲙⲉ"/><!-- ⲙⲉ -->
<feat xlink:href="#norm_11" value="ϥ"/><!-- ϥ -->
<feat xlink:href="#norm_12" value="ϭⲉⲡⲏ"/><!-- ϭⲉ -->
<feat xlink:href="#norm_14" value="ⲉ"/><!-- ⲉ̇ -->
<feat xlink:href="#norm_15" value="ⲥⲉ"/><!-- ⲥⲉ -->
<feat xlink:href="#norm_16" value="ⲏⲣⲡ̅"/><!-- ⲏ̇ⲣⲡ̇ -->
<feat xlink:href="#norm_17" value="."/><!-- . -->
<feat xlink:href="#norm_19" value="ⲉ"/><!-- Ⲉ -->
<feat xlink:href="#norm_20" value="ϥ"/><!-- ϥ -->
<feat xlink:href="#norm_21" value="ⲙⲟⲟϣⲉ"/><!-- ⲙⲟⲟ̇ϣⲉ -->
<feat xlink:href="#norm_22" value="ⲇⲉ"/><!-- ⲇⲉ -->
<feat xlink:href="#norm_23" value="ⲛ̅"/><!-- ⲛ̅ -->
<feat xlink:href="#norm_24" value="ⲟⲩ"/><!-- ⲟⲩ -->
<feat xlink:href="#norm_25" value="ⲟⲉⲓϣ"/><!-- ⲟⲩⲟ̇ -->
<feat xlink:href="#norm_27" value="ⲁ"/><!-- ⲁ -->
<feat xlink:href="#norm_28" value="ϥ"/><!-- ϥ -->
<feat xlink:href="#norm_29" value="ⲉⲓ"/><!-- ⲉⲓ̇ -->
<feat xlink:href="#norm_30" value="ⲉϫⲛ̅"/><!-- ⲉ̇ϫⲛ -->
<feat xlink:href="#norm_31" value="ⲟⲩ"/><!-- ⲟⲩ -->
<feat xlink:href="#norm_32" value="ⲕⲟⲗⲗⲏⲅⲓⲟⲛ"/><!-- ⲕⲟⲗⲗⲩⲕⲓ̇ⲟⲛ -->
<feat xlink:href="#norm_33" value="ⲛ̅"/><!-- ⲛ̇ -->
<feat xlink:href="#norm_34" value="ⲗⲏⲥⲧⲏⲥ"/><!-- ⲗⲩⲥ -->
<feat xlink:href="#norm_36" value="ⲁⲩⲱ"/><!-- ⲁⲩⲱ̇ -->
<feat xlink:href="#norm_37" value="ⲁ"/><!-- ⲁ̇ -->
<feat xlink:href="#norm_38" value="ϥ"/><!-- ϥ -->
<feat xlink:href="#norm_39" value="ϭⲛ̅ⲧ"/><!-- ϭⲛ̇ⲧ -->
<feat xlink:href="#norm_40" value="ⲟⲩ"/><!-- ⲟⲩ -->
<feat xlink:href="#norm_41" value="ⲉ"/><!-- ⲉ̇ -->
<feat xlink:href="#norm_42" value="ⲩ"/><!-- ⲩ -->
<feat xlink:href="#norm_43" value="ⲥⲱ"/><!-- ⲥⲱ -->
<feat xlink:href="#norm_44" value="."/><!-- . -->
<feat xlink:href="#norm_45" value="ⲁ"/><!-- ⲁ̇ -->
<feat xlink:href="#norm_46" value="ϥ"/><!-- ϥ -->
<feat xlink:href="#norm_47" value="ⲥⲟⲩⲱⲛ"/><!-- ⲥⲟⲩⲱⲛ -->
<feat xlink:href="#norm_48" value="ϥ̅"/><!-- ϥ̇ -->
<feat xlink:href="#norm_49" value="ⲇⲉ"/><!-- Ⲇⲉ̇ -->
<feat xlink:href="#norm_50" value="ⲛ̅ϭⲓ"/><!-- ⲛ̇ϭⲓ̇ -->
<feat xlink:href="#norm_51" value="ⲡ"/><!-- ⲡ -->
<feat xlink:href="#norm_52" value="ⲉⲧ"/><!-- ⲉⲧ -->
<feat xlink:href="#norm_53" value="ⲟ"/><!-- ⲟ -->
<feat xlink:href="#norm_54" value="ⲛ̅"/><!-- ⲛ -->
<feat xlink:href="#norm_55" value="ⲁⲛϫⲱϫ"/><!-- ⲁ̇ⲛϫⲱϫ -->
<feat xlink:href="#norm_56" value="ⲁⲩⲱ"/><!-- ⲁⲩⲱ̇ -->
<feat xlink:href="#norm_57" value="ⲉ"/><!-- ⲉ̇ -->
<feat xlink:href="#norm_58" value="ϥ"/><!-- ϥ̇ -->
<feat xlink:href="#norm_59" value="ⲥⲟⲟⲩⲛ"/><!-- ⲥⲟⲟ̇ⲩⲛ̇ -->
<feat xlink:href="#norm_60" value="ϫⲉ"/><!-- ϫⲉ̇ -->
<feat xlink:href="#norm_61" value="ⲙⲉ"/><!-- ⲙⲉ -->
<feat xlink:href="#norm_62" value="ϥ"/><!-- ϥ -->
<feat xlink:href="#norm_63" value="ⲥⲉ"/><!-- ⲥⲉ -->
<feat xlink:href="#norm_64" value="ⲏⲣⲡ̅"/><!-- ⲏ̇ⲣⲡ̇ -->
<feat xlink:href="#norm_65" value="·"/><!-- · -->
<feat xlink:href="#norm_67" value="ⲁ"/><!-- Ⲁ -->
<feat xlink:href="#norm_68" value="ϥ"/><!-- ϥ -->
<feat xlink:href="#norm_69" value="ⲛⲁⲩ"/><!-- ⲛⲁⲩ -->
<feat xlink:href="#norm_70" value="ⲉⲣⲟ"/><!-- ⲉ̇ⲣⲟ -->
<feat xlink:href="#norm_71" value="ϥ"/><!-- ϥ -->
<feat xlink:href="#norm_72" value="ϩⲛ̅"/><!-- ϩⲛ̇ -->
<feat xlink:href="#norm_73" value="ⲟⲩ"/><!-- ⲟⲩ -->
<feat xlink:href="#norm_74" value="ⲛⲟϭ"/><!-- ⲛⲟϭ -->
<feat xlink:href="#norm_75" value="ⲛ̅"/><!-- ⲛ̇ -->
<feat xlink:href="#norm_76" value="ϩⲓⲥⲉ"/><!-- ϩⲓⲥⲉ -->
<feat xlink:href="#norm_77" value="ⲁ"/><!-- ⲁ̇ -->
<feat xlink:href="#norm_78" value="ϥ"/><!-- ϥ -->
<feat xlink:href="#norm_79" value="ⲙⲟⲩϩ"/><!-- ⲙⲟⲩϩ -->
<feat xlink:href="#norm_80" value="ⲛ̅"/><!-- ⲛ -->
<feat xlink:href="#norm_81" value="ⲟⲩ"/><!-- ⲟⲩ -->
<feat xlink:href="#norm_82" value="ⲁⲡⲟⲧ"/><!-- ⲁ̇ⲡⲟⲧ -->
<feat xlink:href="#norm_83" value="ⲛ̅"/><!-- ⲛ -->
<feat xlink:href="#norm_84" value="ⲏⲣⲡ̅"/><!-- ⲏⲣ̇ⲡ̇ -->
<feat xlink:href="#norm_85" value="ⲉⲣⲉ"/><!-- ⲉ̇ⲣⲉ -->
<feat xlink:href="#norm_86" value="ⲧⲉϥ"/><!-- ⲧⲉϥ -->
<feat xlink:href="#norm_87" value="ⲥⲏϥⲉ"/><!-- ⲥⲏϥⲉ -->
<feat xlink:href="#norm_88" value="ϩⲛ̅"/><!-- ϩⲛ̇ -->
<feat xlink:href="#norm_89" value="ⲧⲉϥ"/><!-- ⲧⲉϥ -->
<feat xlink:href="#norm_90" value="ϭⲓϫ"/><!-- ϭⲓ̇ϫ -->
<feat xlink:href="#norm_91" value="·"/><!-- · -->
<feat xlink:href="#norm_92" value="ⲁⲩⲱ"/><!-- ⲁⲩⲱ̇ -->
<feat xlink:href="#norm_93" value="ⲡⲉϫⲁ"/><!-- ⲡⲉϫⲁ -->
<feat xlink:href="#norm_94" value="ϥ"/><!-- ϥ -->
<feat xlink:href="#norm_95" value="ⲙ̅"/><!-- ⲙ̇ -->
<feat xlink:href="#norm_96" value="ⲡ"/><!-- ⲡ̇ -->
<feat xlink:href="#norm_97" value="ϩⲗ̅ⲗⲟ"/><!-- ϩⲗ̇ -->
<feat xlink:href="#norm_99" value="ϫⲉ"/><!-- ϫⲉ -->
<feat xlink:href="#norm_100" value="ⲉ"/><!-- ⲉ̇ -->
<feat xlink:href="#norm_101" value="ⲕ"/><!-- ⲕ -->
<feat xlink:href="#norm_102" value="ⲧⲙ̅"/><!-- ⲧⲙ̇ -->
<feat xlink:href="#norm_103" value="ⲥⲱ"/><!-- ⲥⲱ -->
<feat xlink:href="#norm_104" value="ϯ"/><!-- ϯ̇ -->
<feat xlink:href="#norm_105" value="ⲛⲁ"/><!-- ⲛⲁ -->
<feat xlink:href="#norm_106" value="ϩⲟⲧⲃⲉ"/><!-- ϩⲟⲧⲃⲉ -->
<feat xlink:href="#norm_107" value="ⲕ"/><!-- ⲕ -->
<feat xlink:href="#norm_108" value="."/><!-- .ⲻ -->
<feat xlink:href="#norm_109" value="ⲁ"/><!-- Ⲁ -->
<feat xlink:href="#norm_110" value="ϥ"/><!-- ϥ -->
<feat xlink:href="#norm_111" value="ⲉⲓⲙⲉ"/><!-- ⲉⲓⲙⲉ -->
<feat xlink:href="#norm_112" value="ⲛ̅ϭⲓ"/><!-- ⲛ̇ϭⲓ̇ -->
<feat xlink:href="#norm_113" value="ⲡ"/><!-- ⲡ̇ -->
<feat xlink:href="#norm_114" value="ϩⲗ̅ⲗⲟ"/><!-- ϩⲗ̇ⲗⲟ -->
<feat xlink:href="#norm_115" value="ϫⲉ"/><!-- ϫⲉ -->
<feat xlink:href="#norm_116" value="ⲉ"/><!-- ⲉ̇ -->
<feat xlink:href="#norm_117" value="ϥ"/><!-- ϥ -->
<feat xlink:href="#norm_118" value="ⲟⲩⲱϣ"/><!-- ⲟⲩⲱ̇ϣ -->
<feat xlink:href="#norm_119" value="ⲉ"/><!-- ⲉ̇ -->
<feat xlink:href="#norm_120" value="ⲉⲓⲣⲉ"/><!-- ⲉⲓ̇ⲣⲉ -->
<feat xlink:href="#norm_121" value="ⲛ̅"/><!-- ⲛ -->
<feat xlink:href="#norm_122" value="ⲟⲩ"/><!-- ⲟⲩ -->
<feat xlink:href="#norm_123" value="ⲛ̅ⲧⲟⲗⲏ"/><!-- ⲛ̇ -->
<feat xlink:href="#norm_125" value="ⲛ̅ⲧⲉ"/><!-- ⲛ̇ⲧⲉ -->
<feat xlink:href="#norm_126" value="ⲡ"/><!-- ⲡ̇ -->
<feat xlink:href="#norm_127" value="ⲛⲟⲩⲧⲉ"/><!-- ⲛⲟⲩⲧⲉ -->
<feat xlink:href="#norm_128" value="ⲉ"/><!-- ⲉ̇ -->
<feat xlink:href="#norm_129" value="ϥ"/><!-- ϥ -->
<feat xlink:href="#norm_130" value="ⲟⲩⲱϣ"/><!-- ⲟⲩⲱ̇ϣ -->
<feat xlink:href="#norm_131" value="ⲉ"/><!-- ⲉ̇ -->
<feat xlink:href="#norm_132" value="ϯ"/><!-- ϯ̇ -->
<feat xlink:href="#norm_133" value="ϩⲏⲩ"/><!-- ϩⲏⲩ -->
<feat xlink:href="#norm_134" value="ⲙ̅ⲙⲟ"/><!-- ⲙ̇ -->
<feat xlink:href="#norm_136" value="ϥ"/><!-- ϥ -->
<feat xlink:href="#norm_137" value="ⲁ"/><!-- ⲁ̇ -->
<feat xlink:href="#norm_138" value="ϥ"/><!-- ϥ -->
<feat xlink:href="#norm_139" value="ϫⲓⲧ"/><!-- ϫⲓ̇ⲧ -->
<feat xlink:href="#norm_140" value="ϥ̅"/><!-- ϥ̇ -->
<feat xlink:href="#norm_141" value="ⲁ"/><!-- ⲁ̇ -->
<feat xlink:href="#norm_142" value="ϥ"/><!-- ϥ -->
<feat xlink:href="#norm_143" value="ⲥⲟⲟ"/><!-- ⲥⲟ̇ⲟ -->
<feat xlink:href="#norm_144" value="ϥ"/><!-- ϥ̇ -->
<feat xlink:href="#norm_145" value="."/><!-- . -->
<feat xlink:href="#norm_146" value="ⲡ"/><!-- Ⲡ -->
<feat xlink:href="#norm_147" value="ⲁⲛϫⲱϫ"/><!-- ⲁⲛϫⲱϫ -->
<feat xlink:href="#norm_148" value="ⲇⲉ"/><!-- ⲇⲉ -->
<feat xlink:href="#norm_149" value="ⲛ̅"/><!-- ⲛ̇ -->
<feat xlink:href="#norm_150" value="ⲗⲩⲥⲧⲏⲥ"/><!-- ⲗⲩⲥ -->
<feat xlink:href="#norm_152" value="ⲁ"/><!-- ⲁ̇ -->
<feat xlink:href="#norm_153" value="ϥ"/><!-- ϥ -->
<feat xlink:href="#norm_154" value="ⲙⲉⲧⲁⲛⲟⲓ"/><!-- ⲙⲉⲧⲁⲛⲟⲓ -->
<feat xlink:href="#norm_155" value="ⲉ"/><!-- ⲉ̇ -->
<feat xlink:href="#norm_156" value="ϥ"/><!-- ϥ -->
<feat xlink:href="#norm_157" value="ϫⲱ"/><!-- ϫⲱ -->
<feat xlink:href="#norm_158" value="ⲙ̅ⲙⲟ"/><!-- ⲙ̇ⲙⲟ -->
<feat xlink:href="#norm_159" value="ⲥ"/><!-- ⲥ -->
<feat xlink:href="#norm_160" value="ϫⲉ"/><!-- ϫⲉ -->
<feat xlink:href="#norm_161" value="ⲕⲱ"/><!-- ⲕⲱ -->
<feat xlink:href="#norm_162" value="ⲛⲁ"/><!-- ⲛⲁ -->
<feat xlink:href="#norm_163" value="ⲓ"/><!-- ⲓ̇ -->
<feat xlink:href="#norm_164" value="ⲉⲃⲟⲗ"/><!-- ⲉ̇ⲃⲟⲗ -->
<feat xlink:href="#norm_165" value="ⲡⲁ"/><!-- ⲡⲁ -->
<feat xlink:href="#norm_166" value="ⲉⲓⲱⲧ"/><!-- ⲉⲓ̇ⲱⲧ -->
<feat xlink:href="#norm_167" value="ϫⲉ"/><!-- ϫⲉ -->
<feat xlink:href="#norm_168" value="ⲁ"/><!-- ⲁ -->
<feat xlink:href="#norm_169" value="ⲓ"/><!-- ⲓ̇ -->
<feat xlink:href="#norm_170" value="ϯ"/><!-- ϯ̇ -->
<feat xlink:href="#norm_171" value="ϩⲓⲥⲉ"/><!-- ϩⲓ̈ⲥⲉ -->
<feat xlink:href="#norm_172" value="ⲛⲁ"/><!-- ⲛⲁ -->
<feat xlink:href="#norm_173" value="ⲕ"/><!-- ⲕ -->
<feat xlink:href="#norm_174" value="."/><!-- .ⲻ -->
<feat xlink:href="#norm_175" value="ⲡⲉϫⲁ"/><!-- Ⲡⲉϫⲁ -->
<feat xlink:href="#norm_176" value="ϥ"/><!-- ϥ -->
<feat xlink:href="#norm_177" value="ⲛⲁ"/><!-- ⲛⲁ -->
<feat xlink:href="#norm_178" value="ϥ"/><!-- ϥ -->
<feat xlink:href="#norm_179" value="ⲛ̅ϭⲓ"/><!-- ⲛ̇ϭⲓ̇ -->
<feat xlink:href="#norm_180" value="ⲡ"/><!-- ⲡ̇ -->
<feat xlink:href="#norm_181" value="ϩⲗ̅ⲗⲟ"/><!-- ϩⲗ̇ -->
<feat xlink:href="#norm_183" value="ϫⲉ"/><!-- ϫⲉ -->
<feat xlink:href="#norm_184" value="ϯ"/><!-- ϯ̇ -->
<feat xlink:href="#norm_185" value="ⲡⲓⲥⲧⲉⲩⲉ"/><!-- ⲡⲓⲥⲧⲉⲩⲉ -->
<feat xlink:href="#norm_186" value="ⲉ"/><!-- ⲉ̇ -->
<feat xlink:href="#norm_187" value="ⲡ"/><!-- ⲡ -->
<feat xlink:href="#norm_188" value="ⲛⲟⲩⲧⲉ"/><!-- ⲛⲟⲩⲧⲉ -->
<feat xlink:href="#norm_189" value="ϫⲉ"/><!-- ϫⲉ -->
<feat xlink:href="#norm_190" value="ϥ"/><!-- ϥ̇ -->
<feat xlink:href="#norm_191" value="ⲛⲁ"/><!-- ⲛⲁ -->
<feat xlink:href="#norm_192" value="ⲉⲓⲣⲉ"/><!-- ⲉⲓ̇ -->
<feat xlink:href="#norm_194" value="ⲛⲁ"/><!-- ⲛⲁ -->
<feat xlink:href="#norm_195" value="ⲕ"/><!-- ⲕ -->
<feat xlink:href="#norm_196" value="ⲛ̅"/><!-- ⲛ -->
<feat xlink:href="#norm_197" value="ⲟⲩ"/><!-- ⲟⲩ -->
<feat xlink:href="#norm_198" value="ⲛⲁ"/><!-- ⲛⲁ -->
<feat xlink:href="#norm_199" value="ⲉⲧⲃⲉ"/><!-- ⲉ̇ⲧⲃⲉ -->
<feat xlink:href="#norm_200" value="ⲡⲉⲓ"/><!-- ⲡⲉⲓ -->
<feat xlink:href="#norm_201" value="ⲁⲡⲟⲧ"/><!-- ⲁ̇ⲡⲟⲧ -->
<feat xlink:href="#norm_202" value="ⲛ̅"/><!-- ⲛ -->
<feat xlink:href="#norm_203" value="ⲏⲣⲡ̅"/><!-- ⲏⲣⲡ̇ -->
<feat xlink:href="#norm_204" value="ϩⲙ̅"/><!-- ϩⲙ̇ -->
<feat xlink:href="#norm_205" value="ⲡⲉⲓ"/><!-- ⲡⲉⲓ̇ -->
<feat xlink:href="#norm_206" value="ⲱⲛϩ̅"/><!-- ⲱ̇ⲛϩ̇ -->
<feat xlink:href="#norm_207" value="ⲙⲛ̅"/><!-- ⲙⲛ -->
<feat xlink:href="#norm_208" value="ⲡ"/><!-- ⲡ -->
<feat xlink:href="#norm_209" value="ⲉⲧ"/><!-- ⲉⲧ -->
<feat xlink:href="#norm_210" value="ⲛⲏⲩ"/><!-- ⲛⲏⲩ -->
<feat xlink:href="#norm_211" value="."/><!-- . -->
<feat xlink:href="#norm_212" value="ⲡⲉϫⲁ"/><!-- Ⲡⲉϫⲁ -->
<feat xlink:href="#norm_213" value="ϥ"/><!-- ϥ -->
<feat xlink:href="#norm_214" value="ⲛⲁ"/><!-- ⲛⲁ -->
<feat xlink:href="#norm_215" value="ϥ"/><!-- ϥ -->
<feat xlink:href="#norm_216" value="ⲛ̅ϭⲓ"/><!-- ⲛ̇ϭⲓ̇ -->
<feat xlink:href="#norm_217" value="ⲡ"/><!-- ⲡ -->
<feat xlink:href="#norm_218" value="ⲁⲣⲭⲏⲗⲏⲥⲧⲏⲥ"/><!-- ⲁⲣ -->
<feat xlink:href="#norm_220" value="ϫⲉ"/><!-- ϫⲉ -->
<feat xlink:href="#norm_221" value="ϯ"/><!-- ϯ -->
<feat xlink:href="#norm_222" value="ⲡⲓⲥⲧⲉⲩⲉ"/><!-- ⲡⲓ̇ⲥⲧⲉⲩⲉ̇ -->
<feat xlink:href="#norm_223" value="ⲉ"/><!-- ⲉ̇ -->
<feat xlink:href="#norm_224" value="ⲡ"/><!-- ⲡ -->
<feat xlink:href="#norm_225" value="ⲛⲟⲩⲧⲉ"/><!-- ⲛⲟⲩⲧⲉ -->
<feat xlink:href="#norm_226" value="ϫⲉ"/><!-- ϫⲉ -->
<feat xlink:href="#norm_227" value="ϫⲓⲛ"/><!-- ϫⲓ̇ⲛ -->
<feat xlink:href="#norm_228" value="ⲧⲉⲛⲟⲩ"/><!-- ⲧⲉⲛⲟⲩ -->
<feat xlink:href="#norm_229" value="ⲛ̅"/><!-- ⲛ̇ -->
<feat xlink:href="#norm_230" value="ϯ"/><!-- ϯ̇ -->
<feat xlink:href="#norm_231" value="ⲛⲁ"/><!-- ⲛⲁ -->
<feat xlink:href="#norm_232" value="ⲣ̅"/><!-- ⲣ̇ -->
<feat xlink:href="#norm_233" value="ⲡ"/><!-- ⲡ -->
<feat xlink:href="#norm_234" value="ⲉⲧ"/><!-- ⲉⲑ -->
<feat xlink:href="#norm_235" value="ϩⲟⲟⲩ"/><!-- ⲟⲟⲩ -->
<feat xlink:href="#norm_236" value="ⲁⲛ"/><!-- ⲁ̇ⲛ -->
<feat xlink:href="#norm_237" value="ⲛ̅"/><!-- ⲛ̇ -->
<feat xlink:href="#norm_238" value="ⲗⲁⲁⲩ"/><!-- ⲗⲁⲁⲩ -->
<feat xlink:href="#norm_239" value="."/><!-- . -->
<feat xlink:href="#norm_240" value="ⲡ"/><!-- Ⲡ -->
<feat xlink:href="#norm_241" value="ϩⲗ̅ⲗⲟ"/><!-- ϩⲗ̇ⲗⲟ -->
<feat xlink:href="#norm_242" value="ⲇⲉ"/><!-- ⲇⲉ -->
<feat xlink:href="#norm_243" value="ⲁ"/><!-- ⲁ̇ -->
<feat xlink:href="#norm_244" value="ϥ"/><!-- ϥ -->
<feat xlink:href="#norm_245" value="ϫⲡⲟ"/><!-- ϫⲡⲟ -->
<feat xlink:href="#norm_246" value="ⲛⲁ"/><!-- ⲛⲁ -->
<feat xlink:href="#norm_247" value="ϥ"/><!-- ϥ -->
<feat xlink:href="#norm_248" value="ⲛ̅"/><!-- ⲛ̇ -->
<feat xlink:href="#norm_249" value="ⲧ"/><!-- ⲧ̇ -->
<feat xlink:href="#norm_250" value="ⲕⲟⲗⲗⲏⲅⲓⲟⲛ"/><!-- ⲕⲟⲗⲗⲩϭⲉ -->
<feat xlink:href="#norm_251" value="ⲧⲏⲣ"/><!-- ⲧⲏ̇ⲣ -->
<feat xlink:href="#norm_252" value="ⲥ̅"/><!-- ⲥ̇ -->
<feat xlink:href="#norm_253" value="ϫⲉ"/><!-- ϫⲉ -->
<feat xlink:href="#norm_254" value="ⲁ"/><!-- ⲁ̇ -->
<feat xlink:href="#norm_255" value="ϥ"/><!-- ϥ -->
<feat xlink:href="#norm_256" value="ⲕⲱ"/><!-- ⲕⲱ -->
<feat xlink:href="#norm_257" value="ⲛ̅ⲥⲱ"/><!-- ⲛ̇ⲥⲱ -->
<feat xlink:href="#norm_258" value="ϥ"/><!-- ϥ -->
<feat xlink:href="#norm_259" value="ⲙ̅"/><!-- ⲙ̇ -->
<feat xlink:href="#norm_260" value="ⲡⲉϥ"/><!-- ⲡⲉϥ -->
<feat xlink:href="#norm_261" value="ⲟⲩⲱϣ"/><!-- ⲟⲩⲱ̇ϣ -->
<feat xlink:href="#norm_262" value="ⲉⲧⲃⲉ"/><!-- ⲉ̇ⲧ̇ⲃⲉ -->
<feat xlink:href="#norm_263" value="ⲡ"/><!-- ⲡ̇ -->
<feat xlink:href="#norm_264" value="ⲛⲟⲩⲧⲉ"/><!-- ⲛⲟⲩⲧⲉ -->
<feat xlink:href="#norm_265" value="."/><!-- . -->
</featList>
</paula>
