<?xml version="1.0" encoding="UTF-8" standalone="no"?>

<!DOCTYPE paula SYSTEM "paula_mark.dtd">
<paula version="1.0">

<header paula_id="AP.216.besarion_merge_normSeg"/>

<markList xmlns:xlink="http://www.w3.org/1999/xlink" type="normSeg" xml:base="AP.216.besarion_merge.tok.xml">
<mark id="norm_1" xlink:href="#tok_1"/><!-- Ⲁ -->
<mark id="norm_2" xlink:href="#tok_2"/><!-- ϥ -->
<mark id="norm_3" xlink:href="#tok_3"/><!-- ϫⲟⲟ -->
<mark id="norm_4" xlink:href="#tok_4"/><!-- ⲥ -->
<mark id="norm_5" xlink:href="#tok_5"/><!-- ⲛϭⲓ -->
<mark id="norm_6" xlink:href="#tok_6"/><!-- ⲁ̇ⲡⲁ -->
<mark id="norm_7" xlink:href="#tok_7"/><!-- ⲇⲟⲩⲗⲟⲥ -->
<mark id="norm_8" xlink:href="#tok_8"/><!-- ⲡ̇ -->
<mark id="norm_9" xlink:href="#xpointer(id('tok_9')/range-to(id('tok_10')))"/><!-- ⲙⲁ...ⲑⲏⲧⲏⲥ -->
<mark id="norm_11" xlink:href="#tok_11"/><!-- ⲛ -->
<mark id="norm_12" xlink:href="#tok_12"/><!-- ⲁⲡⲁ -->
<mark id="norm_13" xlink:href="#xpointer(id('tok_13')/range-to(id('tok_14')))"/><!-- ⲃⲏⲥⲁ...ⲣⲓ̈ⲟⲛ -->
<mark id="norm_15" xlink:href="#tok_15"/><!-- · -->
<mark id="norm_16" xlink:href="#tok_16"/><!-- ϫⲉ -->
<mark id="norm_17" xlink:href="#tok_17"/><!-- ⲉ̇ -->
<mark id="norm_18" xlink:href="#tok_18"/><!-- ⲛ -->
<mark id="norm_19" xlink:href="#xpointer(id('tok_19')/range-to(id('tok_20')))"/><!-- ⲙⲟ̇ⲟ...ϣⲉ -->
<mark id="norm_21" xlink:href="#tok_21"/><!-- ϩⲁϩⲧⲛ̇ -->
<mark id="norm_22" xlink:href="#tok_22"/><!-- ⲑ -->
<mark id="norm_23" xlink:href="#tok_23"/><!-- ⲁⲗⲁⲥⲥⲁ -->
<mark id="norm_24" xlink:href="#tok_24"/><!-- ⲁⲩⲱ̇ -->
<mark id="norm_25" xlink:href="#tok_25"/><!-- ⲁ -->
<mark id="norm_26" xlink:href="#tok_26"/><!-- ⲓ̇ -->
<mark id="norm_27" xlink:href="#tok_27"/><!-- ⲉⲓ̇ⲃⲉ -->
<mark id="norm_28" xlink:href="#tok_28"/><!-- · -->
<mark id="norm_29" xlink:href="#tok_29"/><!-- ⲁ -->
<mark id="norm_30" xlink:href="#tok_30"/><!-- ⲓ̈ -->
<mark id="norm_31" xlink:href="#tok_31"/><!-- ϫⲟⲟ̇ -->
<mark id="norm_32" xlink:href="#tok_32"/><!-- ⲥ -->
<mark id="norm_33" xlink:href="#tok_33"/><!-- ⲛ -->
<mark id="norm_34" xlink:href="#tok_34"/><!-- ⲁⲡⲁ -->
<mark id="norm_35" xlink:href="#tok_35"/><!-- ⲃⲏⲥⲁⲣⲓ̈ⲟⲛ -->
<mark id="norm_36" xlink:href="#tok_36"/><!-- ϫⲉ -->
<mark id="norm_37" xlink:href="#tok_37"/><!-- ⲡⲁ -->
<mark id="norm_38" xlink:href="#tok_38"/><!-- ⲉⲓ̇ⲱⲧ -->
<mark id="norm_39" xlink:href="#tok_39"/><!-- ϯ̇ -->
<mark id="norm_40" xlink:href="#tok_40"/><!-- ⲟ̇ⲃⲉ -->
<mark id="norm_41" xlink:href="#xpointer(id('tok_41')/range-to(id('tok_42')))"/><!-- ⲧⲟ...ⲛⲟⲩ -->
<mark id="norm_43" xlink:href="#tok_43"/><!-- . -->
<mark id="norm_44" xlink:href="#tok_44"/><!-- ⲡ̇ -->
<mark id="norm_45" xlink:href="#tok_45"/><!-- ϩⲗ̇ⲗⲟ -->
<mark id="norm_46" xlink:href="#tok_46"/><!-- ⲇⲉ -->
<mark id="norm_47" xlink:href="#tok_47"/><!-- Ⲁ -->
<mark id="norm_48" xlink:href="#tok_48"/><!-- ϥ -->
<mark id="norm_49" xlink:href="#tok_49"/><!-- ϣ̇ⲗⲏⲗ -->
<mark id="norm_50" xlink:href="#tok_50"/><!-- ⲡⲉϫⲁ -->
<mark id="norm_51" xlink:href="#tok_51"/><!-- ϥ -->
<mark id="norm_52" xlink:href="#tok_52"/><!-- ⲛⲁ -->
<mark id="norm_53" xlink:href="#tok_53"/><!-- ⲓ̇ -->
<mark id="norm_54" xlink:href="#tok_54"/><!-- ϫⲉ -->
<mark id="norm_55" xlink:href="#tok_55"/><!-- ⲥⲱ̇ -->
<mark id="norm_56" xlink:href="#tok_56"/><!-- ⲛⲁ -->
<mark id="norm_57" xlink:href="#tok_57"/><!-- ⲕ -->
<mark id="norm_58" xlink:href="#tok_58"/><!-- ϩⲛ̇ -->
<mark id="norm_59" xlink:href="#tok_59"/><!-- ⲑ -->
<mark id="norm_60" xlink:href="#xpointer(id('tok_60')/range-to(id('tok_61')))"/><!-- ⲁⲗⲁⲥ...ⲥⲁ -->
<mark id="norm_62" xlink:href="#tok_62"/><!-- · -->
<mark id="norm_63" xlink:href="#tok_63"/><!-- ⲁⲩⲱ̇ -->
<mark id="norm_64" xlink:href="#tok_64"/><!-- ⲡ̇ -->
<mark id="norm_65" xlink:href="#tok_65"/><!-- ⲙⲟⲟⲩ -->
<mark id="norm_66" xlink:href="#tok_66"/><!-- ϩⲟⲗϭ̇ -->
<mark id="norm_67" xlink:href="#tok_67"/><!-- . -->
<mark id="norm_68" xlink:href="#tok_68"/><!-- ⲁ̇ⲛⲟⲕ -->
<mark id="norm_69" xlink:href="#tok_69"/><!-- ⲇⲉ -->
<mark id="norm_70" xlink:href="#tok_70"/><!-- ⲁ -->
<mark id="norm_71" xlink:href="#tok_71"/><!-- ⲓ̇ -->
<mark id="norm_72" xlink:href="#tok_72"/><!-- ⲥⲱ -->
<mark id="norm_73" xlink:href="#xpointer(id('tok_73')/range-to(id('tok_74')))"/><!-- ·...ⲻ -->
<mark id="norm_75" xlink:href="#tok_75"/><!-- Ⲁⲩⲱ̇ -->
<mark id="norm_76" xlink:href="#tok_76"/><!-- ⲁ -->
<mark id="norm_77" xlink:href="#tok_77"/><!-- ⲓ̇ -->
<mark id="norm_78" xlink:href="#tok_78"/><!-- ϯ̇ -->
<mark id="norm_79" xlink:href="#tok_79"/><!-- ⲛ -->
<mark id="norm_80" xlink:href="#tok_80"/><!-- ⲟⲩ -->
<mark id="norm_81" xlink:href="#tok_81"/><!-- ϣⲏⲙ -->
<mark id="norm_82" xlink:href="#tok_82"/><!-- ⲙ̇ -->
<mark id="norm_83" xlink:href="#tok_83"/><!-- ⲙⲟⲟⲩ -->
<mark id="norm_84" xlink:href="#tok_84"/><!-- ⲉ̇ -->
<mark id="norm_85" xlink:href="#tok_85"/><!-- ⲡⲁ -->
<mark id="norm_86" xlink:href="#tok_86"/><!-- ⲁ̇ⲅⲅⲏⲛ -->
<mark id="norm_87" xlink:href="#tok_87"/><!-- ⲉ̇ⲧ -->
<mark id="norm_88" xlink:href="#tok_88"/><!-- ̇ⲛ̇ -->
<mark id="norm_89" xlink:href="#tok_89"/><!-- ⲧⲟⲟⲧ -->
<mark id="norm_90" xlink:href="#tok_90"/><!-- · -->
<mark id="norm_91" xlink:href="#tok_91"/><!-- ⲉ -->
<mark id="norm_92" xlink:href="#tok_92"/><!-- ⲓ̇ -->
<mark id="norm_93" xlink:href="#tok_93"/><!-- ϫⲱ -->
<mark id="norm_94" xlink:href="#xpointer(id('tok_94')/range-to(id('tok_95')))"/><!-- ⲙ̇...ⲙⲟ -->
<mark id="norm_96" xlink:href="#tok_96"/><!-- ⲥ -->
<mark id="norm_97" xlink:href="#tok_97"/><!-- ϫⲉ -->
<mark id="norm_98" xlink:href="#tok_98"/><!-- ⲙⲏⲡⲟⲧⲉ̇ -->
<mark id="norm_99" xlink:href="#tok_99"/><!-- ⲧⲁ -->
<mark id="norm_100" xlink:href="#tok_100"/><!-- ⲉⲓ̇ⲃⲉ -->
<mark id="norm_101" xlink:href="#tok_101"/><!-- ⲟ̇ⲛ -->
<mark id="norm_102" xlink:href="#tok_102"/><!-- . -->
<mark id="norm_103" xlink:href="#tok_103"/><!-- ⲡ̇ -->
<mark id="norm_104" xlink:href="#tok_104"/><!-- ϩⲗ̇ⲗⲟ -->
<mark id="norm_105" xlink:href="#tok_105"/><!-- Ⲇⲉ -->
<mark id="norm_106" xlink:href="#tok_106"/><!-- ⲛ̇ⲧⲉⲣⲉ -->
<mark id="norm_107" xlink:href="#tok_107"/><!-- ϥ -->
<mark id="norm_108" xlink:href="#tok_108"/><!-- ⲛⲁⲩ -->
<mark id="norm_109" xlink:href="#tok_109"/><!-- ⲡⲉϫⲁ -->
<mark id="norm_110" xlink:href="#tok_110"/><!-- ϥ -->
<mark id="norm_111" xlink:href="#tok_111"/><!-- ⲛⲁ -->
<mark id="norm_112" xlink:href="#tok_112"/><!-- ⲓ̇ -->
<mark id="norm_113" xlink:href="#tok_113"/><!-- ϫⲉ -->
<mark id="norm_114" xlink:href="#tok_114"/><!-- ⲉ̇ⲧⲃⲉ -->
<mark id="norm_115" xlink:href="#tok_115"/><!-- ⲟⲩ -->
<mark id="norm_116" xlink:href="#tok_116"/><!-- ⲁ̇ -->
<mark id="norm_117" xlink:href="#tok_117"/><!-- ⲕ -->
<mark id="norm_118" xlink:href="#tok_118"/><!-- ⲙⲉϩ -->
<mark id="norm_119" xlink:href="#tok_119"/><!-- ⲙⲟⲟⲩ -->
<mark id="norm_120" xlink:href="#tok_120"/><!-- . -->
<mark id="norm_121" xlink:href="#tok_121"/><!-- ⲡⲉϫⲁ -->
<mark id="norm_122" xlink:href="#tok_122"/><!-- ⲓ̇ -->
<mark id="norm_123" xlink:href="#tok_123"/><!-- ϫⲉ -->
<mark id="norm_124" xlink:href="#tok_124"/><!-- ⲕⲱ -->
<mark id="norm_125" xlink:href="#tok_125"/><!-- ⲛⲁ -->
<mark id="norm_126" xlink:href="#tok_126"/><!-- ⲓ̇ -->
<mark id="norm_127" xlink:href="#tok_127"/><!-- ⲉⲃⲟⲗ -->
<mark id="norm_128" xlink:href="#tok_128"/><!-- · -->
<mark id="norm_129" xlink:href="#tok_129"/><!-- ϫⲉ -->
<mark id="norm_130" xlink:href="#tok_130"/><!-- ⲙⲏⲡⲟⲧⲉ -->
<mark id="norm_131" xlink:href="#tok_131"/><!-- ⲧⲁ -->
<mark id="norm_132" xlink:href="#tok_132"/><!-- ⲉⲓ̇ⲃⲉ -->
<mark id="norm_133" xlink:href="#tok_133"/><!-- ⲙ̇ -->
<mark id="norm_134" xlink:href="#tok_134"/><!-- ⲡⲉⲓ̇ -->
<mark id="norm_135" xlink:href="#tok_135"/><!-- ⲥⲁ -->
<mark id="norm_136" xlink:href="#xpointer(id('tok_136')/range-to(id('tok_137')))"/><!-- ....ⲻ -->
<mark id="norm_138" xlink:href="#tok_138"/><!-- Ⲡⲉϫⲉ -->
<mark id="norm_139" xlink:href="#tok_139"/><!-- ⲡ̇ -->
<mark id="norm_140" xlink:href="#tok_140"/><!-- ϩⲗ̇ⲗⲟ -->
<mark id="norm_141" xlink:href="#tok_141"/><!-- ⲛⲁ -->
<mark id="norm_142" xlink:href="#tok_142"/><!-- ⲓ̇ -->
<mark id="norm_143" xlink:href="#tok_143"/><!-- ϫⲉ -->
<mark id="norm_144" xlink:href="#tok_144"/><!-- ⲡ̇ -->
<mark id="norm_145" xlink:href="#tok_145"/><!-- ⲛⲟⲩⲧⲉ -->
<mark id="norm_146" xlink:href="#tok_146"/><!-- ⲙ̇ -->
<mark id="norm_147" xlink:href="#tok_147"/><!-- ⲡⲉⲓ̇ -->
<mark id="norm_148" xlink:href="#tok_148"/><!-- ⲙⲁ -->
<mark id="norm_149" xlink:href="#tok_149"/><!-- · -->
<mark id="norm_150" xlink:href="#xpointer(id('tok_150')/range-to(id('tok_152')))"/><!-- ⲛ̇...ϥ -->
<mark id="norm_153" xlink:href="#tok_153"/><!-- ⲟ̇ⲛ -->
<mark id="norm_154" xlink:href="#tok_154"/><!-- ⲡⲉ -->
<mark id="norm_155" xlink:href="#tok_155"/><!-- ⲡ -->
<mark id="norm_156" xlink:href="#tok_156"/><!-- ⲛⲟⲩⲧⲉ -->
<mark id="norm_157" xlink:href="#tok_157"/><!-- ⲙ̇ -->
<mark id="norm_158" xlink:href="#tok_158"/><!-- ⲡ̇ⲉⲓ̇ -->
<mark id="norm_159" xlink:href="#tok_159"/><!-- ⲥⲁ -->
<mark id="norm_160" xlink:href="#tok_160"/><!-- . -->
</markList>
</paula>
