<?xml version="1.0" encoding="UTF-8" standalone="no"?>

<!DOCTYPE paula SYSTEM "paula_feat.dtd">
<paula version="1.0">

<header paula_id="AP.217.besarion_translation"/>

<featList xmlns:xlink="http://www.w3.org/1999/xlink" type="translation" xml:base="AP.217.besarion.translationSeg.xml">
<feat xlink:href="#translation_4" value="And on another occasion, another need compelled him,"/><!-- ϩⲛ̇ -->
<feat xlink:href="#translation_15" value="he prayed and he crossed the river which is called “that of the golden one, the pomegranate”"/><!-- ⲁ -->
<feat xlink:href="#translation_45" value="walking on his foot until he went up to its bank."/><!-- ⲉ̇ -->
<feat xlink:href="#translation_59" value="And I, I was amazed (and) I prostrated myself before him:"/><!-- Ⲁ -->
<feat xlink:href="#translation_73" value="“How is it that you feel your feet while you walk upon the water?”"/><!-- ⲉ -->
<feat xlink:href="#translation_92" value="He said, that is the old man:"/><!-- Ⲡ -->
<feat xlink:href="#translation_99" value="“I feel that the water comes up to the ankles of my foot, but the bottom is firm.”"/><!-- ϯ -->
</featList>
</paula>
