<?xml version="1.0" encoding="UTF-8" standalone="no"?>

<!DOCTYPE paula SYSTEM "paula_mark.dtd">
<paula version="1.0">

<header paula_id="Mark_6_verseSeg"/>

<markList xmlns:xlink="http://www.w3.org/1999/xlink" type="verseSeg" xml:base="Mark_6.tok.xml">
<mark id="verse_1" xlink:href="#xpointer(id('tok_1')/range-to(id('tok_28')))"/><!-- ⲁ...ⲙⲁⲑⲏⲧⲏⲥ -->
<mark id="verse_29" xlink:href="#xpointer(id('tok_29')/range-to(id('tok_89')))"/><!-- ⲛⲧⲉⲣⲉ...ⲟⲩ -->
<mark id="verse_90" xlink:href="#xpointer(id('tok_90')/range-to(id('tok_131')))"/><!-- ⲙ.... -->
<mark id="verse_132" xlink:href="#xpointer(id('tok_132')/range-to(id('tok_155')))"/><!-- ⲡⲉϫⲉ.... -->
<mark id="verse_156" xlink:href="#xpointer(id('tok_156')/range-to(id('tok_184')))"/><!-- ⲙⲡ.... -->
<mark id="verse_185" xlink:href="#xpointer(id('tok_185')/range-to(id('tok_202')))"/><!-- ⲁⲩⲱ...ϯⲥⲃⲱ -->
<mark id="verse_203" xlink:href="#xpointer(id('tok_203')/range-to(id('tok_231')))"/><!-- ⲁⲩⲱ...ⲁⲕⲁⲑⲁⲣⲧⲟⲛ -->
<mark id="verse_232" xlink:href="#xpointer(id('tok_232')/range-to(id('tok_262')))"/><!-- ⲁ...ⲙⲟϫϩ -->
<mark id="verse_263" xlink:href="#xpointer(id('tok_263')/range-to(id('tok_279')))"/><!-- ⲁⲗⲗⲁ...ⲟⲩ -->
<mark id="verse_280" xlink:href="#xpointer(id('tok_280')/range-to(id('tok_309')))"/><!-- ⲁⲩⲱ...ⲙⲙⲁⲩ -->
<mark id="verse_310" xlink:href="#xpointer(id('tok_310')/range-to(id('tok_357')))"/><!-- ⲁⲩⲱ.... -->
<mark id="verse_358" xlink:href="#xpointer(id('tok_358')/range-to(id('tok_367')))"/><!-- ⲁⲩⲱ...ⲙⲉⲧⲁⲛⲟⲉⲓ -->
<mark id="verse_368" xlink:href="#xpointer(id('tok_368')/range-to(id('tok_393')))"/><!-- ⲁⲩⲱ.... -->
<mark id="verse_394" xlink:href="#xpointer(id('tok_394')/range-to(id('tok_435')))"/><!-- ⲁⲩⲱ.... -->
<mark id="verse_436" xlink:href="#xpointer(id('tok_436')/range-to(id('tok_461')))"/><!-- ϩⲉⲛ...ⲡⲣⲟⲫⲏⲧⲏⲥ -->
<mark id="verse_462" xlink:href="#xpointer(id('tok_462')/range-to(id('tok_485')))"/><!-- ⲛⲧⲉⲣⲉ.... -->
<mark id="verse_486" xlink:href="#xpointer(id('tok_486')/range-to(id('tok_522')))"/><!-- ϩⲏⲣⲱⲇⲏⲥ...ⲥ -->
<mark id="verse_523" xlink:href="#xpointer(id('tok_523')/range-to(id('tok_545')))"/><!-- ⲓⲱϩⲁⲛⲛⲏⲥ.... -->
<mark id="verse_546" xlink:href="#xpointer(id('tok_546')/range-to(id('tok_565')))"/><!-- ϩⲏⲣⲱⲇⲓⲁⲥ.... -->
<mark id="verse_566" xlink:href="#xpointer(id('tok_566')/range-to(id('tok_619')))"/><!-- ϩⲏⲣⲱⲇⲏⲥ.... -->
<mark id="verse_620" xlink:href="#xpointer(id('tok_620')/range-to(id('tok_650')))"/><!-- ⲛⲧⲉⲣⲉ.... -->
<mark id="verse_651" xlink:href="#xpointer(id('tok_651')/range-to(id('tok_701')))"/><!-- ⲁ.... -->
<mark id="verse_702" xlink:href="#xpointer(id('tok_702')/range-to(id('tok_728')))"/><!-- ⲁⲩⲱ.... -->
<mark id="verse_729" xlink:href="#xpointer(id('tok_729')/range-to(id('tok_759')))"/><!-- ⲛⲧⲉⲣⲉ...ⲃⲁⲡⲧⲓⲥⲧⲏⲥ -->
<mark id="verse_760" xlink:href="#xpointer(id('tok_760')/range-to(id('tok_800')))"/><!-- ⲁⲩⲱ.... -->
<mark id="verse_801" xlink:href="#xpointer(id('tok_801')/range-to(id('tok_827')))"/><!-- ⲁⲩⲱ.... -->
<mark id="verse_828" xlink:href="#xpointer(id('tok_828')/range-to(id('tok_865')))"/><!-- ⲁⲩⲱ.... -->
<mark id="verse_866" xlink:href="#xpointer(id('tok_866')/range-to(id('tok_892')))"/><!-- ⲁ.... -->
<mark id="verse_893" xlink:href="#xpointer(id('tok_893')/range-to(id('tok_916')))"/><!-- ⲁⲩⲱ.... -->
<mark id="verse_917" xlink:href="#xpointer(id('tok_917')/range-to(id('tok_951')))"/><!-- ⲛ...ⲥⲃⲱ -->
<mark id="verse_952" xlink:href="#xpointer(id('tok_952')/range-to(id('tok_995')))"/><!-- ⲡⲉϫⲉ...ⲟⲩⲱⲙ -->
<mark id="verse_996" xlink:href="#xpointer(id('tok_996')/range-to(id('tok_1013')))"/><!-- ⲁⲩⲱ.... -->
<mark id="verse_1014" xlink:href="#xpointer(id('tok_1014')/range-to(id('tok_1049')))"/><!-- ⲁ.... -->
<mark id="verse_1050" xlink:href="#xpointer(id('tok_1050')/range-to(id('tok_1099')))"/><!-- ⲁⲩⲱ...ⲉⲙⲁⲧⲉ -->
<mark id="verse_1100" xlink:href="#xpointer(id('tok_1100')/range-to(id('tok_1133')))"/><!-- ⲛⲧⲉⲣⲉ.... -->
<mark id="verse_1134" xlink:href="#xpointer(id('tok_1134')/range-to(id('tok_1165')))"/><!-- ⲕⲁⲁ.... -->
<mark id="verse_1166" xlink:href="#xpointer(id('tok_1166')/range-to(id('tok_1219')))"/><!-- ⲛⲧⲟϥ...ⲩ -->
<mark id="verse_1220" xlink:href="#xpointer(id('tok_1220')/range-to(id('tok_1244')))"/><!-- ϫⲉ.... -->
<mark id="verse_1245" xlink:href="#xpointer(id('tok_1245')/range-to(id('tok_1269')))"/><!-- ⲁⲩⲱ...ⲟⲩⲉⲧⲟⲩⲱⲧ -->
<mark id="verse_1270" xlink:href="#xpointer(id('tok_1270')/range-to(id('tok_1288')))"/><!-- ⲁⲩⲱ.... -->
<mark id="verse_1289" xlink:href="#xpointer(id('tok_1289')/range-to(id('tok_1345')))"/><!-- ⲛⲧⲉⲣⲉ...ⲟⲩ -->
<mark id="verse_1346" xlink:href="#xpointer(id('tok_1346')/range-to(id('tok_1355')))"/><!-- ⲁⲩⲱ.... -->
<mark id="verse_1356" xlink:href="#xpointer(id('tok_1356')/range-to(id('tok_1376')))"/><!-- ⲁⲩⲱ.... -->
<mark id="verse_1377" xlink:href="#xpointer(id('tok_1377')/range-to(id('tok_1391')))"/><!-- ⲛ.... -->
<mark id="verse_1392" xlink:href="#xpointer(id('tok_1392')/range-to(id('tok_1423')))"/><!-- ⲁⲩⲱ.... -->
<mark id="verse_1424" xlink:href="#xpointer(id('tok_1424')/range-to(id('tok_1439')))"/><!-- ⲁⲩⲱ.... -->
<mark id="verse_1441" xlink:href="#xpointer(id('tok_1441')/range-to(id('tok_1463')))"/><!-- ⲣⲟⲩϩⲉ.... -->
<mark id="verse_1464" xlink:href="#xpointer(id('tok_1464')/range-to(id('tok_1513')))"/><!-- ⲛⲧⲉⲣⲉ.... -->
<mark id="verse_1514" xlink:href="#xpointer(id('tok_1514')/range-to(id('tok_1541')))"/><!-- ⲛⲧⲟⲟⲩ...ⲉⲃⲟⲗ -->
<mark id="verse_1542" xlink:href="#xpointer(id('tok_1542')/range-to(id('tok_1577')))"/><!-- ⲁ...ⲣϩⲟⲧⲉ -->
<mark id="verse_1578" xlink:href="#xpointer(id('tok_1578')/range-to(id('tok_1596')))"/><!-- ⲁⲩⲱ...ⲉⲙⲁⲧⲉ -->
<mark id="verse_1597" xlink:href="#xpointer(id('tok_1597')/range-to(id('tok_1609')))"/><!-- ⲙⲡ...ⲧⲏⲙ -->
<mark id="verse_1610" xlink:href="#xpointer(id('tok_1610')/range-to(id('tok_1621')))"/><!-- ⲛⲧⲉⲣ...ⲅⲉⲛⲛⲏⲥⲁⲣⲉⲧ -->
<mark id="verse_1622" xlink:href="#xpointer(id('tok_1622')/range-to(id('tok_1635')))"/><!-- ⲛⲧⲉⲣ...ϥ -->
<mark id="verse_1636" xlink:href="#xpointer(id('tok_1636')/range-to(id('tok_1678')))"/><!-- ⲁⲩⲱ.... -->
<mark id="verse_1679" xlink:href="#xpointer(id('tok_1679')/range-to(id('tok_1731')))"/><!-- ⲁⲩⲱ.... -->
</markList>
</paula>
