<?xml version="1.0" encoding="UTF-8" standalone="no"?>

<!DOCTYPE paula SYSTEM "paula_feat.dtd">
<paula version="1.0">

<header paula_id="Mark_6_word"/>

<featList xmlns:xlink="http://www.w3.org/1999/xlink" type="word" xml:base="Mark_6.wordSeg.xml">
<feat xlink:href="#word_1" value="ⲁϥⲉⲓ"/><!-- ⲁ -->
<feat xlink:href="#word_4" value="ⲇⲉ"/><!-- ⲇⲉ -->
<feat xlink:href="#word_5" value="ⲉⲃⲟⲗ"/><!-- ⲉⲃⲟⲗ -->
<feat xlink:href="#word_6" value="ϩⲙⲡⲙⲁ"/><!-- ϩⲙ -->
<feat xlink:href="#word_9" value="ⲉⲧⲙⲙⲁⲩ"/><!-- ⲉⲧ -->
<feat xlink:href="#word_11" value="ⲁϥⲉⲓ"/><!-- ⲁ -->
<feat xlink:href="#word_14" value="ⲉϩⲣⲁⲓ"/><!-- ⲉϩⲣⲁⲓ -->
<feat xlink:href="#word_15" value="ⲉⲧⲉϥⲡⲟⲗⲓⲥ"/><!-- ⲉ -->
<feat xlink:href="#word_18" value="."/><!-- . -->
<feat xlink:href="#word_19" value="ⲁⲩⲱ"/><!-- ⲁⲩⲱ -->
<feat xlink:href="#word_20" value="ⲁⲩⲟⲩⲁϩⲟⲩ"/><!-- ⲁ -->
<feat xlink:href="#word_24" value="ⲛⲥⲱϥ"/><!-- ⲛⲥⲱ -->
<feat xlink:href="#word_26" value="ⲛϭⲓⲛⲉϥⲙⲁⲑⲏⲧⲏⲥ"/><!-- ⲛϭⲓ -->
<feat xlink:href="#word_29" value="ⲛⲧⲉⲣⲉⲡⲥⲁⲃⲃⲁⲧⲟⲛ"/><!-- ⲛⲧⲉⲣⲉ -->
<feat xlink:href="#word_32" value="ⲇⲉ"/><!-- ⲇⲉ -->
<feat xlink:href="#word_33" value="ϣⲱⲡⲉ"/><!-- ϣⲱⲡⲉ -->
<feat xlink:href="#word_34" value="ⲁϥⲁⲣⲭⲉⲥⲑⲁⲓ"/><!-- ⲁ -->
<feat xlink:href="#word_37" value="ⲛϯⲥⲃⲱ"/><!-- ⲛ -->
<feat xlink:href="#word_40" value="ϩⲛⲧⲥⲩⲛⲁⲅⲱⲅⲏ"/><!-- ϩⲛ -->
<feat xlink:href="#word_43" value="ⲁⲩⲱ"/><!-- ⲁⲩⲱ -->
<feat xlink:href="#word_44" value="ⲡⲙⲏⲏϣⲉ"/><!-- ⲡ -->
<feat xlink:href="#word_46" value="ⲉⲩⲥⲱⲧⲙ"/><!-- ⲉ -->
<feat xlink:href="#word_49" value="ⲁⲩⲣϣⲡⲏⲣⲉ"/><!-- ⲁ -->
<feat xlink:href="#word_52" value="ⲉⲩϫⲱ"/><!-- ⲉ -->
<feat xlink:href="#word_55" value="ⲙⲙⲟⲥ"/><!-- ⲙⲙⲟ -->
<feat xlink:href="#word_57" value="ϫⲉⲛⲧⲁⲡⲁⲓ"/><!-- ϫⲉ -->
<feat xlink:href="#word_61" value="ϭⲛⲛⲁⲓ"/><!-- ϭⲛ -->
<feat xlink:href="#word_63" value="ⲧⲱⲛ"/><!-- ⲧⲱⲛ -->
<feat xlink:href="#word_64" value="."/><!-- . -->
<feat xlink:href="#word_65" value="ⲁⲩⲱ"/><!-- ⲁⲩⲱ -->
<feat xlink:href="#word_66" value="ⲟⲩⲧⲉ"/><!-- ⲟⲩⲧⲉ -->
<feat xlink:href="#word_67" value="ⲧⲁⲓⲥⲟⲫⲓⲁ"/><!-- ⲧⲁⲓ -->
<feat xlink:href="#word_69" value="ⲛⲧⲁⲩⲧⲁⲁⲥ"/><!-- ⲛⲧ -->
<feat xlink:href="#word_74" value="ⲙⲡⲁⲓ"/><!-- ⲙ -->
<feat xlink:href="#word_76" value="."/><!-- . -->
<feat xlink:href="#word_77" value="ⲁⲩⲱ"/><!-- ⲁⲩⲱ -->
<feat xlink:href="#word_78" value="ⲛⲉⲓϭⲟⲙ"/><!-- ⲛⲉⲓ -->
<feat xlink:href="#word_80" value="ⲛⲧⲉⲓϭⲟⲧ"/><!-- ⲛ -->
<feat xlink:href="#word_83" value="ⲉⲧⲉⲣⲉⲡⲁⲓ"/><!-- ⲉⲧⲉⲣⲉ -->
<feat xlink:href="#word_85" value="ⲉⲓⲣⲉ"/><!-- ⲉ -->
<feat xlink:href="#word_88" value="ⲙⲙⲟⲟⲩ"/><!-- ⲙⲙⲟ -->
<feat xlink:href="#word_90" value="ⲙⲡⲁⲓ"/><!-- ⲙ -->
<feat xlink:href="#word_92" value="ⲁⲙⲡⲉ"/><!-- ⲁⲙ -->
<feat xlink:href="#word_94" value="ⲡϩⲁⲙϣⲉ"/><!-- ⲡ -->
<feat xlink:href="#word_96" value="ⲡϣⲏⲣⲉ"/><!-- ⲡ -->
<feat xlink:href="#word_98" value="ⲙⲙⲁⲣⲓⲁ"/><!-- ⲙ -->
<feat xlink:href="#word_100" value="."/><!-- . -->
<feat xlink:href="#word_101" value="ⲁⲩⲱ"/><!-- ⲁⲩⲱ -->
<feat xlink:href="#word_102" value="ⲡⲥⲟⲛ"/><!-- ⲡ -->
<feat xlink:href="#word_104" value="ⲛⲓⲁⲕⲱⲃⲟⲥ"/><!-- ⲛ -->
<feat xlink:href="#word_106" value="ⲛⲙⲓⲱⲥⲏ"/><!-- ⲛⲙ -->
<feat xlink:href="#word_108" value="ⲛⲙⲓⲟⲩⲇⲁ"/><!-- ⲛⲙ -->
<feat xlink:href="#word_110" value="ⲛⲙⲥⲓⲙⲱⲛ"/><!-- ⲛⲙ -->
<feat xlink:href="#word_112" value="."/><!-- . -->
<feat xlink:href="#word_113" value="ⲁⲩⲱ"/><!-- ⲁⲩⲱ -->
<feat xlink:href="#word_114" value="ⲛⲉϥⲥⲱⲛⲉ"/><!-- ⲛⲉϥ -->
<feat xlink:href="#word_116" value="ⲛⲉⲩⲛⲡⲉⲉⲓⲙⲁ"/><!-- ⲛ -->
<feat xlink:href="#word_122" value="ⲁⲛ"/><!-- ⲁⲛ -->
<feat xlink:href="#word_123" value="ϩⲁϩⲧⲏⲛ"/><!-- ϩⲁϩⲧⲏ -->
<feat xlink:href="#word_125" value="ⲁⲩⲥⲕⲁⲛⲇⲁⲗⲓⲍⲉ"/><!-- ⲁ -->
<feat xlink:href="#word_128" value="ϩⲣⲁⲓ"/><!-- ϩⲣⲁⲓ -->
<feat xlink:href="#word_129" value="ⲛϩⲏⲧϥ"/><!-- ⲛϩⲏⲧ -->
<feat xlink:href="#word_131" value="."/><!-- . -->
<feat xlink:href="#word_132" value="ⲡⲉϫⲉ"/><!-- ⲡⲉϫⲉ -->
<feat xlink:href="#word_133" value="ⲓⲏⲥⲟⲩⲥ"/><!-- ⲓⲏⲥⲟⲩⲥ -->
<feat xlink:href="#word_134" value="ⲇⲉ"/><!-- ⲇⲉ -->
<feat xlink:href="#word_135" value="ⲛⲁⲩ"/><!-- ⲛⲁ -->
<feat xlink:href="#word_137" value="."/><!-- . -->
<feat xlink:href="#word_138" value="ϫⲉ"/><!-- ϫⲉ -->
<feat xlink:href="#word_139" value="ⲙⲙⲛⲡⲣⲟⲫⲏⲧⲏⲥ"/><!-- ⲙⲙⲛ -->
<feat xlink:href="#word_141" value="ⲥⲏϣ"/><!-- ⲥⲏϣ -->
<feat xlink:href="#word_142" value="ⲉⲓ"/><!-- ⲉ -->
<feat xlink:href="#word_144" value="ⲙⲏⲧⲓ"/><!-- ⲙⲏⲧⲓ -->
<feat xlink:href="#word_145" value="ϩⲛⲧⲉϥⲡⲟⲗⲓⲥ"/><!-- ϩⲛ -->
<feat xlink:href="#word_148" value="ⲁⲩⲱ"/><!-- ⲁⲩⲱ -->
<feat xlink:href="#word_149" value="ϩⲛⲛⲉϥⲥⲩⲅⲅⲉⲛⲏⲥ"/><!-- ϩⲛ -->
<feat xlink:href="#word_152" value="ⲙⲛⲡⲉϥⲏⲉⲓ"/><!-- ⲙⲛ -->
<feat xlink:href="#word_155" value="."/><!-- . -->
<feat xlink:href="#word_156" value="ⲙⲡϥⲣⲗⲁⲁⲩ"/><!-- ⲙⲡ -->
<feat xlink:href="#word_160" value="ⲇⲉ"/><!-- ⲇⲉ -->
<feat xlink:href="#word_161" value="ⲛϭⲟⲙⲙⲡⲙⲁ"/><!-- ⲛ -->
<feat xlink:href="#word_166" value="ⲉⲧⲙⲙⲁⲩ"/><!-- ⲉⲧ -->
<feat xlink:href="#word_168" value="ⲛⲥⲁϩⲟⲉⲓⲛⲉ"/><!-- ⲛⲥⲁ -->
<feat xlink:href="#word_170" value="ⲉⲩϣⲱⲛⲉ"/><!-- ⲉ -->
<feat xlink:href="#word_173" value="ⲁϥⲕⲁⲧⲟⲟⲧϥ"/><!-- ⲁ -->
<feat xlink:href="#word_178" value="ϩⲓϫⲱⲟⲩ"/><!-- ϩⲓϫⲱ -->
<feat xlink:href="#word_180" value="ⲁϥⲧⲁⲗϭⲟⲟⲩ"/><!-- ⲁ -->
<feat xlink:href="#word_184" value="."/><!-- . -->
<feat xlink:href="#word_185" value="ⲁⲩⲱ"/><!-- ⲁⲩⲱ -->
<feat xlink:href="#word_186" value="ⲛⲉⲩⲣϣⲡⲏⲣⲉ"/><!-- ⲛⲉ -->
<feat xlink:href="#word_189" value="ⲉⲧⲃⲉ"/><!-- ⲉⲧⲃⲉ -->
<feat xlink:href="#word_190" value="ⲧⲉⲩⲙⲛⲧⲁⲧⲛⲁϩⲧⲉ"/><!-- ⲧⲉⲩ -->
<feat xlink:href="#word_192" value="ⲛⲉϥⲕⲱⲧⲉ"/><!-- ⲛⲉ -->
<feat xlink:href="#word_195" value="ⲇⲉ"/><!-- ⲇⲉ -->
<feat xlink:href="#word_196" value="ⲡⲉ"/><!-- ⲡⲉ -->
<feat xlink:href="#word_197" value="ⲉⲛⲉⲧⲙⲉ"/><!-- ⲉ -->
<feat xlink:href="#word_200" value="ⲉϥϯⲥⲃⲱ"/><!-- ⲉ -->
<feat xlink:href="#word_203" value="ⲁⲩⲱ"/><!-- ⲁⲩⲱ -->
<feat xlink:href="#word_204" value="ⲁϥⲙⲟⲩⲧⲉ"/><!-- ⲁ -->
<feat xlink:href="#word_207" value="ⲉⲡⲙⲛⲧⲥⲛⲟⲟⲩⲥ"/><!-- ⲉ -->
<feat xlink:href="#word_210" value="ⲁϥⲁⲣⲭⲉⲥⲑⲁⲓ"/><!-- ⲁ -->
<feat xlink:href="#word_213" value="ⲛϫⲟⲟⲩⲥⲉ"/><!-- ⲛ -->
<feat xlink:href="#word_215" value="ⲥⲛⲁⲩ"/><!-- ⲥⲛⲁⲩ -->
<feat xlink:href="#word_216" value="ⲥⲛⲁⲩ"/><!-- ⲥⲛⲁⲩ -->
<feat xlink:href="#word_217" value="ⲁⲩⲱ"/><!-- ⲁⲩⲱ -->
<feat xlink:href="#word_218" value="ⲁϥϯ"/><!-- ⲁ -->
<feat xlink:href="#word_221" value="ⲛⲁⲩ"/><!-- ⲛⲁ -->
<feat xlink:href="#word_223" value="ⲛⲧⲉⲝⲟⲩⲥⲓⲁ"/><!-- ⲛ -->
<feat xlink:href="#word_226" value="ⲉϩⲟⲩⲛ"/><!-- ⲉϩⲟⲩⲛ -->
<feat xlink:href="#word_227" value="ⲉⲛⲉⲡⲛⲉⲩⲙⲁ"/><!-- ⲉ -->
<feat xlink:href="#word_230" value="ⲛⲁⲕⲁⲑⲁⲣⲧⲟⲛ"/><!-- ⲛ -->
<feat xlink:href="#word_232" value="ⲁϥϩⲱⲛ"/><!-- ⲁ -->
<feat xlink:href="#word_235" value="ⲇⲉ"/><!-- ⲇⲉ -->
<feat xlink:href="#word_236" value="ⲉⲧⲟⲟⲧⲟⲩ"/><!-- ⲉⲧⲟⲟⲧ -->
<feat xlink:href="#word_238" value="ϫⲉⲕⲁⲁⲥ"/><!-- ϫⲉⲕⲁⲁⲥ -->
<feat xlink:href="#word_239" value="ⲉⲛⲛⲉⲩϥⲓⲗⲁⲁⲩ"/><!-- ⲉ -->
<feat xlink:href="#word_245" value="ⲛⲙⲙⲁⲩ"/><!-- ⲛⲙⲙⲁ -->
<feat xlink:href="#word_247" value="ⲉ"/><!-- ⲉ -->
<feat xlink:href="#word_248" value="ⲧⲉϩⲓⲏ"/><!-- ⲧⲉ -->
<feat xlink:href="#word_250" value="ⲛⲥⲁⲟⲩϭⲉⲣⲱⲃ"/><!-- ⲛⲥⲁ -->
<feat xlink:href="#word_253" value="ⲙⲙⲁⲧⲉ"/><!-- ⲙⲙⲁⲧⲉ -->
<feat xlink:href="#word_254" value="ⲟⲩⲇⲉ"/><!-- ⲟⲩⲇⲉ -->
<feat xlink:href="#word_255" value="ⲟⲉⲓⲕ"/><!-- ⲟⲉⲓⲕ -->
<feat xlink:href="#word_256" value="ⲟⲩⲇⲉ"/><!-- ⲟⲩⲇⲉ -->
<feat xlink:href="#word_257" value="ⲡⲏⲣⲁ"/><!-- ⲡⲏⲣⲁ -->
<feat xlink:href="#word_258" value="ⲟⲩⲇⲉ"/><!-- ⲟⲩⲇⲉ -->
<feat xlink:href="#word_259" value="ϩⲟⲙⲛⲧ"/><!-- ϩⲟⲙⲛⲧ -->
<feat xlink:href="#word_260" value="ⲉⲛⲉⲩⲙⲟϫϩ"/><!-- ⲉ -->
<feat xlink:href="#word_263" value="ⲁⲗⲗⲁ"/><!-- ⲁⲗⲗⲁ -->
<feat xlink:href="#word_264" value="ⲉⲣⲉⲛⲉⲩⲥⲁⲛⲇⲁⲗⲓⲟⲛ"/><!-- ⲉⲣⲉ -->
<feat xlink:href="#word_267" value="ⲟⲧϩ"/><!-- ⲟⲧϩ -->
<feat xlink:href="#word_268" value="ⲉⲣⲁⲧⲟⲩ"/><!-- ⲉⲣⲁⲧ -->
<feat xlink:href="#word_270" value="."/><!-- . -->
<feat xlink:href="#word_271" value="ⲟⲩⲇⲉ"/><!-- ⲟⲩⲇⲉ -->
<feat xlink:href="#word_272" value="ⲛⲥⲉⲧⲙϯϣⲧⲏⲛ"/><!-- ⲛ -->
<feat xlink:href="#word_277" value="ⲥⲛⲧⲉ"/><!-- ⲥⲛⲧⲉ -->
<feat xlink:href="#word_278" value="ϩⲓⲱⲟⲩ"/><!-- ϩⲓⲱ -->
<feat xlink:href="#word_280" value="ⲁⲩⲱ"/><!-- ⲁⲩⲱ -->
<feat xlink:href="#word_281" value="ⲛⲉϥϫⲱ"/><!-- ⲛⲉ -->
<feat xlink:href="#word_284" value="ⲙⲙⲟⲥ"/><!-- ⲙⲙⲟ -->
<feat xlink:href="#word_286" value="ⲛⲁⲩ"/><!-- ⲛⲁ -->
<feat xlink:href="#word_288" value="ϫⲉ"/><!-- ϫⲉ -->
<feat xlink:href="#word_289" value="ⲡⲏⲉⲓ"/><!-- ⲡ -->
<feat xlink:href="#word_291" value="ⲉⲧⲉⲧⲛⲛⲁⲃⲱⲕ"/><!-- ⲉ -->
<feat xlink:href="#word_295" value="ⲉϩⲟⲩⲛ"/><!-- ⲉϩⲟⲩⲛ -->
<feat xlink:href="#word_296" value="ⲉⲣⲟϥ"/><!-- ⲉⲣⲟ -->
<feat xlink:href="#word_298" value="ϭⲱ"/><!-- ϭⲱ -->
<feat xlink:href="#word_299" value="ⲛϩⲏⲧϥ"/><!-- ⲛϩⲏⲧ -->
<feat xlink:href="#word_301" value="ϣⲁⲛⲧⲉⲧⲛⲉⲓ"/><!-- ϣⲁⲛⲧⲉ -->
<feat xlink:href="#word_304" value="ⲉⲃⲟⲗ"/><!-- ⲉⲃⲟⲗ -->
<feat xlink:href="#word_305" value="ϩⲙⲡⲙⲁ"/><!-- ϩⲙ -->
<feat xlink:href="#word_308" value="ⲉⲧⲙⲙⲁⲩ"/><!-- ⲉⲧ -->
<feat xlink:href="#word_310" value="ⲁⲩⲱ"/><!-- ⲁⲩⲱ -->
<feat xlink:href="#word_311" value="ⲡⲙⲁ"/><!-- ⲡ -->
<feat xlink:href="#word_313" value="ⲉⲧⲉⲛϥⲛⲁϣⲉⲡⲧⲏⲩⲧⲛ"/><!-- ⲉⲧⲉ -->
<feat xlink:href="#word_319" value="ⲉⲣⲟϥ"/><!-- ⲉⲣⲟ -->
<feat xlink:href="#word_321" value="ⲁⲛ"/><!-- ⲁⲛ -->
<feat xlink:href="#word_322" value="ⲟⲩⲇⲉ"/><!-- ⲟⲩⲇⲉ -->
<feat xlink:href="#word_323" value="ⲛⲥⲉⲧⲙⲥⲱⲧⲙ"/><!-- ⲛ -->
<feat xlink:href="#word_327" value="ⲉⲣⲱⲧⲛ"/><!-- ⲉⲣⲱ -->
<feat xlink:href="#word_329" value="ⲉⲧⲉⲧⲛⲛⲁⲉⲓ"/><!-- ⲉ -->
<feat xlink:href="#word_333" value="ⲉⲃⲟⲗ"/><!-- ⲉⲃⲟⲗ -->
<feat xlink:href="#word_334" value="ϩⲙⲡⲙⲁ"/><!-- ϩⲙ -->
<feat xlink:href="#word_337" value="ⲉⲧⲙⲙⲁⲩ"/><!-- ⲉⲧ -->
<feat xlink:href="#word_339" value="ⲛⲟⲩϩⲉ"/><!-- ⲛ -->
<feat xlink:href="#word_342" value="ⲉⲃⲟⲗ"/><!-- ⲉⲃⲟⲗ -->
<feat xlink:href="#word_343" value="ⲙⲡϣⲟⲉⲓϣ"/><!-- ⲙ -->
<feat xlink:href="#word_346" value="ⲉⲧϩⲁⲣⲟⲟⲩ"/><!-- ⲉⲧ -->
<feat xlink:href="#word_349" value="ⲛⲛⲉⲧⲟⲩⲉⲣⲏⲧⲉ"/><!-- ⲛⲛⲉ -->
<feat xlink:href="#word_352" value="ⲉⲩⲙⲛⲧⲙⲛⲧⲣⲉ"/><!-- ⲉ -->
<feat xlink:href="#word_355" value="ⲉⲣⲟⲟⲩ"/><!-- ⲉⲣⲟ -->
<feat xlink:href="#word_357" value="."/><!-- . -->
<feat xlink:href="#word_358" value="ⲁⲩⲱ"/><!-- ⲁⲩⲱ -->
<feat xlink:href="#word_359" value="ⲛⲧⲉⲣⲟⲩⲙⲟⲟϣⲉ"/><!-- ⲛⲧⲉⲣ -->
<feat xlink:href="#word_362" value="ⲁⲩⲕⲏⲣⲩⲥⲥⲉ"/><!-- ⲁ -->
<feat xlink:href="#word_365" value="ϫⲉⲉⲩⲉⲙⲉⲧⲁⲛⲟⲉⲓ"/><!-- ϫⲉ -->
<feat xlink:href="#word_368" value="ⲁⲩⲱ"/><!-- ⲁⲩⲱ -->
<feat xlink:href="#word_369" value="ϩⲁϩ"/><!-- ϩⲁϩ -->
<feat xlink:href="#word_370" value="ⲛⲇⲁⲓⲙⲱⲛⲓⲟⲛ"/><!-- ⲛ -->
<feat xlink:href="#word_372" value="ⲁⲩⲛⲟϫⲟⲩ"/><!-- ⲁ -->
<feat xlink:href="#word_376" value="ⲉⲃⲟⲗ"/><!-- ⲉⲃⲟⲗ -->
<feat xlink:href="#word_377" value="ϩⲉⲛⲕⲉⲙⲏⲏϣⲉ"/><!-- ϩⲉⲛ -->
<feat xlink:href="#word_380" value="ⲉⲩϣⲱⲛⲉ"/><!-- ⲉ -->
<feat xlink:href="#word_383" value="ⲁⲩⲧⲁϩⲥⲟⲩ"/><!-- ⲁ -->
<feat xlink:href="#word_387" value="ⲛⲛⲉϩ"/><!-- ⲛ -->
<feat xlink:href="#word_389" value="ⲁⲩⲧⲁⲗϭⲟⲟⲩ"/><!-- ⲁ -->
<feat xlink:href="#word_393" value="."/><!-- . -->
<feat xlink:href="#word_394" value="ⲁⲩⲱ"/><!-- ⲁⲩⲱ -->
<feat xlink:href="#word_395" value="ⲁϥⲥⲱⲧⲙ"/><!-- ⲁ -->
<feat xlink:href="#word_398" value="ⲛϭⲓϩⲏⲣⲱⲇⲏⲥ"/><!-- ⲛϭⲓ -->
<feat xlink:href="#word_400" value="ⲡⲣⲣⲟ"/><!-- ⲡ -->
<feat xlink:href="#word_402" value="ⲁⲡⲉϥⲣⲁⲛ"/><!-- ⲁ -->
<feat xlink:href="#word_405" value="ⲅⲁⲣ"/><!-- ⲅⲁⲣ -->
<feat xlink:href="#word_406" value="ϯⲥⲟⲉⲓⲧ"/><!-- ϯ -->
<feat xlink:href="#word_408" value="ⲁⲩⲱ"/><!-- ⲁⲩⲱ -->
<feat xlink:href="#word_409" value="ⲛⲉⲩϫⲱ"/><!-- ⲛⲉ -->
<feat xlink:href="#word_412" value="ⲙⲙⲟⲥ"/><!-- ⲙⲙⲟ -->
<feat xlink:href="#word_414" value="ϫⲉⲓⲱϩⲁⲛⲛⲏⲥ"/><!-- ϫⲉ -->
<feat xlink:href="#word_416" value="ⲡⲉⲧϯⲃⲁⲡⲧⲓⲥⲙⲁ"/><!-- ⲡ -->
<feat xlink:href="#word_420" value="ⲁϥⲧⲱⲟⲩⲛ"/><!-- ⲁ -->
<feat xlink:href="#word_423" value="ϩⲛⲛⲉⲧⲙⲟⲟⲩⲧ"/><!-- ϩⲛ -->
<feat xlink:href="#word_427" value="ⲁⲩⲱ"/><!-- ⲁⲩⲱ -->
<feat xlink:href="#word_428" value="ⲉⲧⲃⲉⲡⲁⲓ"/><!-- ⲉⲧⲃⲉ -->
<feat xlink:href="#word_430" value="ⲛϭⲟⲙ"/><!-- ⲛ -->
<feat xlink:href="#word_432" value="ⲉⲛⲉⲣⲅⲉⲓ"/><!-- ⲉⲛⲉⲣⲅⲓ -->
<feat xlink:href="#word_433" value="ⲛϩⲏⲧϥ"/><!-- ⲛϩⲏⲧ -->
<feat xlink:href="#word_435" value="."/><!-- . -->
<feat xlink:href="#word_436" value="ϩⲉⲛⲕⲟⲟⲩⲉ"/><!-- ϩⲉⲛ -->
<feat xlink:href="#word_438" value="ⲇⲉ"/><!-- ⲇⲉ -->
<feat xlink:href="#word_439" value="ⲛⲉⲩϫⲱ"/><!-- ⲛⲉ -->
<feat xlink:href="#word_442" value="ⲙⲙⲟⲥ"/><!-- ⲙⲙⲟ -->
<feat xlink:href="#word_444" value="ϫⲉϩⲏⲗⲉⲓⲁⲥⲡⲉ"/><!-- ϫⲉ -->
<feat xlink:href="#word_447" value="ϩⲉⲛⲕⲟⲟⲩⲉ"/><!-- ϩⲉⲛ -->
<feat xlink:href="#word_449" value="ⲇⲉ"/><!-- ⲇⲉ -->
<feat xlink:href="#word_450" value="ϫⲉⲟⲩⲡⲣⲟⲫⲏⲧⲏⲥⲡⲉ"/><!-- ϫⲉ -->
<feat xlink:href="#word_454" value="ⲛⲧϩⲉ"/><!-- ⲛ -->
<feat xlink:href="#word_457" value="ⲛⲟⲩⲁ"/><!-- ⲛ -->
<feat xlink:href="#word_459" value="ⲛⲛⲉⲡⲣⲟⲫⲏⲧⲏⲥ"/><!-- ⲛ -->
<feat xlink:href="#word_462" value="ⲛⲧⲉⲣⲉϥⲥⲱⲧⲙ"/><!-- ⲛⲧⲉⲣⲉ -->
<feat xlink:href="#word_465" value="ⲇⲉ"/><!-- ⲇⲉ -->
<feat xlink:href="#word_466" value="ⲛϭⲓϩⲏⲣⲱⲇⲏⲥ"/><!-- ⲛϭⲓ -->
<feat xlink:href="#word_468" value="ⲡⲉϫⲁϥ"/><!-- ⲡⲉϫⲁ -->
<feat xlink:href="#word_470" value="ϫⲉⲓⲱϩⲁⲛⲛⲏⲥⲡⲉ"/><!-- ϫⲉ -->
<feat xlink:href="#word_473" value="ⲛⲧⲁⲓϥⲓⲧⲉϥⲁⲡⲉ"/><!-- ⲛⲧ -->
<feat xlink:href="#word_479" value="ⲛⲧⲟϥⲡⲉ"/><!-- ⲛⲧⲟϥ -->
<feat xlink:href="#word_481" value="ⲛⲧⲁϥⲧⲱⲟⲩⲛ"/><!-- ⲛⲧ -->
<feat xlink:href="#word_485" value="."/><!-- . -->
<feat xlink:href="#word_486" value="ϩⲏⲣⲱⲇⲏⲥ"/><!-- ϩⲏⲣⲱⲇⲏⲥ -->
<feat xlink:href="#word_487" value="ⲅⲁⲣ"/><!-- ⲅⲁⲣ -->
<feat xlink:href="#word_488" value="ⲁϥϫⲟⲟⲩ"/><!-- ⲁ -->
<feat xlink:href="#word_491" value="ⲁϥⲁⲙⲁϩⲧⲉ"/><!-- ⲁ -->
<feat xlink:href="#word_494" value="ⲛⲓⲱϩⲁⲛⲛⲏⲥ"/><!-- ⲛ -->
<feat xlink:href="#word_496" value="ⲁϥⲙⲟⲣϥ"/><!-- ⲁ -->
<feat xlink:href="#word_500" value="ⲁϥⲕⲁⲁϥ"/><!-- ⲁ -->
<feat xlink:href="#word_504" value="ϩⲙⲡⲉϣⲧⲉⲕⲟ"/><!-- ϩⲙ -->
<feat xlink:href="#word_507" value="."/><!-- . -->
<feat xlink:href="#word_508" value="ⲉⲧⲃⲉϩⲏⲣⲱⲇⲓⲁⲥ"/><!-- ⲉⲧⲃⲉ -->
<feat xlink:href="#word_510" value="ⲑⲓⲙⲉ"/><!-- ⲑ -->
<feat xlink:href="#word_512" value="ⲙⲫⲓⲗⲓⲡⲡⲟⲥ"/><!-- ⲙ -->
<feat xlink:href="#word_514" value="ⲡⲉϥⲥⲟⲛ"/><!-- ⲡⲉϥ -->
<feat xlink:href="#word_516" value="ⲉⲃⲟⲗ"/><!-- ⲉⲃⲟⲗ -->
<feat xlink:href="#word_517" value="ϫⲉⲁϥϩⲙⲟⲟⲥ"/><!-- ϫⲉ -->
<feat xlink:href="#word_521" value="ⲛⲙⲙⲁⲥ"/><!-- ⲛⲙⲙⲁ -->
<feat xlink:href="#word_523" value="ⲓⲱϩⲁⲛⲛⲏⲥ"/><!-- ⲓⲱϩⲁⲛⲛⲏⲥ -->
<feat xlink:href="#word_524" value="ⲅⲁⲣ"/><!-- ⲅⲁⲣ -->
<feat xlink:href="#word_525" value="ⲛⲉϥϫⲱ"/><!-- ⲛⲉ -->
<feat xlink:href="#word_528" value="ⲙⲙⲟⲥ"/><!-- ⲙⲙⲟ -->
<feat xlink:href="#word_530" value="ⲛϩⲏⲣⲱⲇⲏⲥ"/><!-- ⲛ -->
<feat xlink:href="#word_532" value="ϫⲉⲟⲩⲕ"/><!-- ϫⲉ -->
<feat xlink:href="#word_534" value="ⲉⲝⲉⲥⲧⲉⲓ"/><!-- ⲉⲝⲉⲥⲧⲓ -->
<feat xlink:href="#word_535" value="ⲛⲁⲕ"/><!-- ⲛⲁ -->
<feat xlink:href="#word_537" value="ⲉϫⲓ"/><!-- ⲉ -->
<feat xlink:href="#word_539" value="ⲛⲑⲓⲙⲉ"/><!-- ⲛ -->
<feat xlink:href="#word_542" value="ⲙⲡⲉⲕⲥⲟⲛ"/><!-- ⲙ -->
<feat xlink:href="#word_545" value="."/><!-- . -->
<feat xlink:href="#word_546" value="ϩⲏⲣⲱⲇⲓⲁⲥ"/><!-- ϩⲏⲣⲱⲇⲓⲁⲥ -->
<feat xlink:href="#word_547" value="ⲇⲉ"/><!-- ⲇⲉ -->
<feat xlink:href="#word_548" value="ⲛⲉⲥϭⲟⲛⲧ"/><!-- ⲛⲉ -->
<feat xlink:href="#word_551" value="ⲉⲣⲟϥ"/><!-- ⲉⲣⲟ -->
<feat xlink:href="#word_553" value="."/><!-- . -->
<feat xlink:href="#word_554" value="ⲁⲩⲱ"/><!-- ⲁⲩⲱ -->
<feat xlink:href="#word_555" value="ⲛⲉⲥⲟⲩⲱϣ"/><!-- ⲛⲉ -->
<feat xlink:href="#word_558" value="ⲉⲙⲟⲟⲩⲧϥ"/><!-- ⲉ -->
<feat xlink:href="#word_561" value="ⲙⲡⲉⲥϭⲙϭⲟⲙ"/><!-- ⲙⲡⲉ -->
<feat xlink:href="#word_564" value="ⲇⲉ"/><!-- ⲇⲉ -->
<feat xlink:href="#word_565" value="."/><!-- . -->
<feat xlink:href="#word_566" value="ϩⲏⲣⲱⲇⲏⲥ"/><!-- ϩⲏⲣⲱⲇⲏⲥ -->
<feat xlink:href="#word_567" value="ⲅⲁⲣ"/><!-- ⲅⲁⲣ -->
<feat xlink:href="#word_568" value="ⲛⲉϥⲟ"/><!-- ⲛⲉ -->
<feat xlink:href="#word_571" value="ⲛϩⲟⲧⲉ"/><!-- ⲛ -->
<feat xlink:href="#word_573" value="ϩⲏⲧϥ"/><!-- ϩⲏⲧ -->
<feat xlink:href="#word_575" value="ⲛⲓⲱϩⲁⲛⲛⲏⲥ"/><!-- ⲛ -->
<feat xlink:href="#word_577" value="ⲉϥⲥⲟⲟⲩⲛ"/><!-- ⲉ -->
<feat xlink:href="#word_580" value="ⲙⲙⲟϥ"/><!-- ⲙⲙⲟ -->
<feat xlink:href="#word_582" value="ϫⲉⲟⲩⲣⲱⲙⲉ"/><!-- ϫⲉ -->
<feat xlink:href="#word_585" value="ⲛⲇⲓⲕⲁⲓⲟⲥⲡⲉ"/><!-- ⲛ -->
<feat xlink:href="#word_588" value="ⲉϥⲟⲩⲁⲁⲃ"/><!-- ⲉ -->
<feat xlink:href="#word_591" value="ⲁⲩⲱ"/><!-- ⲁⲩⲱ -->
<feat xlink:href="#word_592" value="ⲛⲉϥⲧⲙⲁⲓⲟ"/><!-- ⲛⲉ -->
<feat xlink:href="#word_595" value="ⲙⲙⲟϥ"/><!-- ⲙⲙⲟ -->
<feat xlink:href="#word_597" value="ⲛⲧⲉⲣⲉϥⲥⲱⲧⲙ"/><!-- ⲛⲧⲉⲣⲉ -->
<feat xlink:href="#word_600" value="ⲇⲉ"/><!-- ⲇⲉ -->
<feat xlink:href="#word_601" value="ⲉⲣⲟϥ"/><!-- ⲉⲣⲟ -->
<feat xlink:href="#word_603" value="ⲛϩⲁϩ"/><!-- ⲛ -->
<feat xlink:href="#word_605" value="ⲛⲥⲟⲡ"/><!-- ⲛ -->
<feat xlink:href="#word_607" value="ⲁϥⲣϣⲡⲏⲣⲉ"/><!-- ⲁ -->
<feat xlink:href="#word_610" value="ⲁⲩⲱ"/><!-- ⲁⲩⲱ -->
<feat xlink:href="#word_611" value="ⲛⲉϥⲥⲱⲧⲙ"/><!-- ⲛⲉ -->
<feat xlink:href="#word_614" value="ⲉⲣⲟϥ"/><!-- ⲉⲣⲟ -->
<feat xlink:href="#word_616" value="ⲉϥⲡⲓⲑⲉ"/><!-- ⲉ -->
<feat xlink:href="#word_619" value="."/><!-- . -->
<feat xlink:href="#word_620" value="ⲛⲧⲉⲣⲉⲟⲩϩⲟⲟⲩ"/><!-- ⲛⲧⲉⲣⲉ -->
<feat xlink:href="#word_623" value="ⲇⲉ"/><!-- ⲇⲉ -->
<feat xlink:href="#word_624" value="ⲛⲣⲁⲛ"/><!-- ⲛ -->
<feat xlink:href="#word_626" value="ϣⲱⲡⲉ"/><!-- ϣⲱⲡⲉ -->
<feat xlink:href="#word_627" value="ⲉⲁϩⲏⲣⲱⲇⲏⲥ"/><!-- ⲉ -->
<feat xlink:href="#word_630" value="ϩⲙⲡⲉϥϩⲟⲩⲙⲓⲥⲉ"/><!-- ϩⲙ -->
<feat xlink:href="#word_633" value="ⲉⲣⲟⲩⲇⲓⲡⲛⲟⲛ"/><!-- ⲉ -->
<feat xlink:href="#word_637" value="ⲉⲛⲉϥⲙⲉⲅⲓⲥⲧⲁⲛⲟⲥ"/><!-- ⲉ -->
<feat xlink:href="#word_640" value="ⲁⲩⲱ"/><!-- ⲁⲩⲱ -->
<feat xlink:href="#word_641" value="ⲉⲛⲭⲓⲗⲓⲁⲣⲭⲟⲥ"/><!-- ⲉ -->
<feat xlink:href="#word_644" value="ⲙⲛⲛⲛⲟϭ"/><!-- ⲙⲛ -->
<feat xlink:href="#word_647" value="ⲛⲧⲅⲁⲗⲓⲗⲁⲓⲁ"/><!-- ⲛ -->
<feat xlink:href="#word_650" value="."/><!-- . -->
<feat xlink:href="#word_651" value="ⲁⲥⲉⲓ"/><!-- ⲁ -->
<feat xlink:href="#word_654" value="ⲉϩⲟⲩⲛ"/><!-- ⲉϩⲟⲩⲛ -->
<feat xlink:href="#word_655" value="ⲛϭⲓⲧϣⲉⲉⲣⲉ"/><!-- ⲛϭⲓ -->
<feat xlink:href="#word_658" value="ⲛϩⲏⲣⲱⲇⲓⲁⲥ"/><!-- ⲛ -->
<feat xlink:href="#word_660" value="ⲁⲥⲟⲣⲭⲉ"/><!-- ⲁ -->
<feat xlink:href="#word_663" value="ⲁⲥⲣⲁⲛⲁϥ"/><!-- ⲁ -->
<feat xlink:href="#word_667" value="ⲛϩⲏⲣⲱⲇⲏⲥ"/><!-- ⲛ -->
<feat xlink:href="#word_669" value="ⲙⲛⲛⲉⲧⲛⲏϫ"/><!-- ⲙⲛ -->
<feat xlink:href="#word_673" value="."/><!-- . -->
<feat xlink:href="#word_674" value="ⲡⲉⲣⲟ"/><!-- ⲡ -->
<feat xlink:href="#word_676" value="ⲇⲉ"/><!-- ⲇⲉ -->
<feat xlink:href="#word_677" value="ⲁϥϫⲟⲟⲥ"/><!-- ⲁ -->
<feat xlink:href="#word_681" value="ⲛⲧϣⲉⲉⲣⲉ"/><!-- ⲛ -->
<feat xlink:href="#word_684" value="ϣⲏⲙ"/><!-- ϣⲏⲙ -->
<feat xlink:href="#word_685" value="ϫⲉⲁⲓⲧⲉⲓ"/><!-- ϫⲉ -->
<feat xlink:href="#word_687" value="ⲙⲙⲟⲓ"/><!-- ⲙⲙⲟ -->
<feat xlink:href="#word_689" value="ⲙⲡⲉⲧⲉⲟⲩⲁϣϥ"/><!-- ⲙ -->
<feat xlink:href="#word_694" value="ⲁⲩⲱ"/><!-- ⲁⲩⲱ -->
<feat xlink:href="#word_695" value="ϯⲛⲁⲧⲁⲁϥ"/><!-- ϯ -->
<feat xlink:href="#word_699" value="ⲛⲉ"/><!-- ⲛ -->
<feat xlink:href="#word_701" value="."/><!-- . -->
<feat xlink:href="#word_702" value="ⲁⲩⲱ"/><!-- ⲁⲩⲱ -->
<feat xlink:href="#word_703" value="ⲁϥϩⲟⲙⲟⲗⲟⲅⲉⲓ"/><!-- ⲁ -->
<feat xlink:href="#word_706" value="ⲛⲁⲥ"/><!-- ⲛⲁ -->
<feat xlink:href="#word_708" value="ϫⲉⲡⲉⲧⲉⲣⲁⲁⲓⲧⲉⲓ"/><!-- ϫⲉ -->
<feat xlink:href="#word_712" value="ⲙⲙⲟⲓ"/><!-- ⲙⲙⲟ -->
<feat xlink:href="#word_714" value="ⲙⲙⲟϥ"/><!-- ⲙⲙⲟ -->
<feat xlink:href="#word_716" value="ϯⲛⲁⲧⲁⲁϥ"/><!-- ϯ -->
<feat xlink:href="#word_720" value="ⲛⲉ"/><!-- ⲛ -->
<feat xlink:href="#word_722" value="ϣⲁⲧⲡⲁϣⲉ"/><!-- ϣⲁ -->
<feat xlink:href="#word_725" value="ⲛⲧⲁⲙⲛⲧⲣⲣⲟ"/><!-- ⲛ -->
<feat xlink:href="#word_728" value="."/><!-- . -->
<feat xlink:href="#word_729" value="ⲛⲧⲉⲣⲉⲥⲉⲓ"/><!-- ⲛⲧⲉⲣⲉ -->
<feat xlink:href="#word_732" value="ⲇⲉ"/><!-- ⲇⲉ -->
<feat xlink:href="#word_733" value="ⲉⲃⲟⲗ"/><!-- ⲉⲃⲟⲗ -->
<feat xlink:href="#word_734" value="ⲁⲥϫⲟⲟⲥ"/><!-- ⲁ -->
<feat xlink:href="#word_738" value="ⲛⲧⲉⲥⲙⲁⲁⲩ"/><!-- ⲛ -->
<feat xlink:href="#word_741" value="ϫⲉ"/><!-- ϫⲉ -->
<feat xlink:href="#word_742" value="ⲧⲁⲁⲓⲧⲉⲓ"/><!-- ⲧⲁ -->
<feat xlink:href="#word_744" value="ⲛⲟⲩ"/><!-- ⲛ -->
<feat xlink:href="#word_746" value="."/><!-- . -->
<feat xlink:href="#word_747" value="ⲛⲧⲟⲥ"/><!-- ⲛⲧⲟⲥ -->
<feat xlink:href="#word_748" value="ⲇⲉ"/><!-- ⲇⲉ -->
<feat xlink:href="#word_749" value="ⲡⲉϫⲁⲥ"/><!-- ⲡⲉϫⲁ -->
<feat xlink:href="#word_751" value="ϫⲉⲉⲧⲓ"/><!-- ϫⲉ -->
<feat xlink:href="#word_753" value="ⲛⲧⲁⲡⲉ"/><!-- ⲛ -->
<feat xlink:href="#word_756" value="ⲛⲓⲱϩⲁⲛⲛⲏⲥ"/><!-- ⲛ -->
<feat xlink:href="#word_758" value="ⲡⲃⲁⲡⲧⲓⲥⲧⲏⲥ"/><!-- ⲡ -->
<feat xlink:href="#word_760" value="ⲁⲩⲱ"/><!-- ⲁⲩⲱ -->
<feat xlink:href="#word_761" value="ⲛⲧⲉⲣⲉⲥⲃⲱⲕ"/><!-- ⲛⲧⲉⲣⲉ -->
<feat xlink:href="#word_764" value="ⲉϩⲟⲩⲛ"/><!-- ⲉϩⲟⲩⲛ -->
<feat xlink:href="#word_765" value="ⲛⲧⲉⲩⲛⲟⲩ"/><!-- ⲛ -->
<feat xlink:href="#word_768" value="ϣⲁⲡⲉⲣⲟ"/><!-- ϣⲁ -->
<feat xlink:href="#word_771" value="ⲁⲥⲁⲓⲧⲉⲓ"/><!-- ⲁ -->
<feat xlink:href="#word_774" value="ⲙⲙⲟϥ"/><!-- ⲙⲙⲟ -->
<feat xlink:href="#word_776" value="ⲉⲥϫⲱ"/><!-- ⲉ -->
<feat xlink:href="#word_779" value="ⲙⲙⲟⲥ"/><!-- ⲙⲙⲟ -->
<feat xlink:href="#word_781" value="ϫⲉϯⲟⲩⲱϣ"/><!-- ϫⲉ -->
<feat xlink:href="#word_784" value="ϫⲉⲕⲁⲁⲥ"/><!-- ϫⲉⲕⲁⲁⲥ -->
<feat xlink:href="#word_785" value="ⲧⲉⲛⲟⲩ"/><!-- ⲧⲉⲛⲟⲩ -->
<feat xlink:href="#word_786" value="ⲉⲕⲉϯ"/><!-- ⲉⲕⲉ -->
<feat xlink:href="#word_788" value="ⲛⲁⲓ"/><!-- ⲛⲁ -->
<feat xlink:href="#word_790" value="ϩⲓϫⲛⲟⲩⲡⲓⲛⲁⲝ"/><!-- ϩⲓϫⲛ -->
<feat xlink:href="#word_793" value="ⲛⲧⲁⲡⲉ"/><!-- ⲛ -->
<feat xlink:href="#word_796" value="ⲛⲓⲱϩⲁⲛⲛⲏⲥ"/><!-- ⲛ -->
<feat xlink:href="#word_798" value="ⲡⲃⲁⲡⲧⲓⲥⲧⲏⲥ"/><!-- ⲡ -->
<feat xlink:href="#word_800" value="."/><!-- . -->
<feat xlink:href="#word_801" value="ⲁⲩⲱ"/><!-- ⲁⲩⲱ -->
<feat xlink:href="#word_802" value="ⲛⲧⲉⲣⲉϥⲙⲕⲁϩ"/><!-- ⲛⲧⲉⲣⲉ -->
<feat xlink:href="#word_805" value="ⲛϩⲏⲧ"/><!-- ⲛ -->
<feat xlink:href="#word_807" value="ⲛϭⲓⲡⲣⲣⲟ"/><!-- ⲛϭⲓ -->
<feat xlink:href="#word_810" value="."/><!-- . -->
<feat xlink:href="#word_811" value="ⲉⲧⲃⲉⲛⲁⲛⲁⲩϣ"/><!-- ⲉⲧⲃⲉ -->
<feat xlink:href="#word_814" value="ⲙⲛⲛⲉⲧⲛⲏϫ"/><!-- ⲙⲛ -->
<feat xlink:href="#word_818" value="ⲛⲙⲙⲁϥ"/><!-- ⲛⲙⲙⲁ -->
<feat xlink:href="#word_820" value="ⲙⲡϥⲟⲩⲱϣ"/><!-- ⲙⲡ -->
<feat xlink:href="#word_823" value="ⲉⲧⲥⲧⲟⲥ"/><!-- ⲉ -->
<feat xlink:href="#word_826" value="ⲉⲃⲟⲗ"/><!-- ⲉⲃⲟⲗ -->
<feat xlink:href="#word_827" value="."/><!-- . -->
<feat xlink:href="#word_828" value="ⲁⲩⲱ"/><!-- ⲁⲩⲱ -->
<feat xlink:href="#word_829" value="ⲛⲧⲉⲩⲛⲟⲩ"/><!-- ⲛ -->
<feat xlink:href="#word_832" value="ⲡⲉⲣⲟ"/><!-- ⲡⲉ -->
<feat xlink:href="#word_834" value="ⲁϥϫⲟⲟⲩ"/><!-- ⲁ -->
<feat xlink:href="#word_837" value="ⲛⲟⲩⲥⲡⲉⲕⲟⲩⲗⲁⲧⲱⲣ"/><!-- ⲛ -->
<feat xlink:href="#word_840" value="ⲁϥⲟⲩⲉϩⲥⲁϩⲛⲉ"/><!-- ⲁ -->
<feat xlink:href="#word_844" value="ⲛⲁϥ"/><!-- ⲛⲁ -->
<feat xlink:href="#word_846" value="ⲉⲧⲣⲉϥⲛⲧⲉϥⲁⲡⲉ"/><!-- ⲉ -->
<feat xlink:href="#word_852" value="."/><!-- . -->
<feat xlink:href="#word_853" value="ⲁϥⲃⲱⲕ"/><!-- ⲁ -->
<feat xlink:href="#word_856" value="ⲇⲉ"/><!-- ⲇⲉ -->
<feat xlink:href="#word_857" value="ⲁϥϥⲓⲧⲉϥⲁⲡⲉ"/><!-- ⲁ -->
<feat xlink:href="#word_862" value="ϩⲙⲡⲉϣⲧⲉⲕⲟ"/><!-- ϩⲙ -->
<feat xlink:href="#word_865" value="."/><!-- . -->
<feat xlink:href="#word_866" value="ⲁϥⲛⲧⲥ"/><!-- ⲁ -->
<feat xlink:href="#word_870" value="ϩⲓϫⲙⲡⲡⲓⲛⲁⲝ"/><!-- ϩⲓϫⲙ -->
<feat xlink:href="#word_873" value="ⲁϥⲧⲁⲁⲥ"/><!-- ⲁ -->
<feat xlink:href="#word_877" value="ⲛⲧϣⲉⲉⲣⲉ"/><!-- ⲛ -->
<feat xlink:href="#word_880" value="ϣⲏⲙ"/><!-- ϣⲏⲙ -->
<feat xlink:href="#word_881" value="ⲧϣⲉⲉⲣⲉ"/><!-- ⲧ -->
<feat xlink:href="#word_883" value="ϣⲏⲙ"/><!-- ϣⲏⲙ -->
<feat xlink:href="#word_884" value="ⲇⲉ"/><!-- ⲇⲉ -->
<feat xlink:href="#word_885" value="ⲁⲥⲧⲁⲁⲥ"/><!-- ⲁ -->
<feat xlink:href="#word_889" value="ⲛⲧⲉⲥⲙⲁⲁⲩ"/><!-- ⲛ -->
<feat xlink:href="#word_892" value="."/><!-- . -->
<feat xlink:href="#word_893" value="ⲁⲩⲱ"/><!-- ⲁⲩⲱ -->
<feat xlink:href="#word_894" value="ⲛⲧⲉⲣⲟⲩⲥⲱⲧⲙ"/><!-- ⲛⲧⲉⲣ -->
<feat xlink:href="#word_897" value="ⲛϭⲓⲙⲙⲁⲑⲏⲧⲏⲥ"/><!-- ⲛϭⲓ -->
<feat xlink:href="#word_900" value="."/><!-- . -->
<feat xlink:href="#word_901" value="ⲁⲩⲉⲓ"/><!-- ⲁ -->
<feat xlink:href="#word_904" value="ⲁⲩϥⲓⲡⲉϥⲥⲱⲙⲁ"/><!-- ⲁ -->
<feat xlink:href="#word_909" value="ⲁⲩⲕⲁⲁϥ"/><!-- ⲁ -->
<feat xlink:href="#word_913" value="ϩⲛⲟⲩⲙϩⲁⲟⲩ"/><!-- ϩⲛ -->
<feat xlink:href="#word_916" value="."/><!-- . -->
<feat xlink:href="#word_917" value="ⲛⲁⲡⲟⲥⲧⲟⲗⲟⲥ"/><!-- ⲛ -->
<feat xlink:href="#word_919" value="ⲇⲉ"/><!-- ⲇⲉ -->
<feat xlink:href="#word_920" value="ⲁⲩⲥⲱⲟⲩϩ"/><!-- ⲁ -->
<feat xlink:href="#word_923" value="ⲉⲓⲏⲥⲟⲩⲥ"/><!-- ⲉ -->
<feat xlink:href="#word_925" value="ⲁⲩⲱ"/><!-- ⲁⲩⲱ -->
<feat xlink:href="#word_926" value="ⲁⲩϫⲱ"/><!-- ⲁ -->
<feat xlink:href="#word_929" value="ⲁⲩⲧⲁⲩⲟ"/><!-- ⲁ -->
<feat xlink:href="#word_932" value="ⲉⲣⲟϥ"/><!-- ⲉⲣⲟ -->
<feat xlink:href="#word_934" value="ⲛⲛⲉⲛⲧⲁⲩⲁⲁⲩ"/><!-- ⲛ -->
<feat xlink:href="#word_941" value="ⲧⲏⲣⲟⲩ"/><!-- ⲧⲏⲣ -->
<feat xlink:href="#word_943" value="ⲙⲛⲛⲉⲛⲧⲁⲩⲁⲁⲩ"/><!-- ⲙⲛ -->
<feat xlink:href="#word_950" value="ⲛⲥⲃⲱ"/><!-- ⲛ -->
<feat xlink:href="#word_952" value="ⲡⲉϫⲉⲓⲏⲥⲟⲩⲥ"/><!-- ⲡⲉϫⲉ -->
<feat xlink:href="#word_954" value="ⲇⲉ"/><!-- ⲇⲉ -->
<feat xlink:href="#word_955" value="ⲛⲁⲩ"/><!-- ⲛⲁ -->
<feat xlink:href="#word_957" value="ϫⲉⲁⲙⲏⲓⲛ"/><!-- ϫⲉ -->
<feat xlink:href="#word_959" value="ⲛⲧⲱⲧⲛ"/><!-- ⲛⲧⲱⲧⲛ -->
<feat xlink:href="#word_960" value="ⲛⲥⲁⲩⲥⲁ"/><!-- ⲛⲥⲁ -->
<feat xlink:href="#word_963" value="ⲉⲩⲙⲁ"/><!-- ⲉ -->
<feat xlink:href="#word_966" value="ⲛϫⲁⲓⲉ"/><!-- ⲛ -->
<feat xlink:href="#word_968" value="ⲛⲧⲉⲧⲛⲙⲧⲟⲛ"/><!-- ⲛ -->
<feat xlink:href="#word_971" value="ⲙⲙⲱⲧⲛ"/><!-- ⲙⲙⲱ -->
<feat xlink:href="#word_973" value="ⲛⲟⲩⲕⲟⲩⲓ"/><!-- ⲛ -->
<feat xlink:href="#word_976" value="ⲛⲉⲧⲛⲏⲩ"/><!-- ⲛ -->
<feat xlink:href="#word_979" value="ⲅⲁⲣ"/><!-- ⲅⲁⲣ -->
<feat xlink:href="#word_980" value="ⲁⲩⲱ"/><!-- ⲁⲩⲱ -->
<feat xlink:href="#word_981" value="ⲛⲉⲧⲃⲏⲕ"/><!-- ⲛ -->
<feat xlink:href="#word_984" value="ⲛⲉⲛⲁϣⲱⲟⲩ"/><!-- ⲛⲉ -->
<feat xlink:href="#word_987" value="ⲉⲙⲁⲩⲕⲁⲁⲩ"/><!-- ⲉ -->
<feat xlink:href="#word_992" value="ⲉⲥⲣϥⲉ"/><!-- ⲉ -->
<feat xlink:href="#word_994" value="ⲉⲟⲩⲱⲙ"/><!-- ⲉ -->
<feat xlink:href="#word_996" value="ⲁⲩⲱ"/><!-- ⲁⲩⲱ -->
<feat xlink:href="#word_997" value="ⲁⲩⲧⲁⲗⲉ"/><!-- ⲁ -->
<feat xlink:href="#word_1000" value="ⲉⲡϫⲟⲉⲓ"/><!-- ⲉ -->
<feat xlink:href="#word_1003" value="ⲁⲩⲃⲱⲕ"/><!-- ⲁ -->
<feat xlink:href="#word_1006" value="ⲙⲁⲩⲁⲁⲩ"/><!-- ⲙⲁⲩⲁⲁ -->
<feat xlink:href="#word_1008" value="ⲉⲩⲙⲁ"/><!-- ⲉ -->
<feat xlink:href="#word_1011" value="ⲛϫⲁⲉⲓⲉ"/><!-- ⲛ -->
<feat xlink:href="#word_1013" value="."/><!-- . -->
<feat xlink:href="#word_1014" value="ⲁϩⲁϩ"/><!-- ⲁ -->
<feat xlink:href="#word_1016" value="ⲇⲉ"/><!-- ⲇⲉ -->
<feat xlink:href="#word_1017" value="ⲛⲁⲩ"/><!-- ⲛⲁⲩ -->
<feat xlink:href="#word_1018" value="ⲉⲣⲟⲟⲩ"/><!-- ⲉⲣⲟ -->
<feat xlink:href="#word_1020" value="ⲉⲩⲃⲏⲕ"/><!-- ⲉ -->
<feat xlink:href="#word_1023" value="ⲁⲩⲥⲟⲩⲱⲛⲟⲩ"/><!-- ⲁ -->
<feat xlink:href="#word_1027" value="ⲁⲩⲱ"/><!-- ⲁⲩⲱ -->
<feat xlink:href="#word_1028" value="ⲁⲩⲉⲓ"/><!-- ⲁ -->
<feat xlink:href="#word_1031" value="ⲉⲃⲟⲗ"/><!-- ⲉⲃⲟⲗ -->
<feat xlink:href="#word_1032" value="ϩⲛⲙⲡⲟⲗⲓⲥ"/><!-- ϩⲛ -->
<feat xlink:href="#word_1035" value="."/><!-- . -->
<feat xlink:href="#word_1036" value="ⲁⲩⲡⲱⲧ"/><!-- ⲁ -->
<feat xlink:href="#word_1039" value="ⲉⲣⲁⲧⲟⲩ"/><!-- ⲉⲣⲁⲧ -->
<feat xlink:href="#word_1041" value="."/><!-- . -->
<feat xlink:href="#word_1042" value="ⲁⲩⲣϣⲟⲣⲡ"/><!-- ⲁ -->
<feat xlink:href="#word_1046" value="ⲇⲉ"/><!-- ⲇⲉ -->
<feat xlink:href="#word_1047" value="ⲉⲣⲟⲟⲩ"/><!-- ⲉⲣⲟ -->
<feat xlink:href="#word_1049" value="."/><!-- . -->
<feat xlink:href="#word_1050" value="ⲁⲩⲱ"/><!-- ⲁⲩⲱ -->
<feat xlink:href="#word_1051" value="ⲛⲧⲉⲣⲉϥⲉⲓ"/><!-- ⲛⲧⲉⲣⲉ -->
<feat xlink:href="#word_1054" value="ⲉⲃⲟⲗ"/><!-- ⲉⲃⲟⲗ -->
<feat xlink:href="#word_1055" value="ⲁϥⲛⲁⲩ"/><!-- ⲁ -->
<feat xlink:href="#word_1058" value="ⲉⲩⲛⲟϭ"/><!-- ⲉ -->
<feat xlink:href="#word_1061" value="ⲙⲙⲏⲏϣⲉ"/><!-- ⲙ -->
<feat xlink:href="#word_1063" value="."/><!-- . -->
<feat xlink:href="#word_1064" value="ⲁⲩⲱ"/><!-- ⲁⲩⲱ -->
<feat xlink:href="#word_1065" value="ⲁϥϣⲛ"/><!-- ⲁ -->
<feat xlink:href="#word_1069" value="ϩⲧⲏϥ"/><!-- ϩⲧⲏ -->
<feat xlink:href="#word_1071" value="ⲉϫⲱⲟⲩ"/><!-- ⲉϫⲱ -->
<feat xlink:href="#word_1073" value="ϫⲉⲛⲉⲩⲟ"/><!-- ϫⲉ -->
<feat xlink:href="#word_1077" value="ⲛⲧϩⲉ"/><!-- ⲛ -->
<feat xlink:href="#word_1080" value="ⲛϩⲉⲛⲉⲥⲟⲟⲩ"/><!-- ⲛ -->
<feat xlink:href="#word_1083" value="ⲉⲙⲙⲛⲧⲟⲩ"/><!-- ⲉ -->
<feat xlink:href="#word_1086" value="ϣⲱⲥ"/><!-- ϣⲱⲥ -->
<feat xlink:href="#word_1087" value="ϩⲓϫⲱⲟⲩ"/><!-- ϩⲓϫⲱ -->
<feat xlink:href="#word_1089" value="."/><!-- . -->
<feat xlink:href="#word_1090" value="ⲁⲩⲱ"/><!-- ⲁⲩⲱ -->
<feat xlink:href="#word_1091" value="ⲁϥⲁⲣⲭⲉⲓ"/><!-- ⲁ -->
<feat xlink:href="#word_1094" value="ⲉϯⲥⲃⲱ"/><!-- ⲉ -->
<feat xlink:href="#word_1097" value="ⲛⲁⲩ"/><!-- ⲛⲁ -->
<feat xlink:href="#word_1099" value="ⲉⲙⲁⲧⲉ"/><!-- ⲉⲙⲁⲧⲉ -->
<feat xlink:href="#word_1100" value="ⲛⲧⲉⲣⲉⲛⲁⲩ"/><!-- ⲛⲧⲉⲣⲉ -->
<feat xlink:href="#word_1102" value="ⲇⲉ"/><!-- ⲇⲉ -->
<feat xlink:href="#word_1103" value="ϣⲉ"/><!-- ϣⲉ -->
<feat xlink:href="#word_1104" value="."/><!-- . -->
<feat xlink:href="#word_1105" value="ⲛⲉϥⲙⲁⲑⲏⲧⲏⲥ"/><!-- ⲛⲉϥ -->
<feat xlink:href="#word_1107" value="ⲁⲩϯⲡⲉⲩⲟⲩⲟⲉⲓ"/><!-- ⲁ -->
<feat xlink:href="#word_1112" value="ⲉⲣⲟϥ"/><!-- ⲉⲣⲟ -->
<feat xlink:href="#word_1114" value="ⲉⲩϫⲱ"/><!-- ⲉ -->
<feat xlink:href="#word_1117" value="ⲙⲙⲟⲥ"/><!-- ⲙⲙⲟ -->
<feat xlink:href="#word_1119" value="ⲛⲁϥ"/><!-- ⲛⲁ -->
<feat xlink:href="#word_1121" value="ϫⲉⲡⲙⲁ"/><!-- ϫⲉ -->
<feat xlink:href="#word_1124" value="ⲟⲩϫⲁⲓⲉⲡⲉ"/><!-- ⲟⲩ -->
<feat xlink:href="#word_1127" value="."/><!-- . -->
<feat xlink:href="#word_1128" value="ⲁⲩⲱ"/><!-- ⲁⲩⲱ -->
<feat xlink:href="#word_1129" value="ⲏⲇⲏ"/><!-- ⲏⲇⲏ -->
<feat xlink:href="#word_1130" value="ⲁⲛⲁⲩ"/><!-- ⲁ -->
<feat xlink:href="#word_1132" value="ϣⲉ"/><!-- ϣⲉ -->
<feat xlink:href="#word_1133" value="."/><!-- . -->
<feat xlink:href="#word_1134" value="ⲕⲁⲁⲩ"/><!-- ⲕⲁⲁ -->
<feat xlink:href="#word_1136" value="ⲉⲃⲟⲗ"/><!-- ⲉⲃⲟⲗ -->
<feat xlink:href="#word_1137" value="ϫⲉⲉⲩⲉⲃⲱⲕ"/><!-- ϫⲉ -->
<feat xlink:href="#word_1142" value="ⲉⲛⲥⲱϣⲉ"/><!-- ⲉ -->
<feat xlink:href="#word_1145" value="ⲉⲧϩⲙⲡⲉⲩⲕⲱⲧⲉ"/><!-- ⲉⲧ -->
<feat xlink:href="#word_1149" value="ⲙⲛⲛⲉⲧⲙⲉ"/><!-- ⲙⲛ -->
<feat xlink:href="#word_1153" value="ⲛⲥⲉⲧⲟⲟⲩ"/><!-- ⲛ -->
<feat xlink:href="#word_1156" value="ⲛⲁⲩ"/><!-- ⲛⲁ -->
<feat xlink:href="#word_1158" value="ⲛⲛⲉⲧⲟⲩⲛⲁⲟⲩⲟⲙⲟⲩ"/><!-- ⲛ -->
<feat xlink:href="#word_1165" value="."/><!-- . -->
<feat xlink:href="#word_1166" value="ⲛⲧⲟϥ"/><!-- ⲛⲧⲟϥ -->
<feat xlink:href="#word_1167" value="ⲇⲉ"/><!-- ⲇⲉ -->
<feat xlink:href="#word_1168" value="ⲁϥⲟⲩⲱϣⲃ"/><!-- ⲁ -->
<feat xlink:href="#word_1171" value="ⲉϥϫⲱ"/><!-- ⲉ -->
<feat xlink:href="#word_1174" value="ⲙⲙⲟⲥ"/><!-- ⲙⲙⲟ -->
<feat xlink:href="#word_1176" value="ⲛⲁⲩ"/><!-- ⲛⲁ -->
<feat xlink:href="#word_1178" value="ϫⲉϯ"/><!-- ϫⲉ -->
<feat xlink:href="#word_1180" value="ⲛⲁⲩ"/><!-- ⲛⲁ -->
<feat xlink:href="#word_1182" value="ⲛⲧⲱⲧⲛ"/><!-- ⲛⲧⲱⲧⲛ -->
<feat xlink:href="#word_1183" value="ⲉⲧⲣⲉⲩⲟⲩⲱⲙ"/><!-- ⲉ -->
<feat xlink:href="#word_1187" value="."/><!-- . -->
<feat xlink:href="#word_1188" value="ⲡⲉϫⲁⲩ"/><!-- ⲡⲉϫⲁ -->
<feat xlink:href="#word_1190" value="ⲛⲁϥ"/><!-- ⲛⲁ -->
<feat xlink:href="#word_1192" value="ϫⲉⲙⲁⲣⲛⲃⲱⲕ"/><!-- ϫⲉ -->
<feat xlink:href="#word_1196" value="ⲛⲧⲛⲧⲟⲟⲩ"/><!-- ⲛ -->
<feat xlink:href="#word_1199" value="ⲙⲛⲧⲥⲛⲟⲟⲩⲥ"/><!-- ⲙⲛⲧ -->
<feat xlink:href="#word_1201" value="ⲛϣⲉ"/><!-- ⲛ -->
<feat xlink:href="#word_1203" value="ⲛⲟⲉⲓⲕ"/><!-- ⲛ -->
<feat xlink:href="#word_1205" value="ⲛⲧⲛⲧⲁⲁⲩ"/><!-- ⲛ -->
<feat xlink:href="#word_1209" value="ⲛⲁⲩ"/><!-- ⲛⲁ -->
<feat xlink:href="#word_1211" value="ⲉⲟⲩⲱⲙ"/><!-- ⲉ -->
<feat xlink:href="#word_1213" value="."/><!-- . -->
<feat xlink:href="#word_1214" value="ⲛⲧⲟϥ"/><!-- ⲛⲧⲟϥ -->
<feat xlink:href="#word_1215" value="ⲇⲉ"/><!-- ⲇⲉ -->
<feat xlink:href="#word_1216" value="ⲡⲉϫⲁϥ"/><!-- ⲡⲉϫⲁ -->
<feat xlink:href="#word_1218" value="ⲛⲁⲩ"/><!-- ⲛⲁ -->
<feat xlink:href="#word_1220" value="ϫⲉⲟⲩⲛⲧⲏⲧⲛ"/><!-- ϫⲉ -->
<feat xlink:href="#word_1223" value="ⲟⲩⲏⲣ"/><!-- ⲟⲩⲏⲣ -->
<feat xlink:href="#word_1224" value="ⲛⲟⲉⲓⲕ"/><!-- ⲛ -->
<feat xlink:href="#word_1226" value="ⲃⲱⲕ"/><!-- ⲃⲱⲕ -->
<feat xlink:href="#word_1227" value="ⲛⲧⲉⲧⲛⲛⲁⲩ"/><!-- ⲛ -->
<feat xlink:href="#word_1230" value="."/><!-- . -->
<feat xlink:href="#word_1231" value="ⲁⲩⲱ"/><!-- ⲁⲩⲱ -->
<feat xlink:href="#word_1232" value="ⲛⲧⲉⲣⲟⲩⲉⲓⲙⲉ"/><!-- ⲛⲧⲉⲣ -->
<feat xlink:href="#word_1235" value="ⲡⲉϫⲁⲩ"/><!-- ⲡⲉϫⲁ -->
<feat xlink:href="#word_1237" value="ⲛⲁϥ"/><!-- ⲛⲁ -->
<feat xlink:href="#word_1239" value="ϫⲉⲧⲓⲟⲩ"/><!-- ϫⲉ -->
<feat xlink:href="#word_1241" value="ⲙⲛⲧⲃⲧ"/><!-- ⲙⲛ -->
<feat xlink:href="#word_1243" value="ⲥⲛⲁⲩ"/><!-- ⲥⲛⲁⲩ -->
<feat xlink:href="#word_1244" value="."/><!-- . -->
<feat xlink:href="#word_1245" value="ⲁⲩⲱ"/><!-- ⲁⲩⲱ -->
<feat xlink:href="#word_1246" value="ⲁϥⲟⲩⲉϩⲥⲁϩⲛⲉ"/><!-- ⲁ -->
<feat xlink:href="#word_1250" value="ⲛⲁⲩ"/><!-- ⲛⲁ -->
<feat xlink:href="#word_1252" value="ⲉⲧⲣⲉⲩⲛⲟϫⲟⲩ"/><!-- ⲉ -->
<feat xlink:href="#word_1257" value="ⲧⲏⲣⲟⲩ"/><!-- ⲧⲏⲣ -->
<feat xlink:href="#word_1259" value="ⲉⲩⲟ"/><!-- ⲉ -->
<feat xlink:href="#word_1262" value="ⲛⲁⲩⲏⲧ"/><!-- ⲛ -->
<feat xlink:href="#word_1264" value="ⲁⲩⲏⲧ"/><!-- ⲁⲩⲏⲧ -->
<feat xlink:href="#word_1265" value="ⲉϫⲙⲡⲉⲭⲟⲣⲧⲟⲥ"/><!-- ⲉϫⲙ -->
<feat xlink:href="#word_1268" value="ⲉⲧⲟⲩⲉⲧⲟⲩⲱⲧ"/><!-- ⲉⲧ -->
<feat xlink:href="#word_1270" value="ⲁⲩⲱ"/><!-- ⲁⲩⲱ -->
<feat xlink:href="#word_1271" value="ⲁⲩⲛⲟϫⲟⲩ"/><!-- ⲁ -->
<feat xlink:href="#word_1275" value="ⲉⲩⲟ"/><!-- ⲉ -->
<feat xlink:href="#word_1278" value="ⲛⲁⲩⲏⲧ"/><!-- ⲛ -->
<feat xlink:href="#word_1280" value="ⲁⲩⲏⲧ"/><!-- ⲁⲩⲏⲧ -->
<feat xlink:href="#word_1281" value="ϣⲉ"/><!-- ϣⲉ -->
<feat xlink:href="#word_1282" value="ϣⲉ"/><!-- ϣⲉ -->
<feat xlink:href="#word_1283" value="ⲁⲩⲱ"/><!-- ⲁⲩⲱ -->
<feat xlink:href="#word_1284" value="ⲧⲁⲉⲓⲟⲩ"/><!-- ⲧⲁⲉⲓⲟ -->
<feat xlink:href="#word_1286" value="ⲧⲁⲉⲓⲟⲩ"/><!-- ⲧⲁⲉⲓⲟ -->
<feat xlink:href="#word_1288" value="."/><!-- . -->
<feat xlink:href="#word_1289" value="ⲛⲧⲉⲣⲉϥϫⲓ"/><!-- ⲛⲧⲉⲣⲉ -->
<feat xlink:href="#word_1292" value="ⲇⲉ"/><!-- ⲇⲉ -->
<feat xlink:href="#word_1293" value="ⲙⲡⲧⲓⲟⲩ"/><!-- ⲙ -->
<feat xlink:href="#word_1296" value="ⲛⲟⲉⲓⲕ"/><!-- ⲛ -->
<feat xlink:href="#word_1298" value="ⲛⲙⲡⲧⲃⲧ"/><!-- ⲛⲙ -->
<feat xlink:href="#word_1301" value="ⲥⲛⲁⲩ"/><!-- ⲥⲛⲁⲩ -->
<feat xlink:href="#word_1302" value="ⲁϥϥⲓⲁⲧϥ"/><!-- ⲁ -->
<feat xlink:href="#word_1307" value="ⲉϩⲣⲁⲓ"/><!-- ⲉϩⲣⲁⲓ -->
<feat xlink:href="#word_1308" value="ⲉⲧⲡⲉ"/><!-- ⲉ -->
<feat xlink:href="#word_1311" value="ⲁϥⲥⲙⲟⲩ"/><!-- ⲁ -->
<feat xlink:href="#word_1314" value="ⲉⲣⲟⲟⲩ"/><!-- ⲉⲣⲟ -->
<feat xlink:href="#word_1316" value="ⲁⲩⲱ"/><!-- ⲁⲩⲱ -->
<feat xlink:href="#word_1317" value="ⲁϥⲡⲉϣⲛⲟⲉⲓⲕ"/><!-- ⲁ -->
<feat xlink:href="#word_1321" value="ⲁϥⲧⲁⲁⲩ"/><!-- ⲁ -->
<feat xlink:href="#word_1325" value="ⲛⲛⲉϥⲙⲁⲑⲏⲧⲏⲥ"/><!-- ⲛ -->
<feat xlink:href="#word_1328" value="ϫⲉⲉⲩⲉⲕⲁⲁⲩ"/><!-- ϫⲉ -->
<feat xlink:href="#word_1332" value="ϩⲁⲣⲱⲟⲩ"/><!-- ϩⲁⲣⲱ -->
<feat xlink:href="#word_1334" value="ⲡⲕⲉⲧⲃⲧ"/><!-- ⲡ -->
<feat xlink:href="#word_1337" value="ⲥⲛⲁⲩ"/><!-- ⲥⲛⲁⲩ -->
<feat xlink:href="#word_1338" value="ⲁϥⲡⲟϣⲟⲩ"/><!-- ⲁ -->
<feat xlink:href="#word_1342" value="ⲉϫⲱⲟⲩ"/><!-- ⲉϫⲱ -->
<feat xlink:href="#word_1344" value="ⲧⲏⲣⲟⲩ"/><!-- ⲧⲏⲣ -->
<feat xlink:href="#word_1346" value="ⲁⲩⲱ"/><!-- ⲁⲩⲱ -->
<feat xlink:href="#word_1347" value="ⲁⲩⲟⲩⲱⲙ"/><!-- ⲁ -->
<feat xlink:href="#word_1350" value="ⲧⲏⲣⲟⲩ"/><!-- ⲧⲏⲣ -->
<feat xlink:href="#word_1352" value="ⲁⲩⲥⲓ"/><!-- ⲁ -->
<feat xlink:href="#word_1355" value="."/><!-- . -->
<feat xlink:href="#word_1356" value="ⲁⲩⲱ"/><!-- ⲁⲩⲱ -->
<feat xlink:href="#word_1357" value="ⲁⲩϥⲓⲙⲛⲧⲥⲛⲟⲟⲩⲥ"/><!-- ⲁ -->
<feat xlink:href="#word_1361" value="ⲛⲕⲟⲧ"/><!-- ⲛ -->
<feat xlink:href="#word_1363" value="ⲉⲩⲙⲉϩ"/><!-- ⲉ -->
<feat xlink:href="#word_1366" value="ⲛⲗⲁⲕⲙ"/><!-- ⲗ -->
<feat xlink:href="#word_1368" value="ⲁⲩϥⲓ"/><!-- ⲁ -->
<feat xlink:href="#word_1371" value="ⲟⲛ"/><!-- ⲟⲛ -->
<feat xlink:href="#word_1372" value="ⲉⲃⲟⲗ"/><!-- ⲉⲃⲟⲗ -->
<feat xlink:href="#word_1373" value="ϩⲛⲛⲧⲃⲧ"/><!-- ϩⲛ -->
<feat xlink:href="#word_1376" value="."/><!-- . -->
<feat xlink:href="#word_1377" value="ⲛⲉⲛⲧⲁⲩⲟⲩⲱⲙ"/><!-- ⲛ -->
<feat xlink:href="#word_1382" value="ⲇⲉ"/><!-- ⲇⲉ -->
<feat xlink:href="#word_1383" value="ⲛⲉⲩⲛⲁⲣⲁⲩϭⲓⲥⲧⲃⲁ"/><!-- ⲛⲉ -->
<feat xlink:href="#word_1389" value="ⲛⲣⲱⲙⲉ"/><!-- ⲣ -->
<feat xlink:href="#word_1391" value="."/><!-- . -->
<feat xlink:href="#word_1392" value="ⲁⲩⲱ"/><!-- ⲁⲩⲱ -->
<feat xlink:href="#word_1393" value="ⲛⲧⲉⲩⲛⲟⲩ"/><!-- ⲛ -->
<feat xlink:href="#word_1396" value="ⲁϥⲁⲛⲁⲅⲕⲁⲍⲉ"/><!-- ⲁ -->
<feat xlink:href="#word_1399" value="ⲛⲛⲉϥⲙⲁⲑⲏⲧⲏⲥ"/><!-- ⲛ -->
<feat xlink:href="#word_1402" value="ⲉⲧⲁⲗⲉ"/><!-- ⲉⲧ -->
<feat xlink:href="#word_1404" value="ⲉⲡϫⲟⲉⲓ"/><!-- ⲉ -->
<feat xlink:href="#word_1407" value="ⲁⲩⲱ"/><!-- ⲁⲩⲱ -->
<feat xlink:href="#word_1408" value="ⲉⲣϣⲟⲣⲡ"/><!-- ⲉ -->
<feat xlink:href="#word_1410" value="ⲉⲣⲟϥ"/><!-- ⲉⲣⲟ -->
<feat xlink:href="#word_1412" value="ⲉⲡⲓⲕⲣⲟ"/><!-- ⲉ -->
<feat xlink:href="#word_1415" value="ⲉ"/><!-- ⲉ -->
<feat xlink:href="#word_1416" value="ⲃⲏⲑⲥⲁⲓⲇⲁ"/><!-- ⲃⲏⲑⲥⲁⲓⲇⲁ -->
<feat xlink:href="#word_1417" value="ϣⲁⲛⲧⲉϥⲕⲁⲡⲙⲏⲏϣⲉ"/><!-- ϣⲁⲛⲧⲉ -->
<feat xlink:href="#word_1422" value="ⲉⲃⲟⲗ"/><!-- ⲉⲃⲟⲗ -->
<feat xlink:href="#word_1423" value="."/><!-- . -->
<feat xlink:href="#word_1424" value="ⲁⲩⲱ"/><!-- ⲁⲩⲱ -->
<feat xlink:href="#word_1425" value="ⲛⲧⲉⲣⲉϥⲁⲡⲟⲥⲧⲁⲥⲥⲉ"/><!-- ⲛⲧⲉⲣⲉ -->
<feat xlink:href="#word_1428" value="ⲛⲁⲩ"/><!-- ⲛⲁ -->
<feat xlink:href="#word_1430" value="ⲁϥⲃⲱⲕ"/><!-- ⲁ -->
<feat xlink:href="#word_1433" value="ⲉϩⲣⲁⲓ"/><!-- ⲉϩⲣⲁⲓ -->
<feat xlink:href="#word_1434" value="ⲉⲡⲧⲟⲟⲩ"/><!-- ⲉ -->
<feat xlink:href="#word_1437" value="ⲉϣⲗⲏⲗ"/><!-- ⲉ -->
<feat xlink:href="#word_1439" value="."/><!-- . -->
<feat xlink:href="#word_1440" value="ⲛⲧⲉⲣⲉⲣⲟⲩϩⲉ"/><!-- ⲛⲧⲉⲣⲉ -->
<feat xlink:href="#word_1442" value="ⲇⲉ"/><!-- ⲇⲉ -->
<feat xlink:href="#word_1443" value="ϣⲱⲡⲉ"/><!-- ϣⲱⲡⲉ -->
<feat xlink:href="#word_1444" value="ⲛⲉⲣⲉⲡϫⲟⲉⲓ"/><!-- ⲛⲉⲣⲉ -->
<feat xlink:href="#word_1447" value="ϩⲛ"/><!-- ϩⲛ -->
<feat xlink:href="#word_1448" value="ⲧⲙⲏⲧⲉ"/><!-- ⲧ -->
<feat xlink:href="#word_1450" value="ⲛⲧϩⲁⲗⲁⲥⲥⲁ"/><!-- ⲛ -->
<feat xlink:href="#word_1453" value="."/><!-- . -->
<feat xlink:href="#word_1454" value="ⲁⲩⲱ"/><!-- ⲁⲩⲱ -->
<feat xlink:href="#word_1455" value="ⲛⲧⲟϥ"/><!-- ⲛⲧⲟϥ -->
<feat xlink:href="#word_1456" value="ⲛⲉϥϩⲓⲡⲉⲕⲣⲟ"/><!-- ⲛⲉ -->
<feat xlink:href="#word_1461" value="ⲙⲁⲩⲁⲁϥ"/><!-- ⲙⲁⲩⲁⲁ -->
<feat xlink:href="#word_1463" value="."/><!-- . -->
<feat xlink:href="#word_1464" value="ⲛⲧⲉⲣⲉϥⲛⲁⲩ"/><!-- ⲛⲧⲉⲣⲉ -->
<feat xlink:href="#word_1467" value="ⲇⲉ"/><!-- ⲇⲉ -->
<feat xlink:href="#word_1468" value="ⲉⲣⲟⲟⲩ"/><!-- ⲉⲣⲟ -->
<feat xlink:href="#word_1470" value="ⲉⲩϩⲟⲥⲉ"/><!-- ⲉ -->
<feat xlink:href="#word_1473" value="ϩⲙⲡⲧⲣⲉⲩⲥϭⲏⲣ"/><!-- ϩⲙ -->
<feat xlink:href="#word_1478" value="ⲡⲧⲏⲩ"/><!-- ⲡ -->
<feat xlink:href="#word_1480" value="ⲅⲁⲣ"/><!-- ⲅⲁⲣ -->
<feat xlink:href="#word_1481" value="ⲛⲉϥϯ"/><!-- ⲛⲉ -->
<feat xlink:href="#word_1484" value="ⲟⲩⲃⲏⲩ"/><!-- ⲟⲩⲃⲏ -->
<feat xlink:href="#word_1486" value="ϩⲙⲡⲙⲉϩϥⲧⲟⲟⲩ"/><!-- ϩⲙ -->
<feat xlink:href="#word_1489" value="ⲛϣⲱⲡ"/><!-- ⲛ -->
<feat xlink:href="#word_1491" value="ⲛⲧⲉⲩϣⲏ"/><!-- ⲛ -->
<feat xlink:href="#word_1494" value="ⲁϥⲉⲓ"/><!-- ⲁ -->
<feat xlink:href="#word_1497" value="ϣⲁⲣⲟⲟⲩ"/><!-- ϣⲁⲣⲟ -->
<feat xlink:href="#word_1499" value="ⲉϥⲙⲟⲟϣⲉ"/><!-- ⲉ -->
<feat xlink:href="#word_1502" value="ϩⲓϫⲛⲧϩⲁⲗⲁⲥⲥⲁ"/><!-- ϩⲓϫⲛ -->
<feat xlink:href="#word_1505" value="ⲁⲩⲱ"/><!-- ⲁⲩⲱ -->
<feat xlink:href="#word_1506" value="ⲛⲉϥⲟⲩⲱϣ"/><!-- ⲛⲉ -->
<feat xlink:href="#word_1509" value="ⲉⲡⲁⲣⲁⲅⲉ"/><!-- ⲉ -->
<feat xlink:href="#word_1511" value="ⲙⲙⲟⲟⲩ"/><!-- ⲙⲙⲟ -->
<feat xlink:href="#word_1513" value="."/><!-- . -->
<feat xlink:href="#word_1514" value="ⲛⲧⲟⲟⲩ"/><!-- ⲛⲧⲟⲟⲩ -->
<feat xlink:href="#word_1515" value="ⲇⲉ"/><!-- ⲛⲇⲉ -->
<feat xlink:href="#word_1516" value="ⲛⲧⲉⲣⲟⲩⲛⲁⲩ"/><!-- ⲛⲧⲉⲣ -->
<feat xlink:href="#word_1519" value="ⲉⲣⲟϥ"/><!-- ⲉⲣⲟ -->
<feat xlink:href="#word_1521" value="ⲉϥⲙⲟⲟϣⲉ"/><!-- ⲉ -->
<feat xlink:href="#word_1524" value="ϩⲓϫⲛⲧϩⲁⲗⲁⲥⲥⲁ"/><!-- ϩⲓϫⲛ -->
<feat xlink:href="#word_1527" value="."/><!-- . -->
<feat xlink:href="#word_1528" value="ⲁⲩⲙⲉⲉⲩⲉ"/><!-- ⲁ -->
<feat xlink:href="#word_1531" value="ϫⲉⲟⲩⲫⲁⲛⲧⲁⲥⲙⲁⲡⲉ"/><!-- ϫⲉ -->
<feat xlink:href="#word_1535" value="."/><!-- . -->
<feat xlink:href="#word_1536" value="ⲁⲩⲱ"/><!-- ⲁⲩⲱ -->
<feat xlink:href="#word_1537" value="ⲁⲩϫⲓϣⲕⲁⲕ"/><!-- ⲁ -->
<feat xlink:href="#word_1541" value="ⲉⲃⲟⲗ"/><!-- ⲉⲃⲟⲗ -->
<feat xlink:href="#word_1542" value="ⲁⲩⲉⲓⲟⲣϩϥ"/><!-- ⲁ -->
<feat xlink:href="#word_1546" value="ⲅⲁⲣ"/><!-- ⲅⲁⲣ -->
<feat xlink:href="#word_1547" value="ⲧⲏⲣⲟⲩ"/><!-- ⲧⲏⲣ -->
<feat xlink:href="#word_1549" value="."/><!-- . -->
<feat xlink:href="#word_1550" value="ⲁⲩⲱ"/><!-- ⲁⲩⲱ -->
<feat xlink:href="#word_1551" value="ⲁⲩϣⲧⲟⲣⲧⲣ"/><!-- ⲁ -->
<feat xlink:href="#word_1554" value="."/><!-- . -->
<feat xlink:href="#word_1555" value="ⲛⲧⲟϥ"/><!-- ⲛⲧⲟϥ -->
<feat xlink:href="#word_1556" value="ⲇⲉ"/><!-- ⲇⲉ -->
<feat xlink:href="#word_1557" value="ⲛⲧⲉⲩⲛⲟⲩ"/><!-- ⲛ -->
<feat xlink:href="#word_1560" value="ⲁϥϣⲁϫⲉ"/><!-- ⲁ -->
<feat xlink:href="#word_1563" value="ⲛⲙⲙⲁⲩ"/><!-- ⲛⲙⲙⲁ -->
<feat xlink:href="#word_1565" value="ⲉϥϫⲱ"/><!-- ⲉ -->
<feat xlink:href="#word_1568" value="ⲙⲙⲟⲥ"/><!-- ⲙⲙⲟ -->
<feat xlink:href="#word_1570" value="ϫⲉⲧⲱⲕ"/><!-- ϫⲉ -->
<feat xlink:href="#word_1572" value="ⲛϩⲏⲧ"/><!-- ⲛ -->
<feat xlink:href="#word_1574" value="ⲁⲛⲟⲕⲡⲉ"/><!-- ⲁⲛⲟⲕ -->
<feat xlink:href="#word_1576" value="ⲙⲡⲣⲣϩⲟⲧⲉ"/><!-- ⲙⲡⲣ -->
<feat xlink:href="#word_1578" value="ⲁⲩⲱ"/><!-- ⲁⲩⲱ -->
<feat xlink:href="#word_1579" value="ⲁϥⲁⲗⲉ"/><!-- ⲁ -->
<feat xlink:href="#word_1582" value="ⲉⲡϫⲟⲉⲓ"/><!-- ⲉ -->
<feat xlink:href="#word_1585" value="ⲛⲙⲙⲁⲩ"/><!-- ⲛⲙⲙⲁ -->
<feat xlink:href="#word_1587" value="ⲁⲡⲧⲏⲩⲗⲟ"/><!-- ⲁ -->
<feat xlink:href="#word_1590" value="ⲃⲃⲟⲗ"/><!-- ⲃⲃⲟⲗ -->
<feat xlink:href="#word_1591" value="."/><!-- . -->
<feat xlink:href="#word_1592" value="ⲁⲩⲣϣⲡⲏⲣⲉ"/><!-- ⲁ -->
<feat xlink:href="#word_1595" value="ⲇⲉ"/><!-- ⲇⲉ -->
<feat xlink:href="#word_1596" value="ⲉⲙⲁⲧⲉ"/><!-- ⲉⲙⲁⲧⲉ -->
<feat xlink:href="#word_1597" value="ⲙⲡⲟⲩⲛⲟⲉⲓ"/><!-- ⲙⲡ -->
<feat xlink:href="#word_1600" value="ⲅⲁⲣ"/><!-- ⲅⲁⲣ -->
<feat xlink:href="#word_1601" value="ϩⲓⲛⲟⲉⲓⲕ"/><!-- ϩⲓ -->
<feat xlink:href="#word_1604" value="."/><!-- . -->
<feat xlink:href="#word_1605" value="ⲁⲗⲗⲁ"/><!-- ⲁⲗⲗⲁ -->
<feat xlink:href="#word_1606" value="ⲛⲉⲣⲉⲡⲉⲩϩⲏⲧ"/><!-- ⲛⲉⲣⲉ -->
<feat xlink:href="#word_1609" value="ⲧⲏⲙ"/><!-- ⲧⲏⲙ -->
<feat xlink:href="#word_1610" value="ⲛⲧⲉⲣⲟⲩⲙⲟⲟⲛⲉ"/><!-- ⲛⲧⲉⲣ -->
<feat xlink:href="#word_1613" value="ⲇⲉ"/><!-- ⲇⲉ -->
<feat xlink:href="#word_1614" value="ⲉⲡⲉⲕⲣⲟ"/><!-- ⲉ -->
<feat xlink:href="#word_1617" value="ⲁⲩⲉⲓ"/><!-- ⲁ -->
<feat xlink:href="#word_1620" value="ⲉⲅⲉⲛⲛⲏⲥⲁⲣⲉⲧ"/><!-- ⲉ -->
<feat xlink:href="#word_1622" value="ⲛⲧⲉⲣⲟⲩⲡⲉ"/><!-- ⲛⲧⲉⲣ -->
<feat xlink:href="#word_1625" value="ⲇⲉ"/><!-- ⲇⲉ -->
<feat xlink:href="#word_1626" value="ⲉⲡⲉⲕⲣⲟ"/><!-- ⲉ -->
<feat xlink:href="#word_1629" value="ⲛⲧⲉⲩⲛⲟⲩ"/><!-- ⲛ -->
<feat xlink:href="#word_1632" value="ⲁⲩⲥⲟⲩⲱⲛϥ"/><!-- ⲁ -->
<feat xlink:href="#word_1636" value="ⲁⲩⲱ"/><!-- ⲁⲩⲱ -->
<feat xlink:href="#word_1637" value="ⲁⲩⲡⲱⲧ"/><!-- ⲁ -->
<feat xlink:href="#word_1640" value="ⲉⲃⲟⲗ"/><!-- ⲉⲃⲟⲗ -->
<feat xlink:href="#word_1641" value="ϩⲛⲧⲉⲭⲱⲣⲁ"/><!-- ϩⲛ -->
<feat xlink:href="#word_1644" value="ⲧⲏⲣⲥ"/><!-- ⲧⲏⲣ -->
<feat xlink:href="#word_1646" value="ⲉⲧⲙⲙⲁⲩ"/><!-- ⲉⲧ -->
<feat xlink:href="#word_1648" value="."/><!-- . -->
<feat xlink:href="#word_1649" value="ⲁⲩⲱ"/><!-- ⲁⲩⲱ -->
<feat xlink:href="#word_1650" value="ⲁⲩⲁⲣⲭⲉⲓ"/><!-- ⲁ -->
<feat xlink:href="#word_1653" value="ⲉⲉⲓⲛⲉ"/><!-- ⲉ -->
<feat xlink:href="#word_1655" value="ϩⲓϫⲛⲛⲉⲧϭⲗⲱϭ"/><!-- ϩⲓϫⲛ -->
<feat xlink:href="#word_1659" value="ⲛⲛⲉⲧⲙⲟⲕϩ"/><!-- ⲛ -->
<feat xlink:href="#word_1663" value="ϩⲛⲛⲉⲩϣⲱⲛⲉ"/><!-- ϩⲛ -->
<feat xlink:href="#word_1667" value="ⲉⲡⲙⲁ"/><!-- ⲉ -->
<feat xlink:href="#word_1670" value="ⲉϣⲁⲩⲥⲱⲧⲙ"/><!-- ⲉ -->
<feat xlink:href="#word_1674" value="ϫⲉϥⲛϩⲏⲧϥ"/><!-- ϫⲉ -->
<feat xlink:href="#word_1678" value="."/><!-- . -->
<feat xlink:href="#word_1679" value="ⲁⲩⲱ"/><!-- ⲁⲩⲱ -->
<feat xlink:href="#word_1680" value="ⲡⲙⲁ"/><!-- ⲡ -->
<feat xlink:href="#word_1682" value="ⲉⲧϥⲛⲁⲃⲱⲕ"/><!-- ⲉⲧ -->
<feat xlink:href="#word_1686" value="ⲉϩⲟⲩⲛ"/><!-- ⲉϩⲟⲩⲛ -->
<feat xlink:href="#word_1687" value="ⲉⲣⲟϥ"/><!-- ⲉⲣⲟ -->
<feat xlink:href="#word_1689" value="ⲉϩⲉⲛϯⲙⲉ"/><!-- ⲉ -->
<feat xlink:href="#word_1692" value="ⲏ"/><!-- ⲏ -->
<feat xlink:href="#word_1693" value="ϩⲉⲛⲡⲟⲗⲓⲥ"/><!-- ϩⲉⲛ -->
<feat xlink:href="#word_1695" value="ⲏ"/><!-- ⲏ -->
<feat xlink:href="#word_1696" value="ϩⲉⲛⲥⲱϣⲉ"/><!-- ϩⲉⲛ -->
<feat xlink:href="#word_1698" value="."/><!-- . -->
<feat xlink:href="#word_1699" value="ϣⲁⲩⲕⲁⲛⲉⲧϣⲱⲛⲉ"/><!-- ϣⲁ -->
<feat xlink:href="#word_1705" value="ϩⲛⲛⲁⲅⲟⲣⲁ"/><!-- ϩⲛ -->
<feat xlink:href="#word_1708" value="ⲛⲥⲉⲥⲉⲡⲥⲱⲡϥ"/><!-- ⲛ -->
<feat xlink:href="#word_1712" value="ϫⲉⲕⲁⲁⲥ"/><!-- ϫⲉⲕⲁⲁⲥ -->
<feat xlink:href="#word_1713" value="ⲉⲩⲉϫⲱϩ"/><!-- ⲉⲩⲉ -->
<feat xlink:href="#word_1715" value="ⲉⲡⲧⲟⲡ"/><!-- ⲉ -->
<feat xlink:href="#word_1718" value="ⲛⲧⲉϥϣⲧⲏⲛ"/><!-- ⲛ -->
<feat xlink:href="#word_1721" value="ⲁⲩⲱ"/><!-- ⲁⲩⲱ -->
<feat xlink:href="#word_1722" value="ⲛⲉϣⲁⲩϫⲱϩ"/><!-- ⲛⲉ -->
<feat xlink:href="#word_1726" value="ⲉⲣⲟϥ"/><!-- ⲉⲣⲟ -->
<feat xlink:href="#word_1728" value="ϣⲁⲩⲗⲟ"/><!-- ϣⲁ -->
<feat xlink:href="#word_1731" value="."/><!-- . -->
</featList>
</paula>
