<?xml version="1.0" encoding="UTF-8" standalone="no"?>

<!DOCTYPE paula SYSTEM "paula_feat.dtd">
<paula version="1.0">

<header paula_id="Mark_6_source_lang"/>

<featList xmlns:xlink="http://www.w3.org/1999/xlink" type="source_lang" xml:base="Mark_6.source_langSeg.xml">
<feat xlink:href="#source_lang_4" value="Greek"/><!-- ⲇⲉ -->
<feat xlink:href="#source_lang_17" value="Greek"/><!-- ⲡⲟⲗⲓⲥ -->
<feat xlink:href="#source_lang_28" value="Greek"/><!-- ⲙⲁⲑⲏⲧⲏⲥ -->
<feat xlink:href="#source_lang_31" value="Hebrew"/><!-- ⲥⲁⲃⲃⲁⲧⲟⲛ -->
<feat xlink:href="#source_lang_32" value="Greek"/><!-- ⲇⲉ -->
<feat xlink:href="#source_lang_36" value="Greek"/><!-- ⲁⲣⲭⲉⲥⲑⲁⲓ -->
<feat xlink:href="#source_lang_42" value="Greek"/><!-- ⲥⲩⲛⲁⲅⲱⲅⲏ -->
<feat xlink:href="#source_lang_66" value="Greek"/><!-- ⲟⲩⲧⲉ -->
<feat xlink:href="#source_lang_68" value="Greek"/><!-- ⲥⲟⲫⲓⲁ -->
<feat xlink:href="#source_lang_99" value="Hebrew"/><!-- ⲙⲁⲣⲓⲁ -->
<feat xlink:href="#source_lang_105" value="Hebrew"/><!-- ⲓⲁⲕⲱⲃⲟⲥ -->
<feat xlink:href="#source_lang_107" value="Hebrew"/><!-- ⲓⲱⲥⲏ -->
<feat xlink:href="#source_lang_109" value="Hebrew"/><!-- ⲓⲟⲩⲇⲁ -->
<feat xlink:href="#source_lang_111" value="Hebrew"/><!-- ⲥⲓⲙⲱⲛ -->
<feat xlink:href="#source_lang_127" value="Greek"/><!-- ⲥⲕⲁⲛⲇⲁⲗⲓⲍⲉ -->
<feat xlink:href="#source_lang_133" value="Hebrew"/><!-- ⲓⲏⲥⲟⲩⲥ -->
<feat xlink:href="#source_lang_134" value="Greek"/><!-- ⲇⲉ -->
<feat xlink:href="#source_lang_140" value="Greek"/><!-- ⲡⲣⲟⲫⲏⲧⲏⲥ -->
<feat xlink:href="#source_lang_144" value="Greek"/><!-- ⲙⲏⲧⲓ -->
<feat xlink:href="#source_lang_147" value="Greek"/><!-- ⲡⲟⲗⲓⲥ -->
<feat xlink:href="#source_lang_151" value="Greek"/><!-- ⲥⲩⲅⲅⲉⲛⲏⲥ -->
<feat xlink:href="#source_lang_160" value="Greek"/><!-- ⲇⲉ -->
<feat xlink:href="#source_lang_195" value="Greek"/><!-- ⲇⲉ -->
<feat xlink:href="#source_lang_212" value="Greek"/><!-- ⲁⲣⲭⲉⲥⲑⲁⲓ -->
<feat xlink:href="#source_lang_225" value="Greek"/><!-- ⲉⲝⲟⲩⲥⲓⲁ -->
<feat xlink:href="#source_lang_229" value="Greek"/><!-- ⲡⲛⲉⲩⲙⲁ -->
<feat xlink:href="#source_lang_231" value="Greek"/><!-- ⲁⲕⲁⲑⲁⲣⲧⲟⲛ -->
<feat xlink:href="#source_lang_235" value="Greek"/><!-- ⲇⲉ -->
<feat xlink:href="#source_lang_254" value="Greek"/><!-- ⲟⲩⲇⲉ -->
<feat xlink:href="#source_lang_256" value="Greek"/><!-- ⲟⲩⲇⲉ -->
<feat xlink:href="#source_lang_257" value="Greek"/><!-- ⲡⲏⲣⲁ -->
<feat xlink:href="#source_lang_258" value="Greek"/><!-- ⲟⲩⲇⲉ -->
<feat xlink:href="#source_lang_263" value="Greek"/><!-- ⲁⲗⲗⲁ -->
<feat xlink:href="#source_lang_266" value="Greek"/><!-- ⲥⲁⲛⲇⲁⲗⲓⲟⲛ -->
<feat xlink:href="#source_lang_271" value="Greek"/><!-- ⲟⲩⲇⲉ -->
<feat xlink:href="#source_lang_322" value="Greek"/><!-- ⲟⲩⲇⲉ -->
<feat xlink:href="#source_lang_364" value="Greek"/><!-- ⲕⲏⲣⲩⲥⲥⲉ -->
<feat xlink:href="#source_lang_367" value="Greek"/><!-- ⲙⲉⲧⲁⲛⲟⲉⲓ -->
<feat xlink:href="#source_lang_371" value="Greek"/><!-- ⲇⲁⲓⲙⲱⲛⲓⲟⲛ -->
<feat xlink:href="#source_lang_399" value="Greek"/><!-- ϩⲏⲣⲱⲇⲏⲥ -->
<feat xlink:href="#source_lang_405" value="Greek"/><!-- ⲅⲁⲣ -->
<feat xlink:href="#source_lang_415" value="Hebrew"/><!-- ⲓⲱϩⲁⲛⲛⲏⲥ -->
<feat xlink:href="#source_lang_419" value="Greek"/><!-- ⲃⲁⲡⲧⲓⲥⲙⲁ -->
<feat xlink:href="#source_lang_432" value="Greek"/><!-- ⲉⲛⲉⲣⲅⲓ -->
<feat xlink:href="#source_lang_438" value="Greek"/><!-- ⲇⲉ -->
<feat xlink:href="#source_lang_445" value="Hebrew"/><!-- ϩⲏⲗⲉⲓⲁⲥ -->
<feat xlink:href="#source_lang_449" value="Greek"/><!-- ⲇⲉ -->
<feat xlink:href="#source_lang_452" value="Greek"/><!-- ⲡⲣⲟⲫⲏⲧⲏⲥ -->
<feat xlink:href="#source_lang_461" value="Greek"/><!-- ⲡⲣⲟⲫⲏⲧⲏⲥ -->
<feat xlink:href="#source_lang_465" value="Greek"/><!-- ⲇⲉ -->
<feat xlink:href="#source_lang_467" value="Greek"/><!-- ϩⲏⲣⲱⲇⲏⲥ -->
<feat xlink:href="#source_lang_471" value="Hebrew"/><!-- ⲓⲱϩⲁⲛⲛⲏⲥ -->
<feat xlink:href="#source_lang_486" value="Greek"/><!-- ϩⲏⲣⲱⲇⲏⲥ -->
<feat xlink:href="#source_lang_487" value="Greek"/><!-- ⲅⲁⲣ -->
<feat xlink:href="#source_lang_495" value="Hebrew"/><!-- ⲓⲱϩⲁⲛⲛⲏⲥ -->
<feat xlink:href="#source_lang_509" value="Greek"/><!-- ϩⲏⲣⲱⲇⲓⲁⲥ -->
<feat xlink:href="#source_lang_513" value="Greek"/><!-- ⲫⲓⲗⲓⲡⲡⲟⲥ -->
<feat xlink:href="#source_lang_523" value="Hebrew"/><!-- ⲓⲱϩⲁⲛⲛⲏⲥ -->
<feat xlink:href="#source_lang_524" value="Greek"/><!-- ⲅⲁⲣ -->
<feat xlink:href="#source_lang_531" value="Greek"/><!-- ϩⲏⲣⲱⲇⲏⲥ -->
<feat xlink:href="#source_lang_533" value="Greek"/><!-- ⲟⲩⲕ -->
<feat xlink:href="#source_lang_534" value="Greek"/><!-- ⲉⲝⲉⲥⲧⲓ -->
<feat xlink:href="#source_lang_546" value="Greek"/><!-- ϩⲏⲣⲱⲇⲓⲁⲥ -->
<feat xlink:href="#source_lang_547" value="Greek"/><!-- ⲇⲉ -->
<feat xlink:href="#source_lang_564" value="Greek"/><!-- ⲇⲉ -->
<feat xlink:href="#source_lang_567" value="Greek"/><!-- ⲅⲁⲣ -->
<feat xlink:href="#source_lang_576" value="Hebrew"/><!-- ⲓⲱϩⲁⲛⲛⲏⲥ -->
<feat xlink:href="#source_lang_586" value="Greek"/><!-- ⲇⲓⲕⲁⲓⲟⲥ -->
<feat xlink:href="#source_lang_600" value="Greek"/><!-- ⲇⲉ -->
<feat xlink:href="#source_lang_618" value="Greek"/><!-- ⲡⲓⲑⲉ -->
<feat xlink:href="#source_lang_623" value="Greek"/><!-- ⲇⲉ -->
<feat xlink:href="#source_lang_629" value="Greek"/><!-- ϩⲏⲣⲱⲇⲏⲥ -->
<feat xlink:href="#source_lang_636" value="Greek"/><!-- ⲇⲓⲡⲛⲟⲛ -->
<feat xlink:href="#source_lang_639" value="Greek"/><!-- ⲙⲉⲅⲓⲥⲧⲁⲛⲟⲥ -->
<feat xlink:href="#source_lang_643" value="Greek"/><!-- ⲭⲓⲗⲓⲁⲣⲭⲟⲥ -->
<feat xlink:href="#source_lang_649" value="Hebrew"/><!-- ⲅⲁⲗⲓⲗⲁⲓⲁ -->
<feat xlink:href="#source_lang_659" value="Greek"/><!-- ϩⲏⲣⲱⲇⲓⲁⲥ -->
<feat xlink:href="#source_lang_668" value="Greek"/><!-- ϩⲏⲣⲱⲇⲏⲥ -->
<feat xlink:href="#source_lang_676" value="Greek"/><!-- ⲇⲉ -->
<feat xlink:href="#source_lang_686" value="Greek"/><!-- ⲁⲓⲧⲓ -->
<feat xlink:href="#source_lang_705" value="Greek"/><!-- ϩⲟⲙⲟⲗⲟⲅⲉⲓ -->
<feat xlink:href="#source_lang_711" value="Greek"/><!-- ⲁⲓⲧⲓ -->
<feat xlink:href="#source_lang_732" value="Greek"/><!-- ⲇⲉ -->
<feat xlink:href="#source_lang_743" value="Greek"/><!-- ⲁⲓⲧⲓ -->
<feat xlink:href="#source_lang_748" value="Greek"/><!-- ⲇⲉ -->
<feat xlink:href="#source_lang_752" value="Greek"/><!-- ⲉⲧⲓ -->
<feat xlink:href="#source_lang_757" value="Hebrew"/><!-- ⲓⲱϩⲁⲛⲛⲏⲥ -->
<feat xlink:href="#source_lang_759" value="Greek"/><!-- ⲃⲁⲡⲧⲓⲥⲧⲏⲥ -->
<feat xlink:href="#source_lang_773" value="Greek"/><!-- ⲁⲓⲧⲓ -->
<feat xlink:href="#source_lang_792" value="Greek"/><!-- ⲡⲓⲛⲁⲝ -->
<feat xlink:href="#source_lang_797" value="Hebrew"/><!-- ⲓⲱϩⲁⲛⲛⲏⲥ -->
<feat xlink:href="#source_lang_799" value="Greek"/><!-- ⲃⲁⲡⲧⲓⲥⲧⲏⲥ -->
<feat xlink:href="#source_lang_839" value="Greek"/><!-- ⲥⲡⲉⲕⲟⲩⲗⲁⲧⲱⲣ -->
<feat xlink:href="#source_lang_856" value="Greek"/><!-- ⲇⲉ -->
<feat xlink:href="#source_lang_872" value="Greek"/><!-- ⲡⲓⲛⲁⲝ -->
<feat xlink:href="#source_lang_884" value="Greek"/><!-- ⲇⲉ -->
<feat xlink:href="#source_lang_899" value="Greek"/><!-- ⲙⲁⲑⲏⲧⲏⲥ -->
<feat xlink:href="#source_lang_908" value="Greek"/><!-- ⲥⲱⲙⲁ -->
<feat xlink:href="#source_lang_918" value="Greek"/><!-- ⲁⲡⲟⲥⲧⲟⲗⲟⲥ -->
<feat xlink:href="#source_lang_919" value="Greek"/><!-- ⲇⲉ -->
<feat xlink:href="#source_lang_924" value="Hebrew"/><!-- ⲓⲏⲥⲟⲩⲥ -->
<feat xlink:href="#source_lang_953" value="Hebrew"/><!-- ⲓⲏⲥⲟⲩⲥ -->
<feat xlink:href="#source_lang_954" value="Greek"/><!-- ⲇⲉ -->
<feat xlink:href="#source_lang_979" value="Greek"/><!-- ⲅⲁⲣ -->
<feat xlink:href="#source_lang_1016" value="Greek"/><!-- ⲇⲉ -->
<feat xlink:href="#source_lang_1034" value="Greek"/><!-- ⲡⲟⲗⲓⲥ -->
<feat xlink:href="#source_lang_1046" value="Greek"/><!-- ⲇⲉ -->
<feat xlink:href="#source_lang_1093" value="Greek"/><!-- ⲁⲣⲭⲓ -->
<feat xlink:href="#source_lang_1102" value="Greek"/><!-- ⲇⲉ -->
<feat xlink:href="#source_lang_1106" value="Greek"/><!-- ⲙⲁⲑⲏⲧⲏⲥ -->
<feat xlink:href="#source_lang_1167" value="Greek"/><!-- ⲇⲉ -->
<feat xlink:href="#source_lang_1215" value="Greek"/><!-- ⲇⲉ -->
<feat xlink:href="#source_lang_1267" value="Greek"/><!-- ⲭⲟⲣⲧⲟⲥ -->
<feat xlink:href="#source_lang_1292" value="Greek"/><!-- ⲇⲉ -->
<feat xlink:href="#source_lang_1327" value="Greek"/><!-- ⲙⲁⲑⲏⲧⲏⲥ -->
<feat xlink:href="#source_lang_1382" value="Greek"/><!-- ⲇⲉ -->
<feat xlink:href="#source_lang_1398" value="Greek"/><!-- ⲁⲛⲁⲅⲕⲁⲍⲉ -->
<feat xlink:href="#source_lang_1401" value="Greek"/><!-- ⲙⲁⲑⲏⲧⲏⲥ -->
<feat xlink:href="#source_lang_1416" value="Aramaic"/><!-- ⲃⲏⲑⲥⲁⲓⲇⲁ -->
<feat xlink:href="#source_lang_1427" value="Greek"/><!-- ⲁⲡⲟⲥⲧⲁⲥⲥⲉ -->
<feat xlink:href="#source_lang_1442" value="Greek"/><!-- ⲇⲉ -->
<feat xlink:href="#source_lang_1452" value="Greek"/><!-- ⲁⲗⲁⲥⲥⲁ -->
<feat xlink:href="#source_lang_1467" value="Greek"/><!-- ⲇⲉ -->
<feat xlink:href="#source_lang_1480" value="Greek"/><!-- ⲅⲁⲣ -->
<feat xlink:href="#source_lang_1510" value="Greek"/><!-- ⲡⲁⲣⲁⲅⲉ -->
<feat xlink:href="#source_lang_1515" value="Greek"/><!-- ⲛⲇⲉ -->
<feat xlink:href="#source_lang_1533" value="Greek"/><!-- ⲫⲁⲛⲧⲁⲥⲙⲁ -->
<feat xlink:href="#source_lang_1546" value="Greek"/><!-- ⲅⲁⲣ -->
<feat xlink:href="#source_lang_1556" value="Greek"/><!-- ⲇⲉ -->
<feat xlink:href="#source_lang_1595" value="Greek"/><!-- ⲇⲉ -->
<feat xlink:href="#source_lang_1599" value="Greek"/><!-- ⲛⲟⲉⲓ -->
<feat xlink:href="#source_lang_1600" value="Greek"/><!-- ⲅⲁⲣ -->
<feat xlink:href="#source_lang_1605" value="Greek"/><!-- ⲁⲗⲗⲁ -->
<feat xlink:href="#source_lang_1613" value="Greek"/><!-- ⲇⲉ -->
<feat xlink:href="#source_lang_1621" value="Hebrew"/><!-- ⲅⲉⲛⲛⲏⲥⲁⲣⲉⲧ -->
<feat xlink:href="#source_lang_1625" value="Greek"/><!-- ⲇⲉ -->
<feat xlink:href="#source_lang_1643" value="Greek"/><!-- ⲭⲱⲣⲁ -->
<feat xlink:href="#source_lang_1652" value="Greek"/><!-- ⲁⲣⲭⲉⲓ -->
<feat xlink:href="#source_lang_1692" value="Greek"/><!-- ⲏ -->
<feat xlink:href="#source_lang_1694" value="Greek"/><!-- ⲡⲟⲗⲓⲥ -->
<feat xlink:href="#source_lang_1695" value="Greek"/><!-- ⲏ -->
<feat xlink:href="#source_lang_1707" value="Greek"/><!-- ⲁⲅⲟⲣⲁ -->
</featList>
</paula>
